"conversation_id_str","created_at","favorite_count","full_text","id_str","image_url","in_reply_to_screen_name","lang","location","quote_count","reply_count","retweet_count","tweet_url","user_id_str","username"
"1885111514748903689","Thu Jan 30 23:51:51 +0000 2025","0","@konstelaasi Kak @konstelaasi maafin ya buat kendala Indihome lemot boleh infoin nomor inet dan atas nama pemilik ke DM biar Dita bantu cek. Makasih :) -Dita","1885113729353998811","","konstelaasi","in","","0","0","0","https://x.com/undefined/status/1885113729353998811","765035200896118789",
"1885103364368982108","Thu Jan 30 23:47:33 +0000 2025","0","@Hrshsbllh @Aspar_Hasyim Kak @Hrshsbllh maaf atas koneksinya ya. Kalo LOS pastikan dulu kabel patch cord (hitam/ kuning dengan ujung kabel berwarna biru) terpasang dgn benar. Bila belum bisa yuk infoin no IndiHome dan atas nama ke DM biar dibantu cek ya. -Caris","1885112647483605293","","Hrshsbllh","in","","0","2","0","https://x.com/undefined/status/1885112647483605293","765035200896118789",
"1885103364368982108","Thu Jan 30 23:30:59 +0000 2025","0","@Aspar_Hasyim Pagi juga Kak @Aspar_Hasyim maafin ya buat keluhan koneksi internet Indihome dan Telkomsel nya yuk infoin dulu nomor HP lokasi detail (kel kec) nomor lain yg berkendala sama jika ada nomor internet dan atas nama pemilik ke DM biar Dita bantu cek dan aman datanya :) -Dita","1885108477812785197","","Aspar_Hasyim","in","","0","1","0","https://x.com/undefined/status/1885108477812785197","765035200896118789",
"1885105406860767419","Thu Jan 30 23:18:47 +0000 2025","0","Telkomsel Beri Penawaran Spesial bagi Pelanggan yang Registrasi IndiHome Paket JITU 1 https://t.co/42ve49gg9V","1885105406860767419","","","in","","0","0","0","https://x.com/undefined/status/1885105406860767419","1388567274",
"1885103364368982108","Thu Jan 30 23:10:40 +0000 2025","0","@IndiHomeCare Selamat pgi min. Cuma ingin tau informasi ada apa dgn Indihome dan Telkomsel khususnya di daerah kabupaten Melawi Kalimantan Barat sudah hampir 24 jam ini terjadi gangguan parah.","1885103364368982108","","IndiHomeCare","in","","0","2","0","https://x.com/undefined/status/1885103364368982108","84520529",
"1884536865539436669","Thu Jan 30 22:37:19 +0000 2025","0","@tanyarlfes @Telkomsel panas terik aja sinyal ilang. Make Indihome buat main game aja jaringan jumping dahal yg make wifi 2 org saja. Wkwkw","1885094973823214058","","tanyarlfes","in","","0","1","0","https://x.com/undefined/status/1885094973823214058","1599624728448495617",
"1884828189803053113","Thu Jan 30 22:03:00 +0000 2025","0","@zuk_zak13 Wahhh Kakak pake IndiHome ya di rumah? -Abdul","1885086337436705277","","zuk_zak13","in","","0","2","0","https://x.com/undefined/status/1885086337436705277","765035200896118789",
"1882677712093106266","Thu Jan 30 21:27:32 +0000 2025","0","@blok532 @arfadh_kusuma @blok532 Maaf ya pastikan kabel patch cord (hitam atau kuning dengan ujung kabel berwarna biru) terpasang dengan benar. Bila masih belum bisa silakan infoin nomor IndiHome dan atas nama ke DM biar dibantu cek kendala akses internet nya -Dero","1885077412410728794","","blok532","in","","0","0","0","https://x.com/undefined/status/1885077412410728794","765035200896118789",
"1885059293822718316","Thu Jan 30 20:18:34 +0000 2025","0","@softenmilk @softenmilk Maafin ya Kak Audi atas ketidaknyamanan yang dialami perihal kendala akses internet IndiHome lambat coba infoin dulu yuk ke DM nomor IndiHome sama atas nama biar dibantu cek serta privasi data tetap terjaga. Makasih :) -Zyad","1885060053159522726","","wonbinfst","in","","0","1","0","https://x.com/undefined/status/1885060053159522726","765035200896118789",
"1884828189803053113","Thu Jan 30 19:42:25 +0000 2025","0","@1slamic_Diaries Aku lebih percaya indihome hehehe","1885050958000119978","","1slamic_Diaries","in","","0","1","0","https://x.com/undefined/status/1885050958000119978","1832812594325082113",
"1884958606241734847","Thu Jan 30 19:29:19 +0000 2025","0","@nounouww Maaf ya bikin gak nyaman :( Biar dibantu pengecekan lebih lanjut coba infoin nomor IndiHome dan atas nama lengkapnya ke DM sehinga rahasia data lebihh terjaga. Makasih :) -Dero","1885047661369450880","","nocicinjun","in","","0","0","0","https://x.com/undefined/status/1885047661369450880","765035200896118789",
"1884959040427753589","Thu Jan 30 19:14:45 +0000 2025","0","@deeotherme_ Maaf ya pastikan kabel patch cord (hitam atau kuning dengan ujung kabel berwarna biru) terpasang dengan benar. Bila masih belum bisa silakan infoin nomor IndiHome dan atas nama ke DM biar dibantu cek kendala akses internet nya -Dero","1885043993287008723","","deeotherme_","in","","0","0","0","https://x.com/undefined/status/1885043993287008723","765035200896118789",
"1884632103423521111","Thu Jan 30 19:09:07 +0000 2025","0","@scoorpioking Mohon maaf bikin gak nyaman :( Biar dibantu lebih lanjut coba infoin ke DM nomor IndiHome dan atas nama lengkapnya sehingga rahasia data lebih terjaga. Makasih :) -Dero","1885042576119759258","","scoorpioking","in","","0","0","0","https://x.com/undefined/status/1885042576119759258","765035200896118789",
"1884689184688136481","Thu Jan 30 18:50:16 +0000 2025","0","@boykewenno3 Wkwk Indihome 4mbps mending buat buka Facebook aja ga si","1885037834849157620","","boykewenno3","in","","0","1","0","https://x.com/undefined/status/1885037834849157620","626912199",
"1885017073010798739","Thu Jan 30 18:44:47 +0000 2025","0","@chitatorebus @chitatorebus Mengenai kendala akses internet IndiHome lambat Zyad minta maaf ya Kak Sil. Coba infoin dulu yuk ke DM nomor IndiHome sama atas nama biar dibantu cek serta privasi data tetap terjaga. Makasih :) -Zyad","1885036455728472235","","chitatorebus","in","","0","0","0","https://x.com/undefined/status/1885036455728472235","765035200896118789",
"1763786812542394560","Thu Jan 30 18:12:52 +0000 2025","0","@loyeaaxhj @hatrednuow @IndiHome Kak. Mohon maaf atas ketidaknyamanannya. Neira cek sebelumnya sudah ada DM dari Kakak berkenan konfirmasi kembali ya Neira akan bantu cek progres pelaporannya. Terima kasih. -Neira","1885028421358805324","","loyeaaxhj","in","","0","0","0","https://x.com/undefined/status/1885028421358805324","765035200896118789",
"1884952551210275102","Thu Jan 30 17:50:23 +0000 2025","0","@bitawinaa Maaf Kak Bita aktivitasnya jadi terganggu. Sebelumnya sudah konfirmasi melalui channel mana nih Kak? Karena Neira cek belum ada interaksi Kakak di DM boleh infokan dulu nomor IndiHome/ Tiket laporannya ke DM untuk dibantu cek update hasil laporan terakhirnya yaa. Makasih -Neira","1885022761871171911","","bitawinaa","in","","0","0","0","https://x.com/undefined/status/1885022761871171911","765035200896118789",
"1884935576752922893","Thu Jan 30 17:48:27 +0000 2025","0","@Anarcho_merah @IndiHome Jika diperlukan akan dilakukan kunjungan teknisi ke lokasi diupayakan solved segera :) Terima kasih. -Neira","1885022275235438667","","IndiHomeCare","in","","0","0","0","https://x.com/undefined/status/1885022275235438667","765035200896118789",
"1884935576752922893","Thu Jan 30 17:48:06 +0000 2025","0","@Anarcho_merah @IndiHome Kak Zulkarnain. Mohon maaf atas ketidaknyamanannya. Neira cek kendalanya sudah dibantu pelaporan dan penanganan sedang dilakukan berikut dengan perbaikannya melalui sisi sentral jaringan -Neira","1885022189449339136","","Anarcho_merah","in","","0","1","0","https://x.com/undefined/status/1885022189449339136","765035200896118789",
"1884957342049169866","Thu Jan 30 17:41:45 +0000 2025","0","@binnhua Duhh. Maafin ya Kak Daffo. Sini infoin yuk nomor IndiHome dan atas namanya melalui DM Neira akan bantu perbaiki kendalanya supaya IndiHome Kakak ngebut lagi. Dituggu yaa -Neira","1885020589091676338","","h1keyseoi","in","","0","0","0","https://x.com/undefined/status/1885020589091676338","765035200896118789",
"1885017073010798739","Thu Jan 30 17:27:46 +0000 2025","0","wifi goblok diantemi ae indihome iki","1885017073010798739","","","in","","0","2","0","https://x.com/undefined/status/1885017073010798739","1216293610586394625",
"1884985991515226123","Thu Jan 30 17:24:05 +0000 2025","0","@maslycaon @maslycaon Maaf ya Kak Jae :( Boleh konfirmasi ke DM biar dibantu follow up coba infoin nomor IndiHome dan atas nama lengkapnya yaa. Makasih :) -Dero","1885016142928019943","","maslycaon","in","","0","0","0","https://x.com/undefined/status/1885016142928019943","765035200896118789",
"1885012749648093247","Thu Jan 30 17:14:23 +0000 2025","0","@kepinikan @kepinikan Duuuh maaf ya kalau akses internetnya berkendala coba infoin nomer IndiHome sama nama pemilik ke DM ya -Jovan","1885013703944442056","","kepinikan","in","","0","0","0","https://x.com/undefined/status/1885013703944442056","765035200896118789",
"1885002663680692572","Thu Jan 30 17:11:54 +0000 2025","0","@seleenoophille @seleenoophille Bisa dong Kak. Kalau ada kendala IndiHome langsung konfirmasinya -Jovan","1885013079727235134","","seleenoophille","in","","0","0","0","https://x.com/undefined/status/1885013079727235134","765035200896118789",
"1885013056637513968","Thu Jan 30 17:11:49 +0000 2025","0","Karena wifi Indihome khusus karyawan sebentar lagi dicabut kita upgrade geyz ke Indibiz semoga makin kenceng hehe https://t.co/HnUJQXDgCm","1885013056637513968","https://pbs.twimg.com/media/GijpVm5bYAAyXkC.jpg","","in","","0","0","0","https://x.com/undefined/status/1885013056637513968","1019228366522609664",
"1885009206102868367","Thu Jan 30 16:56:31 +0000 2025","0","Teu telkomsel teu indihome mun hujan kos tai jaringan na","1885009206102868367","","","in","","0","1","0","https://x.com/undefined/status/1885009206102868367","1298647637260820480",
"1885007102135201868","Thu Jan 30 16:48:09 +0000 2025","0","indihome pas hujan suka ngelag https://t.co/wnq0igz1Ok","1885007102135201868","https://pbs.twimg.com/media/Gijj9zcasAAMLTl.jpg","","in","","0","0","0","https://x.com/undefined/status/1885007102135201868","1446098770647654401",
"1884641853917818960","Thu Jan 30 16:46:24 +0000 2025","0","@bijiwijenuo Kak Zara. Mohon maaf ya. Sini infoin yuk nomor IndiHome dan atas namanya melalui DM. Supaya Neira bantu cek lebih lanjut dan optimalkan kembali jaringannya. Ditunggu yaa -Neira","1885006663037698469","","bijiwijenuo","in","","0","1","0","https://x.com/undefined/status/1885006663037698469","765035200896118789",
"1885002663680692572","Thu Jan 30 16:34:27 +0000 2025","0","@seleenoophille @seleenoophille Mengenai pasang baru IndiHome untuk pembayarannya dilakukan pada N+1 atau bulan depan ya Kak (dikenakan secara pro rata). Makasih :) -Zyad","1885003655562285470","","seleenoophille","in","","0","1","0","https://x.com/undefined/status/1885003655562285470","765035200896118789",
"1885003115365330946","Thu Jan 30 16:32:19 +0000 2025","0","Udahlah indihome bikin gw emosi hp gw juga makin2 dah","1885003115365330946","","","in","","0","1","0","https://x.com/undefined/status/1885003115365330946","1233413065917386752",
"1885000885748879413","Thu Jan 30 16:28:07 +0000 2025","0","@1stGwyn @1stGwyn Maaf ya Kak Gwyn :( Coba konfirmasi ke DM nomor IndiHome dan atas nama lengkapnya biar dibantu follow up dan rahasia data lebih terjaga. Makasih :) -Dero","1885002059302482362","","1stGwyn","in","","0","0","0","https://x.com/undefined/status/1885002059302482362","765035200896118789",
"1885001985633792040","Thu Jan 30 16:27:49 +0000 2025","0","@IndiHomeCare gilak emang indihome akhir2 ini lemot nya gak ketulungan","1885001985633792040","","IndiHomeCare","in","","0","1","0","https://x.com/undefined/status/1885001985633792040","551775062",
"1884579057230360668","Thu Jan 30 16:19:54 +0000 2025","0","@sherlyzeb @sherlyzeb Maaf yaah Kak Sherlyze. DM in ID akun IndiHome sama nama lengkap pemilik biar dibantu penanganan lebih lanjut. Sehat selalu :) -Rasya","1884999994442424719","","sherlyzeb","in","","0","0","0","https://x.com/undefined/status/1884999994442424719","765035200896118789",
"1884994352872878268","Thu Jan 30 16:18:07 +0000 2025","0","@IndiHomeCare besokk gw mau pindah provider busuk indihome","1884999543672148339","","IndiHomeCare","in","","0","1","0","https://x.com/undefined/status/1884999543672148339","1402901856595050496",
"1884991535982182823","Thu Jan 30 16:14:21 +0000 2025","0","@miragazing Hi Kakkk. Ada apanih? Yuk infoin detailnya jika ada pertanyaan seputar layanan IndiHome. -Draken","1884998597340770455","","miragazing","in","","0","0","0","https://x.com/undefined/status/1884998597340770455","765035200896118789",
"1884996841194070211","Thu Jan 30 16:07:23 +0000 2025","0","Indihome ini kenapa ya padahal dah dibayar @IndiHomeCare https://t.co/EvDXSOW138","1884996841194070211","https://pbs.twimg.com/media/GijamIMaAAAmRHR.jpg","","in","","0","1","0","https://x.com/undefined/status/1884996841194070211","1495238679903694848",
"1884995778013446196","Thu Jan 30 16:07:13 +0000 2025","0","@hansyy_win @IndiHome @hansyy_win Perihal kendala gak bisa terhubung ke jaringan IndiHome saat ini udah ada konfirmasi dari Kakak di DM. Ditunggu ya balesan rekan Zyad selanjutnya. Makasih :) -Zyad","1884996802191225197","","hansyy_win","in","","0","0","0","https://x.com/undefined/status/1884996802191225197","765035200896118789",
"1884995778013446196","Thu Jan 30 16:03:09 +0000 2025","0","Indihome asu dr tadi gabisa connect ea servers. Sekarang malah gabisa akses internet sama sekali. @IndiHomeCare @IndiHome tolong lah udah di-dm setidaknya kasih kejelasan jgn dianggurin woi","1884995778013446196","","","in","","0","2","0","https://x.com/undefined/status/1884995778013446196","897417551751163904",
"1882974720272035856","Thu Jan 30 16:00:55 +0000 2025","0","@Lovely_Panda17 @IndiHome @IndiHomeCare Sama 4 harian lah","1884995214848462900","","Lovely_Panda17","in","","0","0","0","https://x.com/undefined/status/1884995214848462900","1653468552",
"1884994352872878268","Thu Jan 30 15:57:29 +0000 2025","6","indihome nih kek taek bayar mahal mahal jaringan eror mulu kek kontoll","1884994352872878268","","","in","","0","4","0","https://x.com/undefined/status/1884994352872878268","1402901856595050496",
"1884992278378455409","Thu Jan 30 15:49:15 +0000 2025","0","kalo dm indihome jam segini dibales ga ya.. ((pake nanya))","1884992278378455409","","","in","","0","1","0","https://x.com/undefined/status/1884992278378455409","1781970364861706240",
"1884960063087153483","Thu Jan 30 15:46:33 +0000 2025","0","@FreemanPunks @FreemanPunks Maaf udah bikin gak nyaman :( Biar dibantu refresh coba infoin nomor Halo nomor IndiHome dan atas nama lengkapnya ke DM biar dibantu lebih lanjut sama rahasia data lebih terjaga. Makasih :) -Dero","1884991600436412764","","FreemanPunks","in","","0","1","0","https://x.com/undefined/status/1884991600436412764","765035200896118789",
"1884967068870778913","Thu Jan 30 15:40:11 +0000 2025","0","@erizska @erizska Maapin Kak Eriska :( Coba konfirmasi ke DM nomor IndiHome dan atas nama lengkapnya biar dibantu follow up dan rahasia data lebih terjaga. Makasih :) -Dero","1884989998115815795","","erizska","in","","0","0","0","https://x.com/undefined/status/1884989998115815795","765035200896118789",
"1884989525564567762","Thu Jan 30 15:38:18 +0000 2025","0","@IndiHomeCare Masa Teknisi Indihome mau dtg ke rmh sy mlm ini jm 22.25? Ini rekaman tlp nya https://t.co/UcsDIYV2YI","1884989525564567762","https://pbs.twimg.com/ext_tw_video_thumb/1884989486595178496/pu/img/GUxHzZG5wR03Jd3l.jpg","IndiHomeCare","in","","0","1","0","https://x.com/undefined/status/1884989525564567762","825797792811540480",
"1884960063087153483","Thu Jan 30 15:32:59 +0000 2025","0","@IndiHomeCare Masa kombinasi Telkomsel halo ( saya susah oake sejak 2009 ) dan tambahan indihome saja gak kuat buat main game mobile legend ping besar dan ikut space twitter saja suka lagging","1884988185627025796","","IndiHomeCare","in","","0","1","0","https://x.com/undefined/status/1884988185627025796","1551830526021222400",
"1884987541688090673","Thu Jan 30 15:30:25 +0000 2025","0","indihome ngapa sikk jelek bgt","1884987541688090673","","","in","","0","2","0","https://x.com/undefined/status/1884987541688090673","1309454395822669824",
"1884985979762876577","Thu Jan 30 15:30:12 +0000 2025","0","@stauy INDIHOME t___t sinyal IndiHome-nya jelek buangeeet ","1884987484288987503","","stauy","in","","0","1","0","https://x.com/undefined/status/1884987484288987503","785554882212147204",
"1884986526662328561","Thu Jan 30 15:29:41 +0000 2025","0","@skynaniy masih Indihome juga cuma ganti apa itu yang putih itu aku gatau","1884987355725181363","","skynaniy","in","","0","2","0","https://x.com/undefined/status/1884987355725181363","1515315781185437700",
"1884986662427734396","Thu Jan 30 15:26:56 +0000 2025","0","Lemot bgt ini indihome","1884986662427734396","","","in","","0","1","0","https://x.com/undefined/status/1884986662427734396","767321974465032192",
"1884985598362198359","Thu Jan 30 15:22:42 +0000 2025","0","Cape banget sama indihome gangguan terus- yg belum pernah pasang wifi dan baru mau pasang plis jgn pake indihome nanti menyesal","1884985598362198359","","","in","","0","1","0","https://x.com/undefined/status/1884985598362198359","2668647414",
"1884985264860532743","Thu Jan 30 15:21:23 +0000 2025","0","Indihome kenapa sih","1884985264860532743","","","in","","0","1","0","https://x.com/undefined/status/1884985264860532743","1509790050170531840",
"1884927037275603014","Thu Jan 30 15:16:18 +0000 2025","0","@punggawa_19 @punggawa_19 Maapin Kak :( Coba konfirmasi ke DM nomor IndiHome dan atas nama lengkapnya biar dibantu follow up dan rahasia data lebih terjaga. Makasih :) -Dero","1884983988454146480","","punggawa_19","in","","0","0","0","https://x.com/undefined/status/1884983988454146480","765035200896118789",
"1884980420183540053","Thu Jan 30 15:14:32 +0000 2025","0","@MythTrails Kakk promosikan Indihome terus . Jangan² kakak salesman yaa","1884983541114802372","","MythTrails","in","","0","0","0","https://x.com/undefined/status/1884983541114802372","1832272152667844608",
"1884980931288506552","Thu Jan 30 15:10:14 +0000 2025","0","@sunkicced Itu sudah diganti kak Ling jadi kurir Indihome kak namanya Agus pulaa","1884982461609951291","","sunkicced","in","","0","1","0","https://x.com/undefined/status/1884982461609951291","1832272152667844608",
"1884976701488365668","Thu Jan 30 15:09:37 +0000 2025","0","@orangbodohnih @Telkomsel @IndiHome Kak Iman. Mohon maaf atas ketidaknyamanannya. Konfirmasi kembali ke DM yuk Neira akan bantu cek dan informasikan progres pelaporannya. Terima kasih -Neira","1884982303673508149","","orangbodohnih","in","","0","0","0","https://x.com/undefined/status/1884982303673508149","765035200896118789",
"1884977766946480361","Thu Jan 30 15:01:00 +0000 2025","0","@xxjaehyungfxx @xxjaehyungfxx Maaf Kak. Pastikan kabel patch cord (hitam atau kuning dengan ujung kabel berwarna biru) terpasang dengan benar. Bila masih belum bisa silakan infoin nomor IndiHome dan atas nama ke DM biar dibantu cek kendala akses internet nya -Dero","1884980135671259506","","xxjaehyungfxx","in","","0","0","0","https://x.com/undefined/status/1884980135671259506","765035200896118789",
"1884979522606702912","Thu Jan 30 14:58:34 +0000 2025","15","Mulai 1 Februari 2025 layanan Call Center IndiHome 147 udah dinonaktifkan sepenuhnya. Jadi mulai sekarang kalau kamu butuh informasi atau bantuan layanan seputar IndiHome bisa langsung hubungi Call Center 188. https://t.co/QKdQ1WTtyU","1884979522606702912","https://pbs.twimg.com/media/GijK4bwbIAAVwei.jpg","","in","","0","90","3","https://x.com/undefined/status/1884979522606702912","255409050",
"1884977766946480361","Thu Jan 30 14:51:35 +0000 2025","0","@IndiHomeCare indihome ada trouble kah?? wifi saya LOS merah","1884977766946480361","","IndiHomeCare","in","","0","1","0","https://x.com/undefined/status/1884977766946480361","1503551511002902531",
"1884972981753114720","Thu Jan 30 14:48:31 +0000 2025","0","@ParaIysl @ParaIysl Maafin Kak Kai jadi gak nyaman nih. Ardhan bantu benerin dulu jaringan IndiHomenya. Yuk infoin nomor IndiHome dan atas nama ke DM biar dibantu cek dan datanyanya terjaga juga. Tks 1-Ardhan","1884976995412611383","","ParaIysl","in","","0","0","0","https://x.com/undefined/status/1884976995412611383","765035200896118789",
"1884973108047880632","Thu Jan 30 14:46:45 +0000 2025","0","@ilhadiwi @IndiHome Baik Kak Ilham Mohon maaf atas ketidaknyamanannya. Nomor layanan Kakak sudah Neira bantu refresh melalui sisi sentral. Mohon berkenan menunggu sampai lampu indikator pada modemnya menyala hijau semua. Kemudian silahkan dikoneksikan kembali secara berkala. Makasih :) -Neira","1884976549855973419","","ilhadiwi","in","","0","0","0","https://x.com/undefined/status/1884976549855973419","765035200896118789",
"1884976314895233456","Thu Jan 30 14:45:49 +0000 2025","1","Jangan banyak lips service @IndiHome keluhan pelangan dari pukul 19.00 WIB td tidak ada tindakan dari tehnisinya. Cc @IndiHomeCare @erickthohir","1884976314895233456","","","in","","0","1","0","https://x.com/undefined/status/1884976314895233456","587395381",
"1884970466676449404","Thu Jan 30 14:38:28 +0000 2025","0","@yeblue23 @IndiHome @yeblue23 Siap Kak. Tunggu konfirmasi selanjutnya via DM yaa. Makasih :) -Dero","1884974467958612222","","yeblue23","in","","0","0","0","https://x.com/undefined/status/1884974467958612222","765035200896118789",
"1884969668307484962","Thu Jan 30 14:38:27 +0000 2025","0","@OzAzWz @OzAzWz Huhu maaf ya kalau akses internetnya berkendala coba deh infoin nomer IndiHome sama nama pemilik ke DM ya -Jovan","1884974461776277742","","OzAzWz","in","","0","0","0","https://x.com/undefined/status/1884974461776277742","765035200896118789",
"1883476543860801719","Thu Jan 30 14:37:38 +0000 2025","0","@AbidRusidi Kak Abid. Mohon maaf atas ketidaknyamanannya. Apakah sudah dipastikan tidak ada anggota keluarga yang mengajukan permintaan migrasi paketnya? Neira bantu pengecekan juga silakan informasikan nomor IndiHome dan atas Namanya melalui DM ya. Neira tunggu. Makasih :) -Neira","1884974258100859145","","AbidRusidi","in","","0","0","0","https://x.com/undefined/status/1884974258100859145","765035200896118789",
"1884947637012676731","Thu Jan 30 14:37:09 +0000 2025","0","@enambelasjuni_ @yeblue23 @IndiHome @enambelasjuni_ Ditunggu ya Kak Ndra. DMnya segera dibales kok. Makasih -Ardhan","1884974136260497442","","enambelasjuni_","in","","0","0","0","https://x.com/undefined/status/1884974136260497442","765035200896118789",
"1884954147960869323","Thu Jan 30 14:35:52 +0000 2025","0","@silverpinkeu @silverpinkeu Maaf :( Boleh coba konfirmasi ke DM nomor IndiHome dan atas nama lengkapnya biar dibantu follow up dan rahasia data lebih terjaga. Makasih :) -Dero","1884973811885576302","","silverpinkeu","in","","0","0","0","https://x.com/undefined/status/1884973811885576302","765035200896118789",
"1884947637012676731","Thu Jan 30 14:34:37 +0000 2025","0","@enambelasjuni_ @IndiHome @enambelasjuni_ Maap Kak Ndra. DM kakaknya Dero bantu colek teman di DM-Nya yaa. Makasih :) -Dero","1884973496872378392","","enambelasjuni_","in","","0","1","0","https://x.com/undefined/status/1884973496872378392","765035200896118789",
"1884973108047880632","Thu Jan 30 14:33:04 +0000 2025","0","@IndiHomeCare @Telkomsel @IndiHome @TelkomIndonesia jaringan saya udah berapa hari ini ping ga stabil nih gimana dah indihome udah di restart juga percuma. Gausah nanya detail nomor indihome saya langsung check dm terus restart dah jaringannya","1884973108047880632","","IndiHomeCare","in","","0","1","0","https://x.com/undefined/status/1884973108047880632","240228806",
"1884967334064148899","Thu Jan 30 14:31:41 +0000 2025","0","@callmebigB207 @callmebigB207 Halo juga Kak Bob. Maaf ya pastikan kabel patch cord (hitam atau kuning dengan ujung kabel berwarna biru) terpasang dengan benar. Bila masih belum bisa silakan infoin nomor IndiHome atas nama &amp; lokasi ke DM biar dibantu cek-Dero","1884972758771376457","","callmebigB207","in","","0","0","0","https://x.com/undefined/status/1884972758771376457","765035200896118789",
"1884967253902537002","Thu Jan 30 14:30:05 +0000 2025","0","@chitoiles @chitoiles Maaaaf banget Kak kalau lemot coba deh infoin nomer IndiHome sama nama pemilik ke DM ya -Jovan","1884972356638302703","","chitoiles","in","","0","1","0","https://x.com/undefined/status/1884972356638302703","765035200896118789",
"1884947637012676731","Thu Jan 30 14:29:38 +0000 2025","0","@yeblue23 @enambelasjuni_ @yeblue23 Maaf banget ya Kak :( Coba infoin ke DM nomor IndiHome dan atas nama lengkapnya biar dibantu pengecekan lebih lanjut dan rahasia data lebih terjaga. Makasih :) -Dero","1884972241685000521","","yeblue23","in","","0","3","0","https://x.com/undefined/status/1884972241685000521","765035200896118789",
"1884960063087153483","Thu Jan 30 14:26:04 +0000 2025","1","@FreemanPunks Huhu kurang optimalnya dari jam berapa Kak? Sini sini Draken bantu cek jaringan IndiHome dan Telkomsel nya -Draken","1884971347153166698","","FreemanPunks","in","","0","1","0","https://x.com/undefined/status/1884971347153166698","765035200896118789",
"1884970466676449404","Thu Jan 30 14:22:34 +0000 2025","0","hallo min tolong cek dm ya @IndiHomeCare @IndiHome","1884970466676449404","","","in","","0","1","0","https://x.com/undefined/status/1884970466676449404","1491782686171545600",
"1884969749647700479","Thu Jan 30 14:19:44 +0000 2025","0","Sumpah Indihome kok wifi lu makin jelek aja sih.","1884969749647700479","","","in","","0","0","0","https://x.com/undefined/status/1884969749647700479","1519283220453285890",
"1884965211129676226","Thu Jan 30 14:17:44 +0000 2025","0","@deisselune Kasian banget wifi sm setara indihome.","1884969248172413159","","deisselune","in","","0","1","0","https://x.com/undefined/status/1884969248172413159","1356398976832917505",
"1884967253902537002","Thu Jan 30 14:09:48 +0000 2025","0","Woi Indihome lemot bgt kenapa @IndiHomeCare","1884967253902537002","","","in","","0","1","0","https://x.com/undefined/status/1884967253902537002","884691075868139520",
"1884967068870778913","Thu Jan 30 14:09:04 +0000 2025","0","indihome ini kenapa ya lemot bgt kaya belom dibayar padahal bayar on time","1884967068870778913","","","in","","0","1","0","https://x.com/undefined/status/1884967068870778913","947982944064249856",
"1884967001317404750","Thu Jan 30 14:08:48 +0000 2025","0","Pak @erickthohir apakah ada kompensasi dari @IndiHome @IndiHomeCare utk customer yg dirugikan secara pelayanan? Terima kasih","1884967001317404750","","","in","","0","0","0","https://x.com/undefined/status/1884967001317404750","587395381",
"1884966953091322150","Thu Jan 30 14:08:37 +0000 2025","1","ANJ WIFI INDIHOME JELEK BANGETTT NGIRIMM BUKTI NGAJI DI PAK WAHYUDI KGK KE KIRIM KIRIM INII SI OMINGG PUNDUNG SETAHUN KE GUA","1884966953091322150","","","in","","1","4","0","https://x.com/undefined/status/1884966953091322150","1871381553408061440",
"1884966915548000315","Thu Jan 30 14:08:28 +0000 2025","1","Masa gak kaget sama yang satu ini? Langganan IndiHome kamu bisa dapat perlindungan untuk satu keluarga dari kebakaran dan kecelakaan. Mau dapetin promo ini? Cuss langsung cek di https://t.co/4P8zzGmkgO sekarang juga! #IndiHomebyTelkomsel #DariRumahTanpaBatas https://t.co/Isl8r5HPB6","1884966915548000315","https://pbs.twimg.com/media/Gii_Z1OawAAS7Ld.jpg","","in","","1","0","0","https://x.com/undefined/status/1884966915548000315","1075673058931806208",
"1884965577359569389","Thu Jan 30 14:03:09 +0000 2025","0","indihome memang puki","1884965577359569389","","","in","","0","1","0","https://x.com/undefined/status/1884965577359569389","82810485",
"1884947637012676731","Thu Jan 30 14:01:42 +0000 2025","0","@enambelasjuni_ @IndiHome @enambelasjuni_ Otewe Kak Ndra ‍️ -Beeru","1884965212073423232","","enambelasjuni_","in","","0","1","0","https://x.com/undefined/status/1884965212073423232","765035200896118789",
"1884935576752922893","Thu Jan 30 14:01:11 +0000 2025","0","@IndiHomeCare @IndiHome @erickthohir Sudah pukul 21.00 WIB Tdk ada pergerakan progress nya","1884965083635384412","","IndiHomeCare","in","","0","1","0","https://x.com/undefined/status/1884965083635384412","587395381",
"1884962625903272363","Thu Jan 30 13:58:40 +0000 2025","0","@ZzzRynnn @ZzzRynnn Kak. Mohon maaf atas ketidaknyamanannya. Neira bantu cek dan perbaiki kendalanya ya. Boleh infoin nomor IndiHome dan atas Namanya ke DM. Supaya data aman dan privasi terjaga. Ditunggu ️ -Neira","1884964451683876974","","ZzzRynnn","in","","0","0","0","https://x.com/undefined/status/1884964451683876974","765035200896118789",
"1884960063087153483","Thu Jan 30 13:52:55 +0000 2025","0","@bennyhawe Iya nih telkomsel ma indihome parah kombinasi keduanya malah sinyal gak bagus","1884963001280938013","","bennyhawe","in","","0","1","0","https://x.com/undefined/status/1884963001280938013","1551830526021222400",
"1884962818640003112","Thu Jan 30 13:52:11 +0000 2025","0","lemot bgt yaampun indihome","1884962818640003112","","","in","","0","1","0","https://x.com/undefined/status/1884962818640003112","1489907279528796164",
"1884960842757836993","Thu Jan 30 13:50:31 +0000 2025","0","@Dimasaaws Kak Dimas. Mohon maaf ya jadi ganggu aktivitasnya. Boleh infoin nomor IndiHome dan atas namanya melalui DM ya. Neira akan bantu cek dan optimalkan kembali jaringannya. Terima kasih :) -Neira","1884962399117332619","","Dimasaaws","in","","0","1","0","https://x.com/undefined/status/1884962399117332619","765035200896118789",
"1884935576752922893","Thu Jan 30 13:46:50 +0000 2025","0","@Anarcho_merah @IndiHome @erickthohir @Anarcho_merah Maap ya Kak Zulkarnain. DM kakaknya akan dibantu bentar lagi dan lanjut interaksinya melalui DM yaa. Makasih :) -Dero","1884961473031778458","","Anarcho_merah","in","","0","1","0","https://x.com/undefined/status/1884961473031778458","765035200896118789",
"1884961386557788608","Thu Jan 30 13:46:30 +0000 2025","0","indihome kalo ujan kenapa jelek banget dah⁉️","1884961386557788608","","","in","","0","4","0","https://x.com/undefined/status/1884961386557788608","1529072664811212802",
"1884961334103802209","Thu Jan 30 13:46:17 +0000 2025","0","DEMI ALLAH INI INDIHOME LAGI KAMPUNG BGT KAH PADAHAL UDAH 5G","1884961334103802209","","","in","","0","1","0","https://x.com/undefined/status/1884961334103802209","1294666242666553353",
"1884960811631911248","Thu Jan 30 13:44:13 +0000 2025","0","INDIHOME ANJING INTERNET GUAAA MAU UAS SETANNN","1884960811631911248","","","in","","0","1","0","https://x.com/undefined/status/1884960811631911248","1137741723772235782",
"1884960741125705939","Thu Jan 30 13:43:56 +0000 2025","0","Dari pukul 17.00 an td pulang kerumah sd skrg layanan @IndiHome tdk bs digunakan. Lapor ke @IndiHomeCare disuruh menunggu tehnisi datang sudah berjalan hampir 2 jam an tdk muncul2. Woi.. bisa maksimalkan pelayanannya???? Cc pak @erickthohir","1884960741125705939","","","in","","0","0","0","https://x.com/undefined/status/1884960741125705939","587395381",
"1884685500197282045","Thu Jan 30 13:42:55 +0000 2025","49","@xat0ru @tanyakanrl Nder maaf kalo menyinggung tp sebagai anak indihome aku liat anak km itu termasuk makhluk halus","1884960485780619634","","xat0ru","in","","0","1","0","https://x.com/undefined/status/1884960485780619634","806058197203095552",
"1884585317216424183","Thu Jan 30 13:41:45 +0000 2025","0","@MufidhadiM @IndiHome @MufidhadiM Maaf Kak Mufid baik segera akan dibantu solusinya Kak. Lanjut via DM ya biar data lebih aman -Natan","1884960192758194568","","MufidhadiM","in","","0","0","0","https://x.com/undefined/status/1884960192758194568","255409050",
"1884935576752922893","Thu Jan 30 13:41:42 +0000 2025","0","@IndiHomeCare @IndiHome @erickthohir Pukul 20.40 blm ada yg datang tehnisinya.. halo pak @erickthohir ini pihak @IndiHomeCare pekerjanya ngapain aja sih pak.. pelayanannya lambat","1884960180305310083","","IndiHomeCare","in","","0","1","0","https://x.com/undefined/status/1884960180305310083","587395381",
"1884956902985228557","Thu Jan 30 13:38:07 +0000 2025","0","@AmoristERIC Indihome lu ya","1884959278748119260","","AmoristERIC","in","","0","1","0","https://x.com/undefined/status/1884959278748119260","3010024171",
"1884958848827769052","Thu Jan 30 13:36:25 +0000 2025","0","Kenapa nih gangguan indihome?? @IndiHomeCare @Telkomsel","1884958848827769052","","","in","","0","1","0","https://x.com/undefined/status/1884958848827769052","133204976",
"1884958696859713788","Thu Jan 30 13:35:48 +0000 2025","0","Seengaknya kalo Indihome mati telkomselnya jangan ikut-ikutan kek. https://t.co/LzI6G3icps","1884958696859713788","https://pbs.twimg.com/media/Gii34I-aIAAYZo6.jpg","","in","","0","1","0","https://x.com/undefined/status/1884958696859713788","882227610998030336",
"1884957901489648000","Thu Jan 30 13:32:39 +0000 2025","0","Kak @IndiHomeCare indihome lagi ada gangguan ato kena malware kah? Dari kemarin mati","1884957901489648000","","","in","","0","0","0","https://x.com/undefined/status/1884957901489648000","1644961003355115522",
"1884957654008922363","Thu Jan 30 13:31:40 +0000 2025","0","@IndiHomeCare min kenapa ya indihome lemot banget ada apa nihhhh???","1884957654008922363","","IndiHomeCare","in","","0","1","0","https://x.com/undefined/status/1884957654008922363","386934749",
"1884957392452096142","Thu Jan 30 13:30:37 +0000 2025","0","idih gajadi muji indihome puki","1884957392452096142","","","in","","0","1","0","https://x.com/undefined/status/1884957392452096142","1283394488312840192",
"1884947637012676731","Thu Jan 30 13:30:05 +0000 2025","0","@enambelasjuni_ @enambelasjuni_ Maaf ya pastikan kabel patch cord (hitam atau kuning dengan ujung kabel berwarna biru) terpasang dengan benar. Bila masih belum bisa silakan infoin nomor IndiHome dan atas nama ke DM biar dibantu cek kendala akses internet nya -Dero","1884957257148018802","","enambelasjuni_","in","","0","1","0","https://x.com/undefined/status/1884957257148018802","765035200896118789",
"1884935576752922893","Thu Jan 30 13:26:39 +0000 2025","0","@IndiHomeCare @IndiHome @erickthohir Udh pukil 20.26 WIB blm ada kabar apapun dari pihak @IndiHomeCare","1884956391301058852","","IndiHomeCare","in","","0","1","0","https://x.com/undefined/status/1884956391301058852","587395381",
"1884801158386209191","Thu Jan 30 13:25:04 +0000 2025","0","@luvuciiii wah aku juga gitu apa kau anak indihome ya?","1884955994985545876","","luvuciiii","in","","0","0","0","https://x.com/undefined/status/1884955994985545876","2933164141",
"1884585317216424183","Thu Jan 30 13:19:56 +0000 2025","0","@Telkomsel @IndiHome Benerin goblog jgn keseringan minta data..","1884954701646766275","","Telkomsel","in","","0","1","0","https://x.com/undefined/status/1884954701646766275","45323649",
"1884954576408965595","Thu Jan 30 13:19:26 +0000 2025","0","Hatinya Yuuta Gojo Satoru Pocky Kerupuk Penggaris Sumpit Tusuk gigi Kepercayaan rakyat Jembatan Bingkai foto Hati Sterofoam Semangat Tulang Kacamata Hati NIKI CD album Koneksi Indihome Patung Lilin","1884954576408965595","","","in","","0","1","0","https://x.com/undefined/status/1884954576408965595","859276847166529536",
"1884953414930681862","Thu Jan 30 13:15:37 +0000 2025","0","buset knp lg ini indihome busuk buat masalah terus","1884953618060833056","","iyaadaapasi","in","","0","1","0","https://x.com/undefined/status/1884953618060833056","1241302463975542784",
"1884953178514629003","Thu Jan 30 13:13:53 +0000 2025","1","Malam Jumat tetep dong futfem jalan terooos! ️: Juventus vs Lazio : Leg 2 Perempatfinal Coppa Italia : 00:00 WIB : W-Sport (via Dens TV atau Indihome) : Berlangganan Dens TV mulai dari IDR 21.000 per bulan. https://t.co/rvybdmGvmb","1884953178514629003","https://pbs.twimg.com/media/Giiy62PasAA3hb0.jpg","","in","","1","1","2","https://x.com/undefined/status/1884953178514629003","1454368958",
"1884952858505937269","Thu Jan 30 13:12:36 +0000 2025","0","Indihome memek","1884952858505937269","","","in","","0","1","0","https://x.com/undefined/status/1884952858505937269","1407755134562488324",
"1884952551210275102","Thu Jan 30 13:11:23 +0000 2025","0","@IndiHomeCare indihome gajelas bgt anjir ditanyain kapan dibetulin ga mau jawab pastinya kapan. sebel.....","1884952551210275102","","IndiHomeCare","in","","0","1","0","https://x.com/undefined/status/1884952551210275102","1268919019433652224",
"1884952068521431530","Thu Jan 30 13:09:28 +0000 2025","0","min lah capek akutu ma indihome menghambat pekerjaan bgt jir jaringan elek @IndiHomeCare","1884952068521431530","","","in","","0","1","0","https://x.com/undefined/status/1884952068521431530","1011419375805476864",
"1884944858206630308","Thu Jan 30 13:05:19 +0000 2025","0","@candyjzwoo @candyjzwoo Kenapa berhenti Kak layanan TV nya? Coba deh infoin juga nomer IndiHome sama nama pemilik ke DM ya -Jovan","1884951025125310551","","candyjzwoo","in","","0","0","0","https://x.com/undefined/status/1884951025125310551","765035200896118789",
"1884949185994375248","Thu Jan 30 13:00:47 +0000 2025","0","@sugarcvndy @IndiHome Yukk lapor via DM @IndiHomeCare nomor internetnya Kak. Biar bisa dibantu optimalin lagi koneksinya. Kalo sekarang udah aman belum Kak? -Maul","1884949881342787868","","sugarcvndy","in","","0","0","0","https://x.com/undefined/status/1884949881342787868","765035200896118789",
"1884949697934303243","Thu Jan 30 13:00:03 +0000 2025","0","Telkomsel Hadirkan Ragam Promo Menarik IndiHome JITU 1 via Digital Channel https://t.co/Cgq9kwfgOe","1884949697934303243","","","in","","0","0","0","https://x.com/undefined/status/1884949697934303243","3467685613",
"1884947637012676731","Thu Jan 30 12:56:14 +0000 2025","0","@enambelasjuni_ @IndiHome Siap Kak biar mimin langsung bantu cek boleh infoin nomor internetnya via DM ke @IndiHomeCare. Mimin tunggu ya Kak. -Maul","1884948736729899236","","enambelasjuni_","in","","0","1","0","https://x.com/undefined/status/1884948736729899236","765035200896118789",
"1884946613917159901","Thu Jan 30 12:47:48 +0000 2025","0","@IndiHomeCare halo saya tidak bisa menambahkan nomor Indihome saya ke aplikasi Telkomsel. Mohon bantuan.","1884946613917159901","","IndiHomeCare","in","","0","1","0","https://x.com/undefined/status/1884946613917159901","54786574",
"1884941872491368733","Thu Jan 30 12:47:12 +0000 2025","0","@daivinae @IndiHome Siap Kak biar mimin langsung bantu cek boleh infoin nomor internetnya via DM ke @IndiHomeCare. Mimin tunggu ya Kak. -Maul","1884946463647764923","","dearlychry","in","","0","0","0","https://x.com/undefined/status/1884946463647764923","765035200896118789",
"1884886921325011040","Thu Jan 30 12:45:46 +0000 2025","0","@kur70541607 @IndiHome Kalau boleh tau apakah lampu indikator pada modemnya saat ini menyala/berkedip merah atau tidak menyala sama sekali Kak? -Maul","1884946103646437875","","kur70541607","in","","0","0","0","https://x.com/undefined/status/1884946103646437875","765035200896118789",
"1884936250051993820","Thu Jan 30 12:45:35 +0000 2025","0","@hapheew @hapheew Maafin Kak kalau berkendala jaringannya coba deh infoin nomer IndiHome sama nama pemilik ke DM ya -Jovan","1884946056364048878","","hapheew","in","","0","0","0","https://x.com/undefined/status/1884946056364048878","765035200896118789",
"1884940341826208100","Thu Jan 30 12:44:18 +0000 2025","0","@ouwoju @ouwoju Rasya bantu cari solusi biar bisa internetan lagi. Maaf ya Kak. DM in ID akun IndiHome sama nama lengkap pemilik yuk. Sehat selalu :) -Rasya","1884945735822778787","","nickchiolass","in","","0","0","0","https://x.com/undefined/status/1884945735822778787","765035200896118789",
"1884930935961043239","Thu Jan 30 12:41:43 +0000 2025","0","@ssraphie @ssraphie Mantap Kak. Makasih udah terus setia sama IndiHome. Sehat dan bahagia selalu️-Rasya","1884945085797929366","","ssraphie","in","","0","0","0","https://x.com/undefined/status/1884945085797929366","765035200896118789",
"1884935576752922893","Thu Jan 30 12:36:58 +0000 2025","0","@IndiHomeCare @IndiHome @erickthohir Nah kan disaat saya minta tehnisi utk segera datang knp tdk ada kepastian waktunya. Saya mlm ini butuh jaringan internet utk menyelesaikan kerjaan. Ini sudah pukul 19.36 WIB tp tdk ada tehnisi yg menghubungi saya. Mohon dibantu pak @erickthohir","1884943889330852041","","IndiHomeCare","in","","0","0","0","https://x.com/undefined/status/1884943889330852041","587395381",
"1884935576752922893","Thu Jan 30 12:33:44 +0000 2025","0","@Anarcho_merah @IndiHome @erickthohir @Anarcho_merah Beeru infoin tanggal jatuh tempo pembayaran IndiHome tanggal 20 tiap bulannya ya Kak Zulkarnain. Beeru saranin Kakak melakukan pembayaran sebelum tanggal 20 ya. Thx. -Beeru","1884943073983222219","","Anarcho_merah","in","","0","3","0","https://x.com/undefined/status/1884943073983222219","765035200896118789",
"1884641982540349859","Thu Jan 30 12:30:28 +0000 2025","0","@yehshaav Berarti abang indihome ya ini soalnya bisa lihat kamu?","1884942253241876938","","yehshaav","in","","0","1","0","https://x.com/undefined/status/1884942253241876938","1364270585442754565",
"1884941872491368733","Thu Jan 30 12:28:57 +0000 2025","0","benerin dah jaringan lo njing @IndiHome","1884941872491368733","","","in","","0","1","0","https://x.com/undefined/status/1884941872491368733","2192452778",
"1884918356387803156","Thu Jan 30 12:28:49 +0000 2025","21","@stravenues Berharap di luar jakarta ada swasta yg mau ngolah dan distribusi air wakaka drpd air tanah kan ngerusak. Nunggu pemda lama beud ibarat masang indihome di perumahan baru.","1884941839658267083","","stravenues","in","","0","2","0","https://x.com/undefined/status/1884941839658267083","922327453",
"1884938118245339242","Thu Jan 30 12:28:16 +0000 2025","0","@jjajull @IndiHome @jjajull Agar kendalanya bisa dilakukan penanganan silakan kirim nomor internet dan nama pemiliknya ke DM ya. -Beeru","1884941698679414956","","jjajull","in","","0","0","0","https://x.com/undefined/status/1884941698679414956","765035200896118789",
"1884941100156407952","Thu Jan 30 12:26:14 +0000 2025","0","Indihome emg lagi gangguan ya?","1884941190434562536","","weaddicted_","in","","0","0","0","https://x.com/undefined/status/1884941190434562536","1722103392234024960",
"1884941100156407952","Thu Jan 30 12:25:53 +0000 2025","0","Indihome ya Allah baru sehari jaringan oke udah burik lagi aja astaga","1884941100156407952","","","in","","0","2","0","https://x.com/undefined/status/1884941100156407952","1722103392234024960",
"1884939817462706673","Thu Jan 30 12:20:47 +0000 2025","0","Siang tadi ketarik mobil truk wkwkw Untung abg indihome nya gercep https://t.co/FUjPcuz5TC","1884939817462706673","https://pbs.twimg.com/ext_tw_video_thumb/1884939722461749248/pu/img/HFQA8_4cV5gU-Hz8.jpg","","in","","0","1","0","https://x.com/undefined/status/1884939817462706673","1452135551176364034",
"1884935576752922893","Thu Jan 30 12:16:42 +0000 2025","0","@IndiHomeCare @IndiHome @erickthohir Sudah saya balas dm nya disuruh menunggu ketersediaan waktu tehnisi. Tp disaat penagihan pembayaran knp pihak indihome tdk mau menunggu customer punya uang dulu? Langsung memblokir jaringan","1884938787253579955","","IndiHomeCare","in","","0","1","0","https://x.com/undefined/status/1884938787253579955","587395381",
"1884886921325011040","Thu Jan 30 12:14:49 +0000 2025","0","@IndiHome Wifi mati udah 2hari","1884938314819744078","","IndiHome","in","","0","1","0","https://x.com/undefined/status/1884938314819744078","1824089868278067201",
"1884935576752922893","Thu Jan 30 12:14:23 +0000 2025","0","@Anarcho_merah @IndiHome @erickthohir @Anarcho_merah Hi Kak Zulkarnain. Beeru cek udah ada interaksi di DM. Lanjut di DM ya Kak. Makasih. -Beeru","1884938204316618893","","Anarcho_merah","in","","0","1","0","https://x.com/undefined/status/1884938204316618893","765035200896118789",
"1884938118245339242","Thu Jan 30 12:14:02 +0000 2025","0","ayok indihome internetku mati @IndiHomeCare @IndiHome","1884938118245339242","","","in","","0","1","0","https://x.com/undefined/status/1884938118245339242","448716992",
"1884937149197566376","Thu Jan 30 12:10:11 +0000 2025","0","ini indihome bikin jaringan wifi cuma buat di kata katain kah","1884937149197566376","","","in","","0","0","0","https://x.com/undefined/status/1884937149197566376","1144444964052451329",
"1884935588102705525","Thu Jan 30 12:09:31 +0000 2025","0","@arifdj_01 @arifdj_01 Maaf soal kendala jaringannya Kak Arif Kakak bisa lho infoin nomor HP nomor lain yang alami kendala sama jika ada tanggal waktu kejadian detail lokasi nomor IndiHome dan nama pemiliknya ke DM biar bisa dibantu lebih lanjut ya. -Beeru","1884936983568593353","","arifdj_01","in","","0","2","0","https://x.com/undefined/status/1884936983568593353","255409050",
"1884935576752922893","Thu Jan 30 12:03:56 +0000 2025","1","Telat bayar = langsung Blokir jaringan customer komplen = mohon kesediaan anda menunggu ketersediaan waktu tehnisi. Tingkah perusahaan plat merah Cc @IndiHomeCare @IndiHome @erickthohir","1884935576752922893","","","in","","0","1","0","https://x.com/undefined/status/1884935576752922893","587395381",
"1884935390089576459","Thu Jan 30 12:03:12 +0000 2025","0","indihome gangguang???!","1884935390089576459","","","in","","0","1","0","https://x.com/undefined/status/1884935390089576459","996235482",
"1763786812542394560","Thu Jan 30 11:43:02 +0000 2025","0","@loyeaaxhj @hatrednuow @IndiHome @loyeaaxhj Maaf Kak dilanjut pengecekkan pelaporan via DM yah. Sehat selalu :) -Rasya","1884930315669717406","","loyeaaxhj","in","","0","1","0","https://x.com/undefined/status/1884930315669717406","765035200896118789",
"1884930149868835236","Thu Jan 30 11:42:22 +0000 2025","0","indihome tgl segini speednya ancurr ancurannnn","1884930149868835236","","","in","","0","1","1","https://x.com/undefined/status/1884930149868835236","2349679782",
"1884927037275603014","Thu Jan 30 11:30:00 +0000 2025","8","Sobat IndiHome kira-kira ada berapa modem IndiHome yang bisa Kamu temuin di gambar ini? Tulis jawabanmu di kolom komentar yuk #MelangkahBersamaIndiHome https://t.co/o2t7aW7aJb","1884927037275603014","https://pbs.twimg.com/media/GiC94J9aoAAc6Tr.jpg","","in","","0","36","1","https://x.com/undefined/status/1884927037275603014","765035200896118789",
"1884926473188033017","Thu Jan 30 11:27:46 +0000 2025","0","tiada hari tanpa memaki maki indihome jaringan kek tahiq busuq kerjaan hampir semingguan terakhir kaga kelar2 dah masi mending klo jaringan ga stabil cuman ngelag ini sampe jaringannya ilang jir &amp; routernya mati sendiri","1884926473188033017","","","in","","0","1","0","https://x.com/undefined/status/1884926473188033017","1087302764353343488",
"1884924466804699439","Thu Jan 30 11:19:47 +0000 2025","0","Registrasi IndiHome Baru Paket JITU 1 Secara Online dan Nikmati Penawaran Spesial dari Telkomsel Sangat Mudah https://t.co/bSXAQc7xUM","1884924466804699439","","","in","","0","0","0","https://x.com/undefined/status/1884924466804699439","2810878578",
"1884920217639493695","Thu Jan 30 11:11:07 +0000 2025","0","@stepygoo @stepygoo Yah :( maaf Kak Atep jadi gk nyaman nih. Ardhan bantu benerin dulu jaringannya. Boleh infoin nomor IndiHome dan atas nama ke DM biar datanya aman dan terjaga juga. Tks -Ardhan","1884922283711701420","","stepygoo","in","","0","0","0","https://x.com/undefined/status/1884922283711701420","765035200896118789",
"1884920872995377264","Thu Jan 30 11:05:30 +0000 2025","0","indihome astaghfirullah ngelag banget","1884920872995377264","","","in","","0","1","0","https://x.com/undefined/status/1884920872995377264","1213792983239147520",
"1884920401228341664","Thu Jan 30 11:03:38 +0000 2025","0","@IndiHomeCare indihome sekali sebulan pasti koneksinya terputus tetangga aman2 aja jaringannya. Gimana nih? Kata nya pemeliharann kok pemeliharaan dirumah saya aja. Turunkan petugaslah buat ngecek.","1884920401228341664","","IndiHomeCare","in","","0","1","0","https://x.com/undefined/status/1884920401228341664","149392225",
"1884918861335830982","Thu Jan 30 11:03:23 +0000 2025","0","@rizrizkyamalia Teh aku kmrn juga call indihome katanya kalau akhir bulan pemakaiannya udah melebihi kapasitas itu performanya menurun nanti di perbarui lagi tiap tgl 1 wkwkkwwk ","1884920339819532557","","rizrizkyamalia","in","","0","2","0","https://x.com/undefined/status/1884920339819532557","1727142995500441600",
"1884920112370905486","Thu Jan 30 11:02:29 +0000 2025","0","indihome apalah","1884920112370905486","","","in","","0","0","0","https://x.com/undefined/status/1884920112370905486","1245770501294706690",
"1884892852746137807","Thu Jan 30 11:00:17 +0000 2025","0","@queerisasi @sanezhnaya Ada apa nih? Jika ada hal yang ingin ditanyakan seputar layanan IndiHome bisa hubungi kami ya. -Maul","1884919557435146545","","queerisasi","in","","0","2","0","https://x.com/undefined/status/1884919557435146545","765035200896118789",
"1884918861335830982","Thu Jan 30 10:57:31 +0000 2025","3","Cape ah ngadu ke indihome juga butut bgt gini koneksi ","1884918861335830982","","","in","","0","3","0","https://x.com/undefined/status/1884918861335830982","106677050",
"1884406105788539159","Thu Jan 30 10:56:23 +0000 2025","0","@nodevilnolived @di_cbn Mantap!Makasih ya Kak udah gunain IndiHome. Semoga IndiHome selalu memudahkan aktivitas Kakak . Kalo Kakak butuh bantuan jangan sungkan untuk hubungi kami ya. -Maul","1884918575758213268","","nodevilnolived","in","","0","0","0","https://x.com/undefined/status/1884918575758213268","765035200896118789",
"1883476543860801719","Thu Jan 30 10:51:38 +0000 2025","0","@IndiHomeCare Rumah saya jaringan Indihome nya ada gangguan dari kemaren. Kemaren merah kelip2 sekarang lampu kuning kelip2 tapi status tidak ada internet. Rumah lain di lingkungan sini udah gak ada gangguan. Saya sudah DM tapi gak ada tanggapan.","1884917381396664682","","IndiHomeCare","in","","0","1","0","https://x.com/undefined/status/1884917381396664682","30466682",
"1884852177224737059","Thu Jan 30 10:45:13 +0000 2025","0","@penyu__id Kenapa nih Kak? yang terkendala layanan IndiHome atau Telkomsel-nya? -Maul","1884915768120443154","","penyuijosatu","in","","0","0","0","https://x.com/undefined/status/1884915768120443154","765035200896118789",
"1884389086632489407","Thu Jan 30 10:45:00 +0000 2025","0","@shineungsu @1 Seru gak sih dd jadi anak indihome?","1884915713737150898","","shineungsu","in","","0","0","0","https://x.com/undefined/status/1884915713737150898","954548655662424064",
"1884854185562436063","Thu Jan 30 10:43:58 +0000 2025","0","@honeeeybutter Memangnya kenapa nih Kak sama layanan IndiHomenya? Jika ada hal yang ingin ditanyakan seputar layanan IndiHome bisa hubungi kami ya. -Maul","1884915451219870162","","honeeeybutter","in","","0","0","0","https://x.com/undefined/status/1884915451219870162","765035200896118789",
"1884909673968697778","Thu Jan 30 10:35:08 +0000 2025","0","@joevladimir @joevladimir Maafin Kak Jonathan. Buat kendala LOS pastiin kabel yg berwarna hitam/kuning ujung berwarna biru udah terpasang atau tertancap dengan kencang dan benar. Kalo masih ga bisa DMin nomor IndiHome dan atas nama siapa IndiHome nya. Tks -Ardhan","1884913228104569051","","joevladimir","in","","0","0","0","https://x.com/undefined/status/1884913228104569051","765035200896118789",
"1884912038834819220","Thu Jan 30 10:30:24 +0000 2025","0","Okee indihome ku udah bisa. Makasih mas2 tekhnisi hujan2 di sempetin dateng. ","1884912038834819220","","","in","","0","1","0","https://x.com/undefined/status/1884912038834819220","1450630399256784900",
"1884905177901355139","Thu Jan 30 10:29:23 +0000 2025","0","@tarishaisyellow alam hijau aja yg g mendukung di swk indihome aman aja","1884911783103857068","","tarishaisyellow","in","","0","2","0","https://x.com/undefined/status/1884911783103857068","1190613669710663680",
"1884389086632489407","Thu Jan 30 10:27:43 +0000 2025","0","@yeosaug @1 Wkwkwkw indihome emang suka suka dau. Dekett kampusk nihh kak. Ayo mampirrrr","1884911364852036041","","yeosaug","in","","0","0","0","https://x.com/undefined/status/1884911364852036041","991119771931369472",
"1884906382035763214","Thu Jan 30 10:27:10 +0000 2025","0","@Oxalalala @Oxalalala Duuuh maaf banget kalau akses internetnya lemot Kak coba deh infoin nomer IndiHome sama nama pemilik ke DM ya -Jovan","1884911224057675801","","Oxalalala","in","","0","1","0","https://x.com/undefined/status/1884911224057675801","765035200896118789",
"1876170102229672107","Thu Jan 30 10:11:06 +0000 2025","0","@_diarydhey @widii_w Mjb kak mau nanya ini berarti tetep pake peralatan spt modem dll bekas indihome ya?","1884907179364495523","","_diarydhey","in","","0","1","0","https://x.com/undefined/status/1884907179364495523","238951238",
"1884905177901355139","Thu Jan 30 10:03:08 +0000 2025","0","indihome lama lama aku bakar loh ya kantor pusatmu kalo sering ngelag gini ️","1884905177901355139","","","in","","0","2","1","https://x.com/undefined/status/1884905177901355139","1449986976199831553",
"1884903520232694017","Thu Jan 30 09:59:09 +0000 2025","0","@febinaamlptr Baik mohon maaf Kak @febinaamlptr . Pastikan kabel Patch cord udah terpasang dengan benar. Kalau masih sama yuk infokan nomor IndiHome dan atas nama ke DM biar dibantu lebih lanjut :) -Zidane","1884904172912611747","","febinaamlptr","in","","0","0","0","https://x.com/undefined/status/1884904172912611747","765035200896118789",
"1884903331593896234","Thu Jan 30 09:55:48 +0000 2025","0","indihome tu kl dah jam segini knp lemot bgt sih","1884903331593896234","","","in","","0","1","0","https://x.com/undefined/status/1884903331593896234","1215895451892776961",
"1884901944675934297","Thu Jan 30 09:54:10 +0000 2025","1","@WalkotaSemarang @WalkotaSemarang Maaf ya Kak Ilham jadi gak nyaman nih. Ardhan bantu benerin dulu jaringannya. Yuk infoin nomor IndiHome dan atas nama ke DM biar datanya aman dan terjaga juga. Ditunggu ya. Tks -Ardhan","1884902918886977612","","akuilhamkmsiapa","in","","0","1","0","https://x.com/undefined/status/1884902918886977612","765035200896118789",
"1884784491769811413","Thu Jan 30 09:50:46 +0000 2025","0","@angela_kristiii @angela_kristiii Kalau masih berkendala yuk Kak Angela infoin nomor IndiHome dan atas nama ke DM ya biar Kita bantuin :) -Zidane","1884902065610379726","","angela_kristiii","in","","0","2","0","https://x.com/undefined/status/1884902065610379726","765035200896118789",
"1884897912007889026","Thu Jan 30 09:39:18 +0000 2025","0","@tamisiapa Apabila belum ada perubahan silakan informasikan nomor IndiHome dan atas namanya melalui DM. Neira akan bantu pengecekan dan pelapora lebih lanjut :) Terima kasih. -Neira","1884899178570232146","","IndiHomeCare","in","","0","0","0","https://x.com/undefined/status/1884899178570232146","765035200896118789",
"1884897157922373732","Thu Jan 30 09:31:16 +0000 2025","0","yallah indihome ini di dm lama bener balesnya","1884897157922373732","","","in","","0","1","0","https://x.com/undefined/status/1884897157922373732","1457702992564539393",
"1884894304805724430","Thu Jan 30 09:26:42 +0000 2025","0","@JuraganSoftcase @JuraganSoftcase Halo Kak. Mohon maaf untuk ketidaknyamanannya. Kalau lokasinya belum tercover Kakak bisa tunggu pemerataan jaringan di lokasi terlebih dahulu. Penambahan jaringan IndiHome merupakan kebijakan Witel setempat. Di upayakan agar segera dilakukan :) -Zidane","1884896005780553874","","JuraganSoftcase","in","","0","1","0","https://x.com/undefined/status/1884896005780553874","765035200896118789",
"1884892504077832345","Thu Jan 30 09:24:56 +0000 2025","0","@kethexx @IndiHome @kethexx Sabar ya Kakak baikkk DMnya pasti dilakukan penanganan -Micha","1884895563919114338","","kethexx","in","","0","0","0","https://x.com/undefined/status/1884895563919114338","765035200896118789",
"1884892504077832345","Thu Jan 30 09:21:05 +0000 2025","0","@IndiHomeCare @IndiHome Saya tunggu teknisinya ya untuk perbaikan bukan hanya balesan saja","1884894593101279327","","IndiHomeCare","in","","0","1","0","https://x.com/undefined/status/1884894593101279327","79065737",
"1884892504077832345","Thu Jan 30 09:19:28 +0000 2025","0","@kethexx @IndiHome @kethexx Mohon maaf ya Kak Kuma. Micha cek Kakak udah melakukan interaksi di DM silakan untuk menunggu balesan selanjutnya agar bisa dilakukan penanganan maksimal -Micha","1884894185855324449","","kethexx","in","","0","1","0","https://x.com/undefined/status/1884894185855324449","765035200896118789",
"1884892504077832345","Thu Jan 30 09:12:47 +0000 2025","0","@IndiHomeCare @IndiHome nomor tiket 1-LTF1HSF sampe skrg blm ditindak lanjuti blm ada teknisi yg datang saya tunggu sore ini !","1884892504077832345","","IndiHomeCare","in","","0","2","0","https://x.com/undefined/status/1884892504077832345","79065737",
"1884784491769811413","Thu Jan 30 09:07:01 +0000 2025","0","@IndiHome Min wifi merah https://t.co/dqP2a5Ne8w","1884891053079339466","https://pbs.twimg.com/media/Gih6a6fbQAAOajs.jpg","IndiHome","in","","0","1","0","https://x.com/undefined/status/1884891053079339466","782264641330163716",
"1884889786395341130","Thu Jan 30 09:01:59 +0000 2025","0","hdh IndiHome","1884889786395341130","","","in","","0","1","0","https://x.com/undefined/status/1884889786395341130","1408473803705835523",
"1884828189803053113","Thu Jan 30 08:56:18 +0000 2025","0","@1slamic_Diaries mending indigo apa indihome?","1884888357236519353","","1slamic_Diaries","tl","","0","0","0","https://x.com/undefined/status/1884888357236519353","1739961515229474816",
"1884886921325011040","Thu Jan 30 08:50:36 +0000 2025","2","Semua badai pasti berlalu termasuk deadline yang ada di depan mata #IndiHomebyTelkomsel #DariRumahTanpaBatas https://t.co/534nQqNV2p","1884886921325011040","https://pbs.twimg.com/tweet_video_thumb/Gih2qSWasAABiSA.jpg","","in","","0","2","0","https://x.com/undefined/status/1884886921325011040","1075673058931806208",
"1884406105788539159","Thu Jan 30 08:43:45 +0000 2025","0","@di_cbn Saya udah pasang indihome sejak 25 Desember 2024 karena cbn mati berhari-hari gak ada tindakannya... Jadi ga usah ada penagihan lagi... Kalo mau tau id langganan saya ada di DM.. goodbye my friend. ","1884885199521185841","","di_cbn","in","","0","1","0","https://x.com/undefined/status/1884885199521185841","118039839",
"1884883112200716315","Thu Jan 30 08:35:28 +0000 2025","0","ini indihome apasi tolong deh sinyal lu bapuk bgt","1884883112200716315","","","in","","0","1","0","https://x.com/undefined/status/1884883112200716315","1525463769077678082",
"1884828870165086420","Thu Jan 30 08:31:25 +0000 2025","0","@leeyellow_ Alhamdulillah Makasih udah langganan IndiHome Kak -Indah","1884882093907615750","","leeyellow_","in","","0","0","0","https://x.com/undefined/status/1884882093907615750","765035200896118789",
"1884877812013916393","Thu Jan 30 08:26:09 +0000 2025","0","@hcjmrkanx_ @IndiHome @hcjmrkanx_ Okey Kak Manda. Lanjutin di DM buat penanganannya. Sehat selalu -Ardhan","1884880767731597614","","onleemarklee","in","","0","0","0","https://x.com/undefined/status/1884880767731597614","255409050",
"1884880109787820110","Thu Jan 30 08:23:32 +0000 2025","0","@IndiHomeCare min kalau dulu pernah pakai terus ganti provider lalu maubpake indihome lagi bisa dapet promo pemasangan baru ga?","1884880109787820110","","IndiHomeCare","in","","0","1","0","https://x.com/undefined/status/1884880109787820110","377759584",
"1884877812013916393","Thu Jan 30 08:22:49 +0000 2025","0","@Telkomsel @IndiHome Cdm ya min","1884879929235685479","","Telkomsel","in","","0","1","0","https://x.com/undefined/status/1884879929235685479","1290311798248239104",
"1884877812013916393","Thu Jan 30 08:20:33 +0000 2025","0","@hcjmrkanx_ @IndiHome @hcjmrkanx_ Maafin Kak Manda soal kendala jaringan dan Wifi-nya Untuk pengecekan kendala yang dialami yuk infoin nomor HP nomor lain yang alami kendala sama jika ada tanggal Waktu kejadian detail lokasi nomor internet dan nama pemiliknya ke DM ya. Makasih. -Beeru","1884879359670149202","","onleemarklee","in","","0","1","0","https://x.com/undefined/status/1884879359670149202","255409050",
"1884828870165086420","Thu Jan 30 08:19:43 +0000 2025","0","@ehemajadeh Aku pake IndiHome ga ka lancar ajah malahan","1884879151783629188","","ehemajadeh","in","","0","2","0","https://x.com/undefined/status/1884879151783629188","758461637430915072",
"1884828870165086420","Thu Jan 30 08:17:26 +0000 2025","0","@rjn237z Ooo ancen indihome elek daerahku","1884878575113019699","","useremism","in","","0","0","0","https://x.com/undefined/status/1884878575113019699","1450630399256784900",
"1884877812013916393","Thu Jan 30 08:16:51 +0000 2025","0","Halo @Telkomsel @indihome","1884878428253589875","","onleemarklee","tl","","0","1","0","https://x.com/undefined/status/1884878428253589875","1290311798248239104",
"1884614620150968716","Thu Jan 30 08:10:30 +0000 2025","0","@ywomgii oiyaaa aku gatau lagii. coba check aja kakk di websitenya kynya ada deeh. tp mgkin kl diluar jakarta indihome aman kak? tp mahall kl oxygen setaauku 275k udah dpt 75mbps kl indi 300k cm 20/30mbps ","1884876830798393746","","ywomgii","in","","0","2","0","https://x.com/undefined/status/1884876830798393746","116764010",
"1884784454310510720","Thu Jan 30 08:04:02 +0000 2025","0","@lazirhays Kalo sekarang masih langganan IndiHome Kak? -Indah","1884875204545139039","","lazirhays","in","","0","0","0","https://x.com/undefined/status/1884875204545139039","765035200896118789",
"1884872986316124394","Thu Jan 30 07:55:13 +0000 2025","0","Indihome guguk internet tidak tersedia mulu","1884872986316124394","","","in","","0","0","0","https://x.com/undefined/status/1884872986316124394","1839484375186157568",
"1884869047139127657","Thu Jan 30 07:53:49 +0000 2025","0","@jaeyunloverclub Hai Kak. Maaf ya sebagai penanganan awal apakah sudah cek kabel patch cord dan pastikan terpasang dengan kencang dan benar Kak? Guna dibantu lebih lanjut penanganannya silakan informasikan no IndiHome atas nama dan no HP utama serta alternatif melalui DM ya Kak. -Syifa","1884872632811786469","","jaeyunloverclub","in","","0","0","0","https://x.com/undefined/status/1884872632811786469","765035200896118789",
"1884821371769012274","Thu Jan 30 07:51:43 +0000 2025","0","@sunthekid @sunthekid Oalah sekarang di rumah pakai IndiHome gak? masih kerja dong. Pasti nanya udah makan ke temen Ardhan ke Indah ya -Ardhan","1884872102517559367","","sunthekid","in","","0","0","0","https://x.com/undefined/status/1884872102517559367","765035200896118789",
"1884868906718052655","Thu Jan 30 07:51:12 +0000 2025","0","@rakadhika Duhh maapin ya Kak Semoga layanan IndiHome TV-nya segera membaik biar bisa menikmati tayangan menarik-Indah","1884871972569633155","","rakadhika","in","","0","0","0","https://x.com/undefined/status/1884871972569633155","765035200896118789",
"1884821371769012274","Thu Jan 30 07:31:25 +0000 2025","0","@sunthekid HuftKak @sunthekid user IndiHome juga kah? -Indah","1884866995835076925","","sunthekid","in","","0","1","0","https://x.com/undefined/status/1884866995835076925","765035200896118789",
"1884863858805993802","Thu Jan 30 07:24:44 +0000 2025","0","@soleeilalune @soleeilalune Maafin udah nunggu lama nih Kak. Buat kendala udah pengajuan balik nama namun belum ada lanjutannya. Yuk infoin nomor IndiHome atas nama alamat Instalasi dan Relasi biar bisa dibantu cek juga sama Ardhan ke DM ya. Tks -Ardhan","1884865313155776714","","soleeilalune","in","","0","1","0","https://x.com/undefined/status/1884865313155776714","765035200896118789",
"1884864149802655800","Thu Jan 30 07:23:26 +0000 2025","0","@taburberita Mohon maaf ya Kak @taburberita boleh infoin ke DM nomor IndiHome dan atas nama biar dibantu cek IndiHome TV Kakak ya :) -Nesya","1884864986075541719","","taburberita","in","","0","0","0","https://x.com/undefined/status/1884864986075541719","765035200896118789",
"1884863905815748948","Thu Jan 30 07:21:23 +0000 2025","0","@satuterkasih @IndiHome @IndiHomeCare @satuterkasih Mohon maaf Kak saat ini belum tersedia. Jika ingin langganan IndiHome bisa via aplikasi MyTelkomsel dan landing page https://t.co/eUJqkMiCWj. -Chika","1884864470679453926","","satuterkasih","in","","0","0","0","https://x.com/undefined/status/1884864470679453926","255409050",
"1884863905815748948","Thu Jan 30 07:19:08 +0000 2025","0","@Telkomsel @IndiHome @IndiHomeCare ada promo pemasangan baru?","1884863905815748948","","Telkomsel","in","","0","1","0","https://x.com/undefined/status/1884863905815748948","238951238",
"1884863858805993802","Thu Jan 30 07:18:57 +0000 2025","0","@IndiHomeCare halo min saya pernah mengajukan untuk balik nama wifi indihome namun sampai saat ini belum ada tindak lanjut lagi","1884863858805993802","","IndiHomeCare","in","","0","1","0","https://x.com/undefined/status/1884863858805993802","1510106966",
"1884861741844283494","Thu Jan 30 07:15:47 +0000 2025","0","@caablaaak Mohon maaf ya Kak. Untuk kendala gak bisa akses layanan perbankan menggunakan koneksi IndiHome silakan infoin nomor internet atas nama ke DM supaya bisa dibantu cek dan datanya aman. Makasih -Micha","1884863061070323960","","caablaaak","in","","0","1","0","https://x.com/undefined/status/1884863061070323960","765035200896118789",
"1884861741844283494","Thu Jan 30 07:10:32 +0000 2025","0","@IndiHome kenapa saya kalau pakai wifi indihome gak bisa akses ke perbankan ya.. kalau switch ke wifi cellular atau provider lain tetep bisa. Ini kebijakan indihome atau karena ada masalah? (Indihome yg selalu bermasalah). @Telkomsel @TelkomIndonesia","1884861741844283494","","IndiHome","in","","0","1","0","https://x.com/undefined/status/1884861741844283494","831844116904357895",
"1884861462205911258","Thu Jan 30 07:09:26 +0000 2025","0","bete ih wifi gue mati mulu indihome kampret","1884861462205911258","","","in","","0","2","0","https://x.com/undefined/status/1884861462205911258","1676194400760897536",
"1884857679124005263","Thu Jan 30 07:03:11 +0000 2025","0","@kissbibir Widihh mantaps Langganan IndiHome sejak kapan nih Kak? -Indah","1884859888284930058","","rokoksex","in","","0","0","0","https://x.com/undefined/status/1884859888284930058","765035200896118789",
"1884856399911694725","Thu Jan 30 06:49:19 +0000 2025","0","ini emang lagi problem apa gmn sich indihome nya DARI KEMAREN GAK BISA ANJAY","1884856399911694725","","","in","","0","2","0","https://x.com/undefined/status/1884856399911694725","1291722377965920256",
"1884775487563788360","Thu Jan 30 06:47:20 +0000 2025","0","@ness4j Telkomsel Indihome By.u itu Telkom bang Kalo provider skrng yang stabil malah Axiata sama ION","1884855900596535442","","seafoodsanta","in","","0","1","0","https://x.com/undefined/status/1884855900596535442","490990053",
"1884784454310510720","Thu Jan 30 06:44:45 +0000 2025","0","@pppunchlove Memang pilihan terbaik! Seneng banget ketemu salah 1 pelanggan IndiHome. Kalo butuh bantuan bisa langsung DM ya Kak kita siap bantu kok -Indah","1884855252677173621","","pppunchlove","in","","0","0","0","https://x.com/undefined/status/1884855252677173621","765035200896118789",
"1884854308514197820","Thu Jan 30 06:41:00 +0000 2025","0","@IndiHomeCare min ini internet ada perbaikan apa gimana ya? Tadi ada petugas indihome naik ke tiang. Udah mau sejam internet masih ga nyala. Petugasnya gatau kemana. Butuh cepet buat kerja soalnya","1884854308514197820","","IndiHomeCare","in","","0","1","0","https://x.com/undefined/status/1884854308514197820","110671190",
"1884854185562436063","Thu Jan 30 06:40:31 +0000 2025","0","considering gantii lagi wifi dirumahh. kemarin pake bizznet tp jujur aja ttp aja lemot gajauh beda sm indihome.. trs bulanannya 450rb:') kira-kira provider apa si yg ok?","1884854185562436063","","","in","","0","2","0","https://x.com/undefined/status/1884854185562436063","177866925",
"1884854122161336417","Thu Jan 30 06:40:16 +0000 2025","0","Sumpah telkomsel dan indihome ga ada solusi sampe sekarang. Double kill banget aku pake telkomsel dan indihome. Bermasalah dua2nya. Udah saatnya ganti sih walau bakal ribet ngurus nomer hp dan harus pasang2 wifi lagi. Tapi tobat sih kalo ujan gini terus","1884854122161336417","","","in","","0","2","0","https://x.com/undefined/status/1884854122161336417","1450630399256784900",
"1884846271888011588","Thu Jan 30 06:24:42 +0000 2025","0","@EyesDntRead @IndiHome @EyesDntRead Oke Kak. Nantinya DM Kakak akan segera dibalas ya. -Dhet","1884850204324790591","","EyesDntRead","in","","0","0","0","https://x.com/undefined/status/1884850204324790591","765035200896118789",
"1884846317828214984","Thu Jan 30 06:22:03 +0000 2025","0","@Warbyasahhh @Warbyasahhh Kami mohon maaf untuk kendala koneksinya. Yuk Kakak infokan nomor IndiHome dan atas nama ke DM biar dibantuin ya :) -Zidane","1884849539011768410","","Warbyasahhh","in","","0","1","0","https://x.com/undefined/status/1884849539011768410","765035200896118789",
"1884848156804096241","Thu Jan 30 06:16:34 +0000 2025","0","IndiHome jelek banget pelayanan nya napa dah","1884848156804096241","","","in","","0","1","0","https://x.com/undefined/status/1884848156804096241","1673261432430006273",
"1884846271888011588","Thu Jan 30 06:14:06 +0000 2025","0","@EyesDntRead @IndiHome @EyesDntRead Maaf buat sinyalnya Kak:( yuk infoin nomor internet atas nama dan alamat ke DM agar dicek yaa makasih :)-Sabil","1884847536978190450","","EyesDntRead","in","","0","1","0","https://x.com/undefined/status/1884847536978190450","765035200896118789",
"1884846317828214984","Thu Jan 30 06:09:18 +0000 2025","0","INDIHOME JANCOKKK!!! @IndiHomeCare https://t.co/lK4i3CXi2b","1884846329282822498","https://pbs.twimg.com/media/GihRvtPaAAAcV0m.jpg","Warbyasahhh","in","","0","1","0","https://x.com/undefined/status/1884846329282822498","1297569200207101952",
"1884846317828214984","Thu Jan 30 06:09:16 +0000 2025","1","yaa namanya ibu2 akhirnya percaya aja kalo itu akun indihome dengan sadar beliau akhirnya chat lah nomer tersebut. kemudian pada akhirnya ibu saya di telpon dan akhirnya ibu saya ketipu dengan nominal puluhan juta hilang begitu saja. INDIHOME BANGSAT!","1884846321103966350","","Warbyasahhh","in","","0","1","0","https://x.com/undefined/status/1884846321103966350","1297569200207101952",
"1884846317828214984","Thu Jan 30 06:09:15 +0000 2025","8","Dear @IndiHomeCare ini semua salahmu gara2 ga becus ngurusin pelanggan! dirumah saya udh ada gangguan indihome selama 1 minggu lebih tp ga ada respon. akhirnya ibu saya lewat twitter coba untuk komplain. kemudian ada orang dengan mengatasnamakan indihomecare yg membalas begini https://t.co/rysxbH0vNb","1884846317828214984","https://pbs.twimg.com/media/GihRvDJbMAA4kKg.jpg","","in","","0","4","3","https://x.com/undefined/status/1884846317828214984","1297569200207101952",
"1884846157240938802","Thu Jan 30 06:08:37 +0000 2025","0","@IndiHome prosedur berhenti berlangganan wifi gmn min ?","1884846157240938802","","IndiHome","in","","0","1","0","https://x.com/undefined/status/1884846157240938802","1237550538075410432",
"1884536865539436669","Thu Jan 30 06:01:47 +0000 2025","0","@IndiHomeCare @Telkomsel aku gak make indihome.. makenya telkomsel","1884844439220420775","","IndiHomeCare","in","","0","1","0","https://x.com/undefined/status/1884844439220420775","1425284755747065861",
"1884843113665208419","Thu Jan 30 05:56:31 +0000 2025","0","indihome mantep jg buat war irs","1884843113665208419","","","in","","0","1","0","https://x.com/undefined/status/1884843113665208419","1283394488312840192",
"1884421208436847051","Thu Jan 30 05:53:30 +0000 2025","0","@furinkazena @furinkazena Maaf yaa Kak Ahmad. Boleh coba berkala yaaa yuk infoin ke Sabil seputar produk dan layanan Indihome agar dicek yaa makasih :)-Sabil","1884842355326669053","","furinkazena","in","","0","0","0","https://x.com/undefined/status/1884842355326669053","765035200896118789",
"1884837330844037356","Thu Jan 30 05:33:32 +0000 2025","0","indihome kenapa lemot bgt sih minnnn astaga mau dipake buat ujian ini @IndiHomeCare","1884837330844037356","","","in","","0","0","0","https://x.com/undefined/status/1884837330844037356","883727961827835905",
"1884815167080550550","Thu Jan 30 05:24:29 +0000 2025","0","@heyreonjwin Wah lumayan separoh bayar indihome ku. Ini ada bayar sewa alat ga?","1884835051294384377","","heyreonjwin","in","","0","1","0","https://x.com/undefined/status/1884835051294384377","1450630399256784900",
"1884816876615950829","Thu Jan 30 05:18:33 +0000 2025","0","@yyourharuu @yyourharuu Biar gak lemot lagi pastikan jarak device ke modem ga lebih dari 2-3 meter tanpa penghalang dan penggunaan ga melebihi optimum device sesuai kecepatan internet. Infoin ke DM buat nomor IndiHome dan atas nama :) -Joan","1884833556553486649","","yyourharuu","in","","0","1","0","https://x.com/undefined/status/1884833556553486649","765035200896118789",
"1884763225444827568","Thu Jan 30 05:10:32 +0000 2025","0","@dikidawawe3 Ini sambutan buat lelaki gaji 2 digit kalo sedigit palingan disambut sama tagihan indihome","1884831539139379361","","dikidawawe3","in","","0","0","0","https://x.com/undefined/status/1884831539139379361","85826099",
"1884828870165086420","Thu Jan 30 04:59:55 +0000 2025","3","Baru cek di twitter ternyata pada ngeluh indihome nya pada ga bisa di pake. Dan jelek banget penanganan cs nya. Kenapa ya gini terus? Ga berbenah sama sekali.","1884828870165086420","","","in","","0","5","0","https://x.com/undefined/status/1884828870165086420","1450630399256784900",
"1884826618902000035","Thu Jan 30 04:50:58 +0000 2025","0","mama papa: kak liatkan dl org indihome itu dtg https://t.co/Q5dOwMWHZb","1884826618902000035","https://pbs.twimg.com/media/Gig_0MfbkAA9lhr.jpg","","in","","0","1","0","https://x.com/undefined/status/1884826618902000035","1679324534133129217",
"1884536735872520456","Thu Jan 30 04:47:24 +0000 2025","0","@IndiHomeCare GUE GA BUTUH BALESAN DM YG CEPET YANG GUE BUTUHIN ADALAH INTERNET YANG CEPET DAN NORMAL DARI KEMAREN INTERNET DI RUMAH SAYA BERMASALAH TAPI DARI PIHAK INDIHOME INI TIDAK ADA TINDAKAN YANG BISA NGEBANTU !","1884825720284995734","","IndiHomeCare","in","","0","2","0","https://x.com/undefined/status/1884825720284995734","1502172408454598656",
"1884772387633418650","Thu Jan 30 04:42:57 +0000 2025","0","@hoteliercrypto meme agus indihome saja tidak padam di sana","1884824598665167044","","hoteliercrypto","in","","0","0","0","https://x.com/undefined/status/1884824598665167044","1735255592820998144",
"1884536735872520456","Thu Jan 30 04:42:04 +0000 2025","0","@IndiHomeCare BENER BURUK PELAYANAN INDIHOME INI !","1884824378975952941","","IndiHomeCare","in","","0","1","0","https://x.com/undefined/status/1884824378975952941","1502172408454598656",
"1884821412910952833","Thu Jan 30 04:30:17 +0000 2025","0","@IndiHomeCare cek dm dong wifi indihome gangguan nihhhhhh","1884821412910952833","","IndiHomeCare","in","","0","2","0","https://x.com/undefined/status/1884821412910952833","1099651163723509761",
"1884800168253591850","Thu Jan 30 04:22:46 +0000 2025","0","@orbitsearth Emosi banget ngechat indihome di twt sama wa gak ada yg bener kasih jawaban template doang gak mau kerja. Ini tuh paling kabel di luar yang putus karna hujan angin ah ","1884819522118644056","","orbitsearth","in","","0","2","0","https://x.com/undefined/status/1884819522118644056","896329301917814784",
"1884577872247136399","Thu Jan 30 04:16:06 +0000 2025","0","@sayakiaraa Kak Kia kalau ada laporan seputar layanan IndiHome bisa hubungi kami untuk dibantu lebih lanjut yaa. -Duwi","1884817842786455640","","sayakiaraa","in","","0","0","0","https://x.com/undefined/status/1884817842786455640","765035200896118789",
"1884815167080550550","Thu Jan 30 04:05:28 +0000 2025","0","Ga kuaaat sama lemotnya telkomsel kalo ujan. Astaghfirullah. Mana indihome ga bisa dioake dari semalem karna sangat amat lemot sampe ga ada sinyal. Astaghfirullah mau kerja jadi ribet ","1884815167080550550","","","in","","0","2","0","https://x.com/undefined/status/1884815167080550550","1450630399256784900",
"1884813763683172662","Thu Jan 30 03:59:54 +0000 2025","0","@IndiHome internet di kantor sy Los mohon dicek 02122480743","1884813763683172662","","IndiHome","in","","0","2","0","https://x.com/undefined/status/1884813763683172662","41036292",
"1884199871730835707","Thu Jan 30 03:54:02 +0000 2025","0","@funknsoul_ @funknsoul_ Yah ada kendala apa nih Kak Al? Mohon maaf yuk infoin detail kendala nomor IndiHome dan atas nama ke DM biar Kita bantuin yaa :) -Zidane","1884812290958172428","","funknsoul_","in","","0","0","0","https://x.com/undefined/status/1884812290958172428","765035200896118789",
"1884360870681067893","Thu Jan 30 03:50:26 +0000 2025","1","@_thatsmeruth Mantaps Kak Selamat menikmati layanan Telkomsel dan IndiHome ya-Indah","1884811384103620753","","_thatsmeruth","in","","0","0","0","https://x.com/undefined/status/1884811384103620753","765035200896118789",
"1884810660707729748","Thu Jan 30 03:49:07 +0000 2025","0","@syamnasution93 @syamnasution93 Halo Kak Syam. Mohon maaf buat kendala koneksinya. Coba infokan nomor IndiHome dan atas nama ke DM ya biar Kita bantuin :) -Zidane","1884811050203373902","","syamnasution93","in","","0","0","0","https://x.com/undefined/status/1884811050203373902","765035200896118789",
"1884809901609980241","Thu Jan 30 03:47:30 +0000 2025","0","@nnynnyynnnny @nnynnyynnnny Halo Kak Opi. Upgrade Speed bisa via https://t.co/YUG4ag6v7b ya. -Chika","1884810645281153085","","nnynnyynnnny","in","","0","0","0","https://x.com/undefined/status/1884810645281153085","765035200896118789",
"1884360870681067893","Thu Jan 30 03:37:41 +0000 2025","3","@tanyakanrl Bukannya mau pamer atau gmn kalo aku prefer legal sih. Disney &amp; Netflix bisa dpt free dr indihome Catchplay dpt free dr paket telkomsel prime video &amp; HBO udh langganan dr lama &amp; so far fine aja sama harganya","1884808176358584604","","tanyakanrl","in","","0","2","0","https://x.com/undefined/status/1884808176358584604","841798543",
"1884784454310510720","Thu Jan 30 03:34:31 +0000 2025","0","@youknowmelahh Widihh makasih udah rekomendasiin IndiHome Sehat selalu Kak -Indah","1884807377142391185","","youknowmelahh","in","","0","0","0","https://x.com/undefined/status/1884807377142391185","765035200896118789",
"1884807004700741691","Thu Jan 30 03:33:02 +0000 2025","0","@IndiHomeCare indihome gangguan kah ini?","1884807004700741691","","IndiHomeCare","in","","0","1","0","https://x.com/undefined/status/1884807004700741691","906080932272025600",
"1884804534352126389","Thu Jan 30 03:23:13 +0000 2025","0","Bukan indihome kalo sebulan sekali gaada gangguan @IndiHomeCare cek dm weh","1884804534352126389","","","in","","0","1","0","https://x.com/undefined/status/1884804534352126389","1679138782530920455",
"1884800168253591850","Thu Jan 30 03:20:19 +0000 2025","0","@arlechiino Duhh maafin IndiHome ya Udah dicoba pastiin kabel patchcordnya terpasang dengan benar dan kencang? Kabelnya berada dibelakang modem dengan warna hitam/kuning dengan ujung warna biru. Jika tidak ada perubahan infoin kembali Kak :) -Indah","1884803804790723020","","arlechiino","in","","0","0","0","https://x.com/undefined/status/1884803804790723020","765035200896118789",
"1884802612547215691","Thu Jan 30 03:15:35 +0000 2025","0","gila indihome lemot bgt","1884802612547215691","","","in","","0","1","0","https://x.com/undefined/status/1884802612547215691","1434388480017068043",
"1884800168253591850","Thu Jan 30 03:05:52 +0000 2025","0","Maaf aku orangnya sabar kecuali kalau harus berhadapan sama indihome.","1884800168253591850","","","in","","0","2","0","https://x.com/undefined/status/1884800168253591850","896329301917814784",
"1883697469999194154","Thu Jan 30 03:02:37 +0000 2025","0","@adihmwn aku akhirnya ganti e dari indihome ke indosathifi apalagi kalau upload file2 gede lama bgt","1884799349634609352","","adihmwn","in","","0","1","0","https://x.com/undefined/status/1884799349634609352","141144914",
"1884421208436847051","Thu Jan 30 02:49:53 +0000 2025","0","@IndiHomeCare Oke Terima Kasih Tim Indihome Ahirnya sudah berhasil Migrasi paket.. Mohon Maaf jika rewel Ya karena We Love Telkom Semoga kedepanya Lebih Baik Lagi ","1884796146968941028","","IndiHomeCare","in","","0","1","0","https://x.com/undefined/status/1884796146968941028","1770604410932207616",
"1884777911288533442","Thu Jan 30 02:36:56 +0000 2025","0","@ridho_adrn @ridho_adrn Yuk Kak Ridho infoin nomor IndiHome atas nama dan negara tujuannya ke DM ya biar Kita bantu cek :) -Zidane","1884792887512330378","","ridho_adrn","in","","0","1","0","https://x.com/undefined/status/1884792887512330378","765035200896118789",
"1884604495671545882","Thu Jan 30 02:18:29 +0000 2025","0","@dontcallmebloo 5.karna aku bukan indihome aku gak tau nder.","1884788245097304118","","thissjusta","in","","0","1","0","https://x.com/undefined/status/1884788245097304118","1042313795404742656",
"1884784491769811413","Thu Jan 30 02:04:44 +0000 2025","1","Gimana sudah ada lagu andalanmu untuk momen-momen spesial di rumah? Langsung cek Langit Musik buat temukan playlist terbaik dan bikin momen kamu makin seru! ","1884784783823339611","","IndiHome","in","","0","1","0","https://x.com/undefined/status/1884784783823339611","1075673058931806208",
"1884784491769811413","Thu Jan 30 02:04:30 +0000 2025","2","Sore-sore waktu santai di rumah lagu apa yang pas? Yang kalem dan nyaman banget buat nyantai pilih yang tenang dan bikin mood relax ","1884784725866508537","","IndiHome","in","","0","1","0","https://x.com/undefined/status/1884784725866508537","1075673058931806208",
"1884783927103250786","Thu Jan 30 02:04:23 +0000 2025","0","@Zoola_ZZ @Zoola_ZZ Huhu Kak Zoola kenapa mau berhenti langganan? Prosesnya sekarang bisa dibantu melalui GraPARI atau Call Center kami di 188. Kalo berkenan dibantu reservasi melalui Call Center di 188 kirim nomor IndiHome nomor HP dan kondisi perangkatnya ke DM :) -Joan","1884784692995706937","","Zoola_ZZ","in","","0","1","0","https://x.com/undefined/status/1884784692995706937","765035200896118789",
"1884784491769811413","Thu Jan 30 02:04:13 +0000 2025","2","Pas makan bareng keluarga lagu Rumah Kita God Bless pasti bikin suasana makin hangat dan penuh kebersamaan ️ Gak ada yang lebih hangat dari makan bareng keluarga sambil dengerin lagu ini! ","1884784653426712821","","IndiHome","in","","0","1","0","https://x.com/undefined/status/1884784653426712821","1075673058931806208",
"1884784491769811413","Thu Jan 30 02:03:59 +0000 2025","2","Misalnya pagi-pagi langsung dengerin lagu Happy Pharrell Williams biar mood langsung naik dan siap hadapi hari! Pasti semangat seharian!","1884784592785416197","","IndiHome","in","","0","1","0","https://x.com/undefined/status/1884784592785416197","1075673058931806208",
"1884784491769811413","Thu Jan 30 02:03:35 +0000 2025","3","Kalau setiap momen punya soundtrack-nya lagu apa yang jadi pilihan kamu? Yuk kita barengan pilih lagu buat momen di rumah yang paling seru! #IndiHomebyTelkomsel #DariRumahTanpaBatas","1884784491769811413","","","in","","0","3","0","https://x.com/undefined/status/1884784491769811413","1075673058931806208",
"1884782369481375799","Thu Jan 30 01:55:57 +0000 2025","0","@livingliwavi Mantaps Sejak kapan nih pake IndiHome Kak? -Indah","1884782573731356979","","livingliwavi","in","","0","0","0","https://x.com/undefined/status/1884782573731356979","765035200896118789",
"1884782369481375799","Thu Jan 30 01:55:09 +0000 2025","0","wow bru kali ini indihome sat set kerjakan tp ini segmentasi bisnis sihh bisa jd beda sm yg biasa org2 indihome utk rumah huftttt","1884782369481375799","","","in","","0","1","0","https://x.com/undefined/status/1884782369481375799","1268246344142950400",
"1883794198387925450","Thu Jan 30 01:22:19 +0000 2025","0","@riephutra Kak Arie maaf ya :( boleh DM nomor IndiHome dan atas nama biar dibantu cek ya :( -Nesya","1884774110200476072","","riephutra","in","","0","0","0","https://x.com/undefined/status/1884774110200476072","765035200896118789",
"1884582973095514383","Thu Jan 30 01:15:14 +0000 2025","0","@IndiHome Ka cek dm","1884772323741622726","","IndiHome","in","","0","1","0","https://x.com/undefined/status/1884772323741622726","215157973",
"1884761312607224083","Thu Jan 30 00:31:28 +0000 2025","0","@IndiHomeCare indihome di Melawi sangat lambat tidak sesuai dengan paket yg Rp. 376k. Apakah ada hubungannya dengan banjir di Kalbar?","1884761312607224083","","IndiHomeCare","in","","0","2","0","https://x.com/undefined/status/1884761312607224083","1155759428542427136",
"1884748333958500451","Wed Jan 29 23:39:54 +0000 2025","0","Cara ganti password IndiHome gmn pls? Ikutin cara yg di google gabisa2 terus hubungin abang yg masang jg ga dibls2 soalnya kata abangnya klo mau ganti pass disuru hubungin dia","1884748333958500451","","","in","","0","2","0","https://x.com/undefined/status/1884748333958500451","1128691342605832193",
"1884744174735630502","Wed Jan 29 23:23:22 +0000 2025","1","MADIUN Ulasan Film Shadow in the Cloud (Amerika Serikat) Indihome TV 27 Januari 2025 3 5 dari 5 *Ulasan Lengkap Tersedia di Facebook dan Instagram* #FansFilmMadiun #StopIllegalWatching https://t.co/pfsUmDyN7f","1884744174735630502","https://pbs.twimg.com/media/Gif01YNbwAAyRDo.jpg","","in","","0","0","0","https://x.com/undefined/status/1884744174735630502","1328533468263772163",
"1884740387715375498","Wed Jan 29 23:10:58 +0000 2025","0","@looostars Lampu WiFinya merah ya Kak Febs :( pastikan kabel patch cord (kabel warna hitam/kuning dgn ujung kabel warna biru) terpasang dgn benar. Kalo masih sama infoin ke DM nomor IndiHome dan nama lengkap biar dibantu cek :) -Nesya","1884741053405946176","","looostars","in","","0","0","0","https://x.com/undefined/status/1884741053405946176","765035200896118789",
"1884740387715375498","Wed Jan 29 23:08:19 +0000 2025","0","Ini indihome kok lampu indikatornya merah semua si? Emang lagi error kah apa gimana @IndiHomeCare","1884740387715375498","","","in","","0","1","0","https://x.com/undefined/status/1884740387715375498","876720056536711168",
"1884734372261294169","Wed Jan 29 22:44:25 +0000 2025","1","Cok ini scholar yang gangguan apa indihome yg gangguan bjirrr","1884734372261294169","","","in","","0","1","0","https://x.com/undefined/status/1884734372261294169","1640053660020543493",
"1884713329610113396","Wed Jan 29 21:20:48 +0000 2025","0","jam set 5 subuh ye Indihome nge lag bagus bgt tot","1884713329610113396","","","in","","0","1","0","https://x.com/undefined/status/1884713329610113396","1135788968769777664",
"1884711122160541927","Wed Jan 29 21:12:02 +0000 2025","0","indihome asu lagi enak enak nnton bola tai","1884711122160541927","","","in","","0","1","0","https://x.com/undefined/status/1884711122160541927","1617220045104640000",
"1884242854257775004","Wed Jan 29 20:41:29 +0000 2025","0","@TheMinoanFury @afiqahputri @TheMinoanFury Hai Kak. Paket New JITU 1P Internet 30 Mbps dikenakan harga 280 ribu rupiah belum PPN 11% ya. Jika ingin langganan IndiHome bisa via aplikasi MyTelkomsel &amp; web https://t.co/u7LGX5KlI6 . Tks :) -Frey","1884703434521387153","","gjlasin","in","","0","0","0","https://x.com/undefined/status/1884703434521387153","765035200896118789",
"1878815579697729982","Wed Jan 29 20:32:21 +0000 2025","0","@TheMinoanFury @windaaaaayu @TheMinoanFury Untuk paket IndiHome tarif paketnya Flat selama tidak ada penambahan paket lainnya yaa Kak Gom. Makasih :) -Frey","1884701136541933783","","easy3wibu","in","","0","1","0","https://x.com/undefined/status/1884701136541933783","765035200896118789",
"1884694724344521155","Wed Jan 29 20:06:52 +0000 2025","0","Panggil mas agus indihome","1884694724344521155","","","in","","0","0","0","https://x.com/undefined/status/1884694724344521155","1019235508323418113",
"1884692336808251655","Wed Jan 29 19:57:23 +0000 2025","0","woi indihome jgn ngelag dulu pls gue gada kuota","1884692336808251655","","","in","","1","1","0","https://x.com/undefined/status/1884692336808251655","1800053473939210240",
"1884689573441396997","Wed Jan 29 19:46:24 +0000 2025","0","Indihome error ya KOCAK","1884689573441396997","","","in","","0","1","0","https://x.com/undefined/status/1884689573441396997","1874063116998500354",
"1884689184688136481","Wed Jan 29 19:44:52 +0000 2025","0","By.u vs Indihome https://t.co/0R64I6P0nW","1884689184688136481","https://pbs.twimg.com/media/GifC02LbYAMl5Mt.jpg","","in","","0","2","0","https://x.com/undefined/status/1884689184688136481","626912199",
"1884672918271254876","Wed Jan 29 18:45:02 +0000 2025","0","@IndiHomeCare Tolong banget ini mah. Tiba2 wifi saya putus dan gak bisa disambungin padahal besok krs. Beneran kecewa sama indihome.","1884674127468126657","","IndiHomeCare","in","","0","1","0","https://x.com/undefined/status/1884674127468126657","1142905829579882496",
"1884664855480983728","Wed Jan 29 18:10:12 +0000 2025","0","@mhnaanf @mhnaanf Kak Mhnaanf maaf ya. Untuk kendala WiFi yuk infokan nomor IndiHome dan atas nama ke DM. Nanti Kami bantu cek -Darlan","1884665361888673858","","mhnaanf","in","","0","0","0","https://x.com/undefined/status/1884665361888673858","765035200896118789",
"1884562380950311297","Wed Jan 29 17:58:40 +0000 2025","0","@ErmaRohma Kok tau?? Indihome yaa!!","1884662461112123581","","ErmaRohma","in","","0","0","0","https://x.com/undefined/status/1884662461112123581","1312285092501364737",
"1884654291660791892","Wed Jan 29 17:29:26 +0000 2025","0","@SabaBuyungGuci @BiznetHome @SabaBuyungGuci Kak Sababuyungguci maaf ya. Kami bantu lebih lanjut kendalanya yuk infoin nomor IndiHome dan atas namanya ke DM -Darlan","1884655104751734815","","SabaBuyungGuci","in","","0","1","0","https://x.com/undefined/status/1884655104751734815","765035200896118789",
"1884654291660791892","Wed Jan 29 17:26:12 +0000 2025","0","@IndiHomeCare Indihome kenapa dah jumping. Udh gonta ganti IP. Bahkan udah coba semua IP. Jumpingnya tuh bukan dari 8 ke 12. Tapi dari 8 bisa ke ratusan. Kacau bgt Biznet kapan masuk sini sih @BiznetHome","1884654291660791892","","IndiHomeCare","in","","0","1","0","https://x.com/undefined/status/1884654291660791892","58502500",
"1884652971059011632","Wed Jan 29 17:20:58 +0000 2025","0","Allahu ini indihome lelet kali","1884652971059011632","","","in","","0","1","0","https://x.com/undefined/status/1884652971059011632","1549298101219135489",
"1884651697810846177","Wed Jan 29 17:18:35 +0000 2025","0","kalian ngapain dah indihome gue tanya","1884652374482182180","","cap0calypse","in","","0","0","0","https://x.com/undefined/status/1884652374482182180","1525463769077678082",
"1884643833662861640","Wed Jan 29 17:11:27 +0000 2025","0","@bijiwijenuo @bijiwijenuo Perihal kendala jaringan IndiHome gak stabil Zyad minta maaf ya Kak Zara:( Tapi tenang coba Kakak infoin dulu yuk ke DM nomor IndiHome sama atas nama biar dibantu cek serta privasi data tetap terjaga. Makasih :) -Zyad","1884650578170831244","","bijiwijenuo","in","","0","0","0","https://x.com/undefined/status/1884650578170831244","765035200896118789",
"1884650392405016592","Wed Jan 29 17:10:43 +0000 2025","0","indihome kalo jam segini kenapa mesti ilang sih??? udah seminggu loh tiap jam segini ilang?????","1884650392405016592","","","in","","0","1","0","https://x.com/undefined/status/1884650392405016592","1437598584",
"1884649701204779127","Wed Jan 29 17:07:58 +0000 2025","1","woi indihome kerja yg bener https://t.co/5VU0YB7YGR","1884649701204779127","https://pbs.twimg.com/media/Giee6SsbYAQVwy2.jpg","","in","","0","2","0","https://x.com/undefined/status/1884649701204779127","1778527955989438465",
"1884647972895678807","Wed Jan 29 17:01:35 +0000 2025","0","Sbnrnya peta itu termasuk wilayah yg dah ada internet provider yg buat rumahan kek Indihome dkk.","1884648094756966638","","hvnlysinner","in","","0","0","0","https://x.com/undefined/status/1884648094756966638","1848986214973816832",
"1884645321839427622","Wed Jan 29 16:50:34 +0000 2025","0","INDIHOME ANJ KENAPA SIHH INI JARINGAN DARI KMRNN JELEK BANGET","1884645321839427622","","","in","","0","1","0","https://x.com/undefined/status/1884645321839427622","1196400465644122113",
"1884642677322621258","Wed Jan 29 16:44:03 +0000 2025","0","@miyzisua @miyzisua Maksudnya WiFi IndiHome kah Kak Nichi? Maaf ya Biar bisa dibantu pengecekan kendala internet IndiHome yang lambatnya boleh share dulu nomor internet sama atas nama pemiliknya ke DM yuk. Kami tunggu -Rai","1884643683745825261","","sesbyanlex","in","","0","0","0","https://x.com/undefined/status/1884643683745825261","255409050",
"1884622538078323160","Wed Jan 29 16:42:29 +0000 2025","0","@indrichxnce @indrichxnce Maaf Kak jadi kurang nyaman Yuk infoin nomor IndiHome dan atas nama ke DM. Nanti Kami bantu pengecekan lebih lanjut ya Kak. Tks -Darlan","1884643289347064209","","indrichxnce","in","","0","0","0","https://x.com/undefined/status/1884643289347064209","765035200896118789",
"1884586190172467641","Wed Jan 29 16:34:19 +0000 2025","0","@tanyakanrl Keterangan relevansi + nama lengkap (kalau tau) Galon Kang Asep LPG Kang Ujang Indihome Bapak Dadang","1884641232204496943","","tanyakanrl","in","","0","0","0","https://x.com/undefined/status/1884641232204496943","1114387583692226562",
"1884619954605236683","Wed Jan 29 16:26:00 +0000 2025","0","@nuttelax @nuttelax Maaf ya udah bikin gak nyaman :( Biar dibantu pengecekan kendalanya coba infoin ke DM nomor IndiHome dan atas nama lengkapnya dan rahasia data lebih terjaga. Makasih :) -Dero","1884639141461471311","","nuttelax","in","","0","0","0","https://x.com/undefined/status/1884639141461471311","765035200896118789",
"1884638133666689535","Wed Jan 29 16:22:00 +0000 2025","0","Indihome + kartu tri di musim ujan adalah neraka dunia.","1884638133666689535","","","in","","0","1","0","https://x.com/undefined/status/1884638133666689535","2375494554",
"1884619661855395876","Wed Jan 29 16:17:38 +0000 2025","0","@eaastside Memang knp ni Kak klo IndiHome? -Sira","1884637034876440859","","eaastside","in","","0","0","0","https://x.com/undefined/status/1884637034876440859","765035200896118789",
"1884619467453526487","Wed Jan 29 16:15:18 +0000 2025","0","@JohnRugebregt5 Yuk bisa yuk Kak pindah lagi pake IndiHome. -Sira","1884636449171235140","","JohnRugebregt5","in","","0","0","0","https://x.com/undefined/status/1884636449171235140","765035200896118789",
"1884635836261761481","Wed Jan 29 16:12:52 +0000 2025","0","indihome ini lg knp sih","1884635836261761481","","","in","","0","1","0","https://x.com/undefined/status/1884635836261761481","3279361831",
"1884634859211251778","Wed Jan 29 16:08:59 +0000 2025","0","indihome ngapa si selalu dc kontol","1884634859211251778","","","in","","0","2","0","https://x.com/undefined/status/1884634859211251778","1839369988391747585",
"1884634768954015775","Wed Jan 29 16:08:38 +0000 2025","0","adh mls bgt sm indihome kl malem trs ujan","1884634768954015775","","","in","","0","1","0","https://x.com/undefined/status/1884634768954015775","1750494276168101888",
"1884632354293162130","Wed Jan 29 16:08:31 +0000 2025","0","@Chelsieh_ @Chelsieh_ Maaf jadi gak nyaman :( Untuk kendala internet yang dialami coba infoin ke DM nomor IndiHome dan atas nama lengkapnya biar dibantu pengecekan lebih lanjut sama rahasia data lebih terjaga. Makasih :) -Dero","1884634740936114465","","Chelsieh_","in","","0","0","0","https://x.com/undefined/status/1884634740936114465","765035200896118789",
"1884633526676648046","Wed Jan 29 16:08:17 +0000 2025","0","@skiesrosed @skiesrosed Maaf banget Kak Leya kalau lemot coba deh infoin nomer IndiHome sama nama pemilik ke DM ya -Jovan","1884634681959923754","","skiesrosed","in","","0","0","0","https://x.com/undefined/status/1884634681959923754","765035200896118789",
"1884634090122756492","Wed Jan 29 16:05:56 +0000 2025","0","hadeh kebiasaan jelek indihome tiap ujan","1884634090122756492","","","in","","0","0","0","https://x.com/undefined/status/1884634090122756492","1140238346377056258",
"1884633569068519612","Wed Jan 29 16:03:52 +0000 2025","0","Ga indihome ga byu sama aja knp sik kl yg punya pemerintah bala bgt capek w anjer","1884633569068519612","","","in","","0","1","0","https://x.com/undefined/status/1884633569068519612","735498263579660288",
"1884612181158998415","Wed Jan 29 16:01:38 +0000 2025","0","@staryiuone Kakak user IndiHome jga bkn? -Sira","1884633007614775304","","dreamfluxx_","in","","0","0","0","https://x.com/undefined/status/1884633007614775304","765035200896118789",
"1884632103423521111","Wed Jan 29 15:58:02 +0000 2025","0","Indihome gw bayar lo buat internet lancar bukan malah ngelag","1884632103423521111","","","in","","0","1","0","https://x.com/undefined/status/1884632103423521111","2281849758",
"1884630556530585666","Wed Jan 29 15:55:28 +0000 2025","0","@dahsantaisantai @dahsantaisantai Kak Dahsantaisantai maafin Kak Kami bantu cek untuk kendala koneksi internetnya infoin nomor IndiHome dan atas namanya ke DM yah. Tks -Darlan","1884631454992457876","","dahsantaisantai","in","","0","0","0","https://x.com/undefined/status/1884631454992457876","765035200896118789",
"1884630611006226929","Wed Jan 29 15:52:07 +0000 2025","1","ASTAGFIRULLAH NI STREAK API PINDAH KE KEPALA GUE YAALLAH YAALLAH INDIHOME KENAPA LEMOT BGT","1884630611006226929","","","in","","0","1","0","https://x.com/undefined/status/1884630611006226929","1088247161685327872",
"1884629981009256654","Wed Jan 29 15:49:36 +0000 2025","0","ujan tuh indihome lemot bgt ya capek gw ya rabb","1884629981009256654","","","in","","0","1","0","https://x.com/undefined/status/1884629981009256654","1350817527287275523",
"1884599875553415496","Wed Jan 29 15:46:30 +0000 2025","0","@runjpeg IYA LAGI ADUH INI INDIHOME","1884629199618789384","","runjpeg","in","","0","1","0","https://x.com/undefined/status/1884629199618789384","1757936381861777408",
"1884626696361660756","Wed Jan 29 15:42:32 +0000 2025","0","@haecanadaa @haecanadaa Maaf Kak Zaza. Untuk jaringan LOS-nya apakah kabel patch cord (kabel yg berwarna hitam/kuning ujung berwarna biru) sudah terpasang dengan benar Kak? Yuk DM nomor IndiHome dan nama lengkap agar dibantu cek lebih lanjut. Makasih -Frey","1884628200606904509","","haecanadaa","in","","0","0","0","https://x.com/undefined/status/1884628200606904509","765035200896118789",
"1884627336672551121","Wed Jan 29 15:39:06 +0000 2025","1","anjjjj indihome kebiasaan co kalo ujan lemot aelah","1884627336672551121","","","in","","0","1","0","https://x.com/undefined/status/1884627336672551121","1512430354241449991",
"1884627335317541131","Wed Jan 29 15:39:06 +0000 2025","0","Bentar lagi bakalan ada yang arsip halaman pencarian from: @metamictization IndiHome","1884627335317541131","","","in","","0","2","0","https://x.com/undefined/status/1884627335317541131","943735450014859265",
"1884626696361660756","Wed Jan 29 15:36:33 +0000 2025","1","yaallah indihome bener bener bikin gue muak banget putus aja lah ganti wifi lain sinyal kalian jelekkkk @IndiHomeCare ","1884626696361660756","","","in","","0","2","0","https://x.com/undefined/status/1884626696361660756","1147409669645672448",
"1884421208436847051","Wed Jan 29 15:25:23 +0000 2025","0","@hatiygtersaqiti @hatiygtersaqiti Maapin ya Kak Pey :( Biar dibantu lebih lanjut boleh konfirmasi ke DM nomor IndiHome dan atas nama lengkapnya biar dibantu follow up dan rahasia data lebih terjaga. Makasih :) -Dero","1884623885632696503","","svvibian","in","","0","0","0","https://x.com/undefined/status/1884623885632696503","765035200896118789",
"1884622538078323160","Wed Jan 29 15:20:02 +0000 2025","0","Hua sebel bgt sm sinyal indihome kl lg ngerank apalagi kl pake mm dahlah disalahin w","1884622538078323160","","","in","","0","1","0","https://x.com/undefined/status/1884622538078323160","735498263579660288",
"1884596046292275213","Wed Jan 29 15:17:01 +0000 2025","0","@godsp9ed Kakak user IndiHome jga bkn? -Sira","1884621778506629454","","godsp9ed","in","","0","0","0","https://x.com/undefined/status/1884621778506629454","765035200896118789",
"1884621696856191195","Wed Jan 29 15:16:41 +0000 2025","4"," IndiHome Jakarta Timur 2025 WiFi Ngebut Harga Hemat! Mulai Rp 150RB/bulan + GRATIS PASANG Rp 555RB! (PROMO TERBATAS!) Streaming lancar gaming NO LAG! Jaringan fiber optik 100% Stabil! ️ Buruan daftar sebelum harga naik! https://t.co/ErANXZ4820","1884621696856191195","","","in","","0","0","0","https://x.com/undefined/status/1884621696856191195","1393764075532742662",
"1884619661855395876","Wed Jan 29 15:08:36 +0000 2025","0","info wifi yang murah selain indihome dong","1884619661855395876","","","in","","0","3","0","https://x.com/undefined/status/1884619661855395876","845080369",
"1884614537527300485","Wed Jan 29 15:06:09 +0000 2025","0","@jiminsu6a @jiminsu6a DM in ID akun IndiHome sama nama lengkap pemilik yuk Kak biar dibantu pengecekkan lebih lanjut. Sehat selalu :) -Rasya","1884619046660046994","","jiminsu6a","in","","0","0","0","https://x.com/undefined/status/1884619046660046994","765035200896118789",
"1884618624809472278","Wed Jan 29 15:04:29 +0000 2025","0","indihome jelek bgt anjirr ini kenapa lemot bgt cuk","1884618624809472278","","","in","","0","2","0","https://x.com/undefined/status/1884618624809472278","2670337759",
"1884565367579930653","Wed Jan 29 15:03:56 +0000 2025","0","@vimoong @vimoong Maaf Kak Kavi :( Coba infoin ke DM nomor IndiHome dan atas nama lengkapnya biar dibantu follow up sama rahasia data lebih terjaga. Makasih :) -Dero","1884618485256597552","","cuwicat","in","","0","0","0","https://x.com/undefined/status/1884618485256597552","765035200896118789",
"1884617849593115108","Wed Jan 29 15:01:24 +0000 2025","0","INDIHOME YA ALLAH TOLONG JANGAN LEMOT DULU....","1884617849593115108","","","in","","0","0","0","https://x.com/undefined/status/1884617849593115108","1545057960879042560",
"1884617318657110344","Wed Jan 29 14:59:17 +0000 2025","1","indihome kalo ga kaya tai gimana","1884617318657110344","","","in","","0","2","0","https://x.com/undefined/status/1884617318657110344","1007226316117032960",
"1884614969721020524","Wed Jan 29 14:52:19 +0000 2025","0","@hakara30 @hakara30 Mengenai kendala akses internet IndiHome lambat. Coba infoin dulu yuk ke DM nomor IndiHome sama atas nama biar dibantu cek serta privasi data tetap terjaga. Makasih :) -Zyad","1884615562787238145","","hakara30","in","","0","1","0","https://x.com/undefined/status/1884615562787238145","765035200896118789",
"1884615445745225805","Wed Jan 29 14:51:51 +0000 2025","0","indihome dri kmrn2 knp lemot bgt sih anjg drachin gue lgi numpuk nih","1884615445745225805","","","in","","0","2","0","https://x.com/undefined/status/1884615445745225805","1014739616165855237",
"1884614620150968716","Wed Jan 29 14:51:26 +0000 2025","0","@ywomgii yg lain aja kak. oxygen atau mnc murah. jgn indihome dah jelek bgt masalah mulu ada fup pula. aku aja mau ganti","1884615339629330786","","ywomgii","in","","0","3","0","https://x.com/undefined/status/1884615339629330786","116764010",
"1884610847345168425","Wed Jan 29 14:50:23 +0000 2025","1","@danivideda @danivideda Maafin Kak Dani. Kalau saat ini jaringan IndiHome Kakak gak stabil coba infoin dulu yuk ke DM nomor IndiHome sama atas nama biar dibantu cek serta privasi data tetap terjaga. Makasih :) -Zyad","1884615075149001026","","danivideda","in","","0","0","0","https://x.com/undefined/status/1884615075149001026","765035200896118789",
"1884610847345168425","Wed Jan 29 14:46:44 +0000 2025","0","@IndiHomeCare pake VPN langsung lancar wkwk parah nih memang routing nya IndiHome","1884614158714573034","","danivideda","in","","0","1","0","https://x.com/undefined/status/1884614158714573034","977317625502998528",
"1884592759534690426","Wed Jan 29 14:45:32 +0000 2025","0","@takmenyesal @whtpkd @takmenyesal Kak maaf ya. Koneksi internetnya berkendala juga ya? Yuk infokan nomor IndiHome dan atas nama ke DM. Nanti Kami bantu lebih lanjut -Darlan","1884613854577164754","","takmenyesal","in","","0","0","0","https://x.com/undefined/status/1884613854577164754","765035200896118789",
"1884612181158998415","Wed Jan 29 14:44:20 +0000 2025","0","@cidcatsad Bukan indihome namanya kalau gak bermasalah","1884613554248220800","","cidcatsad","in","","0","1","0","https://x.com/undefined/status/1884613554248220800","1755116494952996864",
"1884612505840074867","Wed Jan 29 14:40:10 +0000 2025","0","Knapa indihome dah beberapa hari ni lelet ya","1884612505840074867","","","in","","0","2","0","https://x.com/undefined/status/1884612505840074867","192766877",
"1884597356894781797","Wed Jan 29 14:27:18 +0000 2025","0","@ancaseason kamu anak indihome kah","1884609266490982695","","novaluney","in","","0","2","0","https://x.com/undefined/status/1884609266490982695","1636901922665041920",
"1884609148031246770","Wed Jan 29 14:26:49 +0000 2025","0","pengen main valo fun match sama ciwi ciwi tapi gamau jadi beban karena sinyalku jumping alias pengguna indihome","1884609148031246770","","","in","","0","1","0","https://x.com/undefined/status/1884609148031246770","1002482295159181313",
"1884608533624459570","Wed Jan 29 14:24:23 +0000 2025","1","@IndiHomeCare @Telkomsel @telkom Rabu 29/1/25 Grapari BSD.Mau migrasi ke paket Indihome movie complete. Info dari CS cuma dapat internet 100 Mbps &amp; aplikasi film berbayar tetapi indihomenya hilang.. gak habis pikir kalian itu Ibarat restoran padang tp jualnya lontong sayur","1884608533624459570","","IndiHomeCare","in","","0","2","1","https://x.com/undefined/status/1884608533624459570","1842023631335129088",
"1884233537571938361","Wed Jan 29 14:22:10 +0000 2025","0","@clizft Yuk bisa yuk Kak pindah IndiHome lagi. -Sira","1884607974821490988","","clizft","in","","0","0","0","https://x.com/undefined/status/1884607974821490988","765035200896118789",
"1884578536515891275","Wed Jan 29 14:18:19 +0000 2025","0","@chiscake88 @chiscake88 Maaf ya Kak Rdha. Kami bantu cek lebih lanjut ya coba infoin nomor IndiHome dan atas nama ke DM -Darlan","1884607006277021858","","chiscake88","in","","0","0","0","https://x.com/undefined/status/1884607006277021858","765035200896118789",
"1884167363136028775","Wed Jan 29 14:18:16 +0000 2025","0","@iwan_kuswara @Jerryzx_ @IndiHome @indihomejkt @indihome_jaksel @iwan_kuswara Maaf Kak Iwan mengenai kendala pada STB-nya infoin nomor internet dan atas nama ke DM yuk untuk pengecekan lebih lanjut. Tks :) -Frey","1884606992674906449","","iwan_kuswara","in","","0","0","0","https://x.com/undefined/status/1884606992674906449","765035200896118789",
"1884600621774577934","Wed Jan 29 14:15:59 +0000 2025","0","@michaelypriadi @michaelypriadi Maksudnya nomer HP yang terdaftar di IndiHome bukan Kak Michael? Coba infoin nomer sama nama pemiliknya ke DM ya -Jovan","1884606421100327244","","michaelypriadi","in","","0","0","0","https://x.com/undefined/status/1884606421100327244","765035200896118789",
"1884568301294301600","Wed Jan 29 14:15:50 +0000 2025","0","@iwan_kuswara @haechaniekeuu @IndiHome @indihomejkt @indihome_jaksel @iwan_kuswara Kak Iwan maaf ya. Guna dibantu penanganan lebih lanjut yuk infokan nomor IndiHome dan atas nama ke DM -Darlan","1884606381057270076","","iwan_kuswara","in","","0","0","0","https://x.com/undefined/status/1884606381057270076","765035200896118789",
"1884577872247136399","Wed Jan 29 14:11:35 +0000 2025","0","@esatudua_ @esatudua_ Maafin Kak Ayel. Yuk infoin nomor IndiHome dan atas nama ke DM. Nanti Kami bantu cek ya Kak -Darlan","1884605314563183028","","esatudua_","in","","1","0","0","https://x.com/undefined/status/1884605314563183028","765035200896118789",
"1884603765317362167","Wed Jan 29 14:05:26 +0000 2025","0","gw sayang indihome","1884603765317362167","","","in","","0","1","0","https://x.com/undefined/status/1884603765317362167","1501208016959516681",
"1884073927619801110","Wed Jan 29 14:05:12 +0000 2025","0","@asumolasi @asumolasi Maaf ya Kak Kusuma. Rasya bantu cek juga paketnya yah. DM in ID akun IndiHome sama nama lengkap pemilik yuk. Sehat selalu :) -Rasya","1884603704382574830","","asumolasi","in","","0","0","0","https://x.com/undefined/status/1884603704382574830","765035200896118789",
"1884603699626139857","Wed Jan 29 14:05:10 +0000 2025","0","indihome lelet banget dari kemarin","1884603699626139857","","","in","","0","1","0","https://x.com/undefined/status/1884603699626139857","1082446271535673345",
"1884581184438444128","Wed Jan 29 14:05:07 +0000 2025","0","@ifitszhanghao Kakak user IndiHome jga bkn? -Sira","1884603686175019412","","ifitszhanghao","in","","0","0","0","https://x.com/undefined/status/1884603686175019412","765035200896118789",
"1884580336857698794","Wed Jan 29 14:03:09 +0000 2025","0","@helianthnus Btw Kakak user IndiHome bkn? -Sira","1884603191020372000","","helianthnus","in","","0","0","0","https://x.com/undefined/status/1884603191020372000","765035200896118789",
"1884602869070069780","Wed Jan 29 14:01:52 +0000 2025","0","ini IndiHome wilayah surabaya pada error ya? @IndiHomeCare","1884602869070069780","","","in","","0","4","0","https://x.com/undefined/status/1884602869070069780","1759173537120808960",
"1884585621299294281","Wed Jan 29 14:00:13 +0000 2025","0","@peachfairydust @peachfairydust Huhuu maaf banget kalau akses internetnya lelet Kak Shel coba deh infoin nomer IndiHome sama nama pemilik ke DM -Jovan","1884602452902834520","","peachfairydust","in","","0","0","0","https://x.com/undefined/status/1884602452902834520","765035200896118789",
"1884601673680851411","Wed Jan 29 13:57:07 +0000 2025","2","tadi yang bermasalah pln sekarang pln udah bisa gantian Indihome ","1884601673680851411","","","in","","0","2","0","https://x.com/undefined/status/1884601673680851411","1724013935479898112",
"1884573253915881796","Wed Jan 29 13:56:58 +0000 2025","0","@itskyreyy IndiHome Kakak ga stabil bkn? -Sira","1884601633994330455","","itskyreyy","in","","0","0","0","https://x.com/undefined/status/1884601633994330455","765035200896118789",
"1884585317216424183","Wed Jan 29 13:55:48 +0000 2025","0","@MufidhadiM @IndiHome @MufidhadiM Hai Kak Mufid. Maaf jika ada kendala dengan sinyal Telkomsel dan IndiHomenya ya. Biar bisa dibantu pengecekan boleh share dulu nomor Telkomsel dan IndiHome-nya ke DM yuk. Sertakan juga atas nama pemilik waktu kejadian lokasi lengkap dan nomor Telkomsel lain yang","1884601341433336024","","MufidhadiM","in","","0","1","0","https://x.com/undefined/status/1884601341433336024","255409050",
"1884568012617052442","Wed Jan 29 13:50:42 +0000 2025","0","@jusnhwi @jusnhwi Kak Nanda maafin ya. Kami bantu cek lebih lanjut kendalanya yuk infokan nomor IndiHome dan atas namanya ke DM -Darlan","1884600057045066211","","jusnhwi","in","","0","0","0","https://x.com/undefined/status/1884600057045066211","765035200896118789",
"1884599201692323911","Wed Jan 29 13:47:18 +0000 2025","0","Semenjak aplikasi MyIndihome dinonaktifkan dan beralih ke MyTelkomsel buat pengaduan Indihome jadi susah. Sudah terhubung dengan cust service tapi balasan tetap template dan lgsg case closed? Jadi percuma @IndiHomeCare https://t.co/mNRUJYa9HT","1884599201692323911","https://pbs.twimg.com/media/Gidw-utbkAAbDAB.jpg","","in","","0","0","0","https://x.com/undefined/status/1884599201692323911","230618565",
"1884233537571938361","Wed Jan 29 13:45:52 +0000 2025","0","@NanoKardun Bukan juga Kak. Btw Kakak user IndiHome bkn? -Sira","1884598840696938916","","NanoKardun","in","","0","1","0","https://x.com/undefined/status/1884598840696938916","765035200896118789",
"1884583369595568151","Wed Jan 29 13:42:11 +0000 2025","0","@nawangsidi @IndiHome @nawangsidi Bolehh Kak Nawangsidi. Untuk pengecekan lebih lanjut yuk infokan juga nomor IndiHome dan atas namanya di-DM -Darlan","1884597912115740714","","nawangsidi","in","","0","0","0","https://x.com/undefined/status/1884597912115740714","765035200896118789",
"1884573253915881796","Wed Jan 29 13:40:07 +0000 2025","0","@Najadirfann Masa s Kak? Btw Kakak user IndiHome bkn? -Sira","1884597395570479228","","Najadirfann","in","","0","0","0","https://x.com/undefined/status/1884597395570479228","765035200896118789",
"1884597312942457304","Wed Jan 29 13:39:48 +0000 2025","0","indihome kalo abis ujan bikin istigfar","1884597312942457304","","","in","","0","1","0","https://x.com/undefined/status/1884597312942457304","1792559656763858944",
"1884573253915881796","Wed Jan 29 13:38:58 +0000 2025","0","@Alzkvrinss7 Btw Kakak berlangganan IndiHome ga ni? -Sira","1884597104900747546","","Alzkvrinss7","in","","0","0","0","https://x.com/undefined/status/1884597104900747546","765035200896118789",
"1884573253915881796","Wed Jan 29 13:35:07 +0000 2025","0","@ryhnfdlh Masa s Kak? Btw Kakak user IndiHome bkn? -Sira","1884596136067186814","","ryhnfdlh","in","","0","0","0","https://x.com/undefined/status/1884596136067186814","765035200896118789",
"1884596019146715360","Wed Jan 29 13:34:39 +0000 2025","2"," Nekat banget! Dua pria di Batam ketahuan motong tiang jaringan telekomunikasi di siang bolong! Diduga mau curi besi atau kabel aksi mereka malah jadi tontonan warga. Ngakunya petugas Indihome tapi kok gak pake seragam? Warga yang curiga langsung mengamankan mereka https://t.co/lcc1riMXur","1884596019146715360","https://pbs.twimg.com/ext_tw_video_thumb/1884595974192140288/pu/img/gIN0Q2DXDCEfN0Ca.jpg","","in","","0","1","0","https://x.com/undefined/status/1884596019146715360","46693036",
"1884596008518312022","Wed Jan 29 13:34:37 +0000 2025","0","@IndiHomeCare Halo call center indihome skrg brp ya? kok saya coba hub 188 keterangannya suspended? tlp ke 147 tp disuruh tlp ke 188 itu.","1884596008518312022","","IndiHomeCare","in","","0","3","0","https://x.com/undefined/status/1884596008518312022","37918944",
"1884595373395915054","Wed Jan 29 13:32:05 +0000 2025","0","indihome nih kaya memek","1884595373395915054","","","in","","0","1","0","https://x.com/undefined/status/1884595373395915054","1590980376973185025",
"1884573253915881796","Wed Jan 29 13:31:35 +0000 2025","0","@sisigelapkrisna Kakak pake IndiHome juga bkn? -Sira","1884595245167550852","","krisnazyzuzezo","in","","0","1","0","https://x.com/undefined/status/1884595245167550852","765035200896118789",
"1884592285477957835","Wed Jan 29 13:31:11 +0000 2025","0","@cadtains pakai apa? Indihome??","1884595145582281189","","cadtains","in","","0","1","0","https://x.com/undefined/status/1884595145582281189","634533830",
"1884594892363727217","Wed Jan 29 13:30:11 +0000 2025","0","Indihome ni error dari sebelum maghrib sampe sekarang anjir","1884594892363727217","","","in","","0","1","0","https://x.com/undefined/status/1884594892363727217","1008609981707382786",
"1884573253915881796","Wed Jan 29 13:29:04 +0000 2025","0","@Abbasseu_ Masa s Kak? Btw Kakak user IndiHome bkn? -Sira","1884594612217757968","","Abbasseu_","in","","0","0","0","https://x.com/undefined/status/1884594612217757968","765035200896118789",
"1884594282734239766","Wed Jan 29 13:27:45 +0000 2025","0","indihome gangguan sinyal telkomsel lemot parah. apaacoba","1884594282734239766","","","in","","0","3","0","https://x.com/undefined/status/1884594282734239766","1451958928137326596",
"1884592970667786728","Wed Jan 29 13:26:03 +0000 2025","0","@halfplastix @IndiHome @halfplastix Perihal kendala internet IndiHome lambat Zyad minta maaf ya Kak:( Coba Kakak infoin dulu yuk ke DM nomor IndiHome sama atas nama biar dibantu cek serta privasi data tetap terjaga. Makasih :) -Zyad","1884593853996622113","","halfplastix","in","","0","0","0","https://x.com/undefined/status/1884593853996622113","765035200896118789",
"1884590857334161820","Wed Jan 29 13:22:55 +0000 2025","0","@_DRizki @_DRizki Maafin ya Kak Dian atas ketidaknyamanan yang dialami. Kalau saat ini jaringan IndiHome Kakak gak stabil kembali. Coba infoin dulu yuk ke DM nomor IndiHome sama atas nama biar dibantu cek serta privasi data tetap terjaga. Makasih :) -Zyad","1884593067057094738","","_DRizki","in","","0","1","0","https://x.com/undefined/status/1884593067057094738","765035200896118789",
"1884592970667786728","Wed Jan 29 13:22:32 +0000 2025","1","pls knp @IndiHomeCare @IndiHome akhir2 ini lemot bgt ajrrr","1884592970667786728","","","in","","0","2","0","https://x.com/undefined/status/1884592970667786728","1255854661506002946",
"1884573075498467649","Wed Jan 29 13:20:09 +0000 2025","0","@IndiHomeCare @IndiHome Udah dm","1884592370588749824","","IndiHomeCare","in","","0","0","0","https://x.com/undefined/status/1884592370588749824","920087597371637761",
"1884591961417675222","Wed Jan 29 13:18:33 +0000 2025","2","️: AS Roma vs Napoli : Leg 2 Perempatfinal Coppa Italia : 00:00 WIB : W-Sport (via Dens TV atau Indihome) : Berlangganan Dens TV mulai dari IDR 21.000 per bulan. https://t.co/oMuGcR8feF","1884591967704879403","https://pbs.twimg.com/media/Gido_qTbYAAzOM1.jpg","womensfootie_id","in","","1","1","1","https://x.com/undefined/status/1884591967704879403","1454368958",
"1884591205134328156","Wed Jan 29 13:15:31 +0000 2025","0","Udh gila emg indihome bisa sampe 300 pingnya jam segini","1884591205134328156","","","in","","0","1","0","https://x.com/undefined/status/1884591205134328156","109547986",
"1884590082214207963","Wed Jan 29 13:11:04 +0000 2025","0","demi tuhan indihome kalo lagi hujan gini nyusahin bgt thanks for ruining my day","1884590082214207963","","","in","","0","1","0","https://x.com/undefined/status/1884590082214207963","1675518771879112704",
"1884588895016464864","Wed Jan 29 13:06:21 +0000 2025","7","Indihome kalo abis ujan bapuk sangat","1884588895016464864","","","in","","0","2","0","https://x.com/undefined/status/1884588895016464864","1077772188541804546",
"1884578268348874873","Wed Jan 29 12:51:31 +0000 2025","0","@alim_andhi @alim_andhi Maaf ya kak Alim :( Coba konfirmasi ke DM nomor IndiHome dan atas nama lengkapnya biar dibantu follow up dan rahasia data lebihh terjaga. Makasih :) -Dero","1884585162908004834","","alim_andhi","in","","0","0","0","https://x.com/undefined/status/1884585162908004834","765035200896118789",
"1884582973095514383","Wed Jan 29 12:42:49 +0000 2025","0","Biar hati happy dengerin album di atas deh ️ Baca daftar judul lagunya dari atas ke bawah terus lakuin instruksi dari lagunya ya #IndiHomebyTelkomsel #DariRumahTanpaBatas https://t.co/ub5LEnrSek","1884582973095514383","https://pbs.twimg.com/media/GidiOQ0a4AAQ7Qr.jpg","","in","","0","3","0","https://x.com/undefined/status/1884582973095514383","1075673058931806208",
"1884577423473160423","Wed Jan 29 12:37:22 +0000 2025","0","@pmtkemkomdigi Aku udah hubungi ke indihome daerah Bandung Barat kak emang lagi gangguan massal ada perbaikan katanya. Terima kasih","1884581601335468339","","pmtkemkomdigi","in","","0","0","0","https://x.com/undefined/status/1884581601335468339","1672569524313538561",
"1884580434417516885","Wed Jan 29 12:32:44 +0000 2025","1","LEMOT BGT INDIHOME YAALLAHHHHH","1884580434417516885","","","in","","0","6","0","https://x.com/undefined/status/1884580434417516885","1214859925735690242",
"1884573253915881796","Wed Jan 29 12:27:56 +0000 2025","0","@L_MarshaJKT48 hari hari indihome moment","1884579228571627955","","L_MarshaJKT48","in","","0","1","0","https://x.com/undefined/status/1884579228571627955","230040058",
"1884579057230360668","Wed Jan 29 12:27:15 +0000 2025","0","capek bgt sm indihome ","1884579057230360668","","","in","","0","2","0","https://x.com/undefined/status/1884579057230360668","1495040442303320064",
"1884578846558872058","Wed Jan 29 12:26:25 +0000 2025","0","indihome akhir bulan jelek banget njiss","1884578846558872058","","","in","","0","2","0","https://x.com/undefined/status/1884578846558872058","1376704572589228032",
"1884578536515891275","Wed Jan 29 12:25:11 +0000 2025","0","indihome kenapa lemot banget dahhh","1884578536515891275","","","in","","0","1","0","https://x.com/undefined/status/1884578536515891275","1008521414524059648",
"1884577750046081540","Wed Jan 29 12:22:04 +0000 2025","0","indihome lemot banget gilaakk ‍","1884577750046081540","","","in","","0","3","0","https://x.com/undefined/status/1884577750046081540","2757711441",
"1884577423473160423","Wed Jan 29 12:20:46 +0000 2025","0","Indihome gak connect ternyata lagi gangguan massal huwaaa","1884577423473160423","","","in","","0","2","0","https://x.com/undefined/status/1884577423473160423","1672569524313538561",
"1884571936229065181","Wed Jan 29 12:20:11 +0000 2025","0","@chitatorebus @chitatorebus Maaf deh coba infoin nomer IndiHome sama nama pemilik ke DM biar bisa dibantu cek lebih lanjut -Jovan","1884577277981384841","","chitatorebus","in","","0","0","0","https://x.com/undefined/status/1884577277981384841","765035200896118789",
"1884577039208132724","Wed Jan 29 12:19:14 +0000 2025","0","Lagi drakoran tiba-tiba ngeleg pas hubungin pihak indihome nya ternyata Gangguan Massal. HUWAA","1884577039208132724","","","in","","0","0","0","https://x.com/undefined/status/1884577039208132724","1672569524313538561",
"1884573070930890909","Wed Jan 29 12:14:44 +0000 2025","0","@ooopshie @ooopshie Duuuh maafin kalau tiba-tiba akses internetnya berkendala Kak coba deh infoin nomer IndiHome sama nama pemilik ke DM ya -Jovan","1884575907987533842","","ooopshie","in","","0","0","0","https://x.com/undefined/status/1884575907987533842","765035200896118789",
"1884573075498467649","Wed Jan 29 12:14:09 +0000 2025","0","@msgondrong @IndiHome @msgondrong Hai Kak. Maaf untuk kendalanya ya Kalo kabel patch cord yang tersambung ke modemnya sudah dipastikan terpasang dengan kencang tapi internet masih berkendala silakan infoin nomor internet sama atas nama pemilik ke DM biar dicek lebih lanjut ya -Rai","1884575760805191872","","msgondrong","in","","0","1","0","https://x.com/undefined/status/1884575760805191872","765035200896118789",
"1884571936229065181","Wed Jan 29 12:11:50 +0000 2025","0","@sipalingsangar @IndiHomeCare takok takok tok indihome tp pancet ae kyk telek @IndiHomeCare","1884575176031166623","","sipalingsangar","in","","0","0","0","https://x.com/undefined/status/1884575176031166623","1216293610586394625",
"1884573070930890909","Wed Jan 29 12:08:33 +0000 2025","0","@ooopshie @fitriaapeu @ooopshie Maafin ya Kak Shie. Zyad saranin Kakak lebih hati-hati ya terhadap akun yang mengatasnamakan IndiHome. Saat ini Zyad cek udah ada konfirmasi dari Kakak di DM Kakak bisa tunggu balesan selanjutnya di DM ya. Makasih :) -Zyad","1884574351670096220","","ooopshie","in","","0","1","0","https://x.com/undefined/status/1884574351670096220","765035200896118789",
"1884573626634256850","Wed Jan 29 12:05:40 +0000 2025","0","Indihome babi internet lu ngapa jelek banget dah setan. Mau ngirim chat aja ampe susah amet.","1884573626634256850","","","in","","0","1","0","https://x.com/undefined/status/1884573626634256850","857456983",
"1884573253915881796","Wed Jan 29 12:04:26 +0000 2025","9","@L_MarshaJKT48 Wkwkwkwkwkw sinyal indihome mesti","1884573314208944412","","L_MarshaJKT48","in","","0","1","0","https://x.com/undefined/status/1884573314208944412","1725329949828231168",
"1884573075498467649","Wed Jan 29 12:03:29 +0000 2025","0","@IndiHomeCare mbok tulung iki gimana router muncul lampu indikator merah wes 6jam jaringane ilang gak iso nyambung kih piye??? Tulung respone @IndiHome","1884573075498467649","","IndiHomeCare","in","","0","3","0","https://x.com/undefined/status/1884573075498467649","920087597371637761",
"1884573070930890909","Wed Jan 29 12:03:28 +0000 2025","0","haloo indihome knp dah tbtb sinyal ga connectt @IndiHomeCare","1884573070930890909","","","in","","0","3","0","https://x.com/undefined/status/1884573070930890909","1074817155592384512",
"1884572698921304085","Wed Jan 29 12:01:59 +0000 2025","0","@MNCVisionID hei mnc vision bisa ga buat iklan ga usah gede ini saya mau liat videonya ketutup. Mending kyak dlu di samping kanan tv . Ketutup saat nonton itu SANGAT MENGANGGU saya lihat sampai akhir februari 2025. Kalau masih begitu akan saya ganti ke indihome tv lg https://t.co/5uisUEgt96","1884572698921304085","https://pbs.twimg.com/media/GidY4QDawAAtt6S.jpg","MNCVisionID","in","","0","2","0","https://x.com/undefined/status/1884572698921304085","42467852",
"1884568903369576649","Wed Jan 29 11:59:26 +0000 2025","0","@baddybtchh @baddybtchh Maafin Kak Dy kalau WiFinya berkendala coba deh infoin nomer IndiHome sama nama pemilik ke DM ya -Jovan","1884572056492314853","","mysecside","in","","0","1","0","https://x.com/undefined/status/1884572056492314853","765035200896118789",
"1884571936229065181","Wed Jan 29 11:58:57 +0000 2025","0","indihome jancok lemot bgt telek","1884571936229065181","","","in","","0","1","0","https://x.com/undefined/status/1884571936229065181","1216293610586394625",
"1884564290247823720","Wed Jan 29 11:53:36 +0000 2025","0","@shesnotkeii @shesnotkeii Maaf Kak :( Yuk infoin nomor IndiHome dan atas nama lengkapnya biar dibantu follow up dan rahasia data lebih terjaga. Makasih :) -Dero","1884570588624441655","","shesnotkeii","in","","0","0","0","https://x.com/undefined/status/1884570588624441655","765035200896118789",
"1884570551823515975","Wed Jan 29 11:53:27 +0000 2025","0","@IndiHome cek dm pls. ty","1884570551823515975","","IndiHome","in","","0","1","0","https://x.com/undefined/status/1884570551823515975","336493095",
"1884566029801812258","Wed Jan 29 11:51:31 +0000 2025","0","@soralzy @soralzy Maaf banget kalau akses internetnya lemot Kak Soray coba deh infoin nomer IndiHome sama nama pemilik ke DM ya -Jovan","1884570061836517451","","soralzy","in","","0","0","0","https://x.com/undefined/status/1884570061836517451","765035200896118789",
"1884568012617052442","Wed Jan 29 11:43:22 +0000 2025","0","Indihome mahal doang gak bisa buka video","1884568012617052442","","","in","","0","1","0","https://x.com/undefined/status/1884568012617052442","1815651312496963584",
"1884567849542586468","Wed Jan 29 11:42:43 +0000 2025","0","INDIHOME LEMOT GK KARUAN MAU MARRAH","1884567849542586468","","","in","","0","1","0","https://x.com/undefined/status/1884567849542586468","1290779919497060353",
"1884540011581702352","Wed Jan 29 11:33:59 +0000 2025","0","@AnnisaNRahayu @AnnisaNRahayu Belum Kak An-Nisa. Makasih banget ya udah jadi pengguna setia IndiHome. Jaga selalu kesehatan yaa. Semoga taun 2025 jadi tahun yang lebih baik buat kakaknya -Dero","1884565649521005000","","AnnisaNRahayu","in","","0","1","0","https://x.com/undefined/status/1884565649521005000","765035200896118789",
"1884561498607079606","Wed Jan 29 11:17:29 +0000 2025","0","JARINGANNN indihome https://t.co/2nLzDxDkPp","1884561498607079606","https://pbs.twimg.com/media/GidOsZwasAAsV1L.jpg","","in","","0","1","0","https://x.com/undefined/status/1884561498607079606","1799733144511504384",
"1884553901200064693","Wed Jan 29 11:13:45 +0000 2025","0","@guntswook IndiHome Kakak ga stabil jga bkn? -Sira","1884560558512292308","","guntswook","in","","0","0","0","https://x.com/undefined/status/1884560558512292308","765035200896118789",
"1884560008551276918","Wed Jan 29 11:11:34 +0000 2025","0","daaan yap hari terakhir libur indihome babi malah asu","1884560008551276918","","","in","","0","1","0","https://x.com/undefined/status/1884560008551276918","1458018359430180869",
"1884536735872520456","Wed Jan 29 11:10:29 +0000 2025","0","@dikoncistang_ @dikoncistang_ Maafin Zyad ya Kak Andikoy:( Saat ini udah ada interaksi di DM perihal kendala siyal IndiHome gak stabil lanjutin di DM interaksinya. Makasih :) -Zyad","1884559739272753573","","mauduren10","in","","0","1","0","https://x.com/undefined/status/1884559739272753573","765035200896118789",
"1884536735872520456","Wed Jan 29 11:09:20 +0000 2025","0","@IndiHomeCare BENER BURUK PELAYANAN INDIHOME INI !","1884559447223308476","","IndiHomeCare","in","","0","1","0","https://x.com/undefined/status/1884559447223308476","1502172408454598656",
"1884155898161160374","Wed Jan 29 11:06:29 +0000 2025","1","@indomierasasusu @kyeomisyu wonwoo indihome","1884558729888297000","","indomierasasusu","in","","0","0","0","https://x.com/undefined/status/1884558729888297000","1732060323501518848",
"1884538449707069836","Wed Jan 29 10:51:43 +0000 2025","0","@imermaiidd @imermaiidd Mohon maaf ya Kak Kiyah. Kalau saat ini jaringan IndiHome Kakak berkendala coba infoin dulu yuk ke DM nomor IndiHome sama atas nama biar dibantu cek serta privasi data tetap terjaga. Makasih :) -Zyad","1884555016272576611","","imermaiidd","in","","0","0","0","https://x.com/undefined/status/1884555016272576611","765035200896118789",
"1884553901200064693","Wed Jan 29 10:47:18 +0000 2025","1","indihome ini kyk ffek","1884553901200064693","","","in","","0","2","0","https://x.com/undefined/status/1884553901200064693","1542467825142337537",
"1884540011581702352","Wed Jan 29 10:40:01 +0000 2025","0","@chwenoon Memang pilihan terbaik! Makasih ya Kak sudah percaya dengan IndiHome. -Sira","1884552072223445341","","chwenoon","in","","0","0","0","https://x.com/undefined/status/1884552072223445341","765035200896118789",
"1884540011581702352","Wed Jan 29 10:29:44 +0000 2025","0","@AnnisaNRahayu Wuihh mantap!Makasih ya Kak udah pilih IndiHome buat nemenin aktivitas Kakak selama ini. -Sira","1884549483033514378","","AnnisaNRahayu","in","","0","1","0","https://x.com/undefined/status/1884549483033514378","765035200896118789",
"1884540011581702352","Wed Jan 29 10:28:19 +0000 2025","0","@staffbangtan Memang knp ni Kak klo IndiHome? -Sira","1884549123891929453","","StaffnyaBTS","in","","0","1","0","https://x.com/undefined/status/1884549123891929453","765035200896118789",
"1884548797910421962","Wed Jan 29 10:27:01 +0000 2025","0","indihome napa deh 2 hari internet merah trus","1884548797910421962","","","in","","0","2","0","https://x.com/undefined/status/1884548797910421962","1282230691942379521",
"1884540011581702352","Wed Jan 29 10:26:20 +0000 2025","0","@tyunzun Memang pilihan terbaik! Makasih ya Kak sudah percaya dengan IndiHome. -Sira","1884548625381888031","","tyunzun","in","","0","0","0","https://x.com/undefined/status/1884548625381888031","765035200896118789",
"1884540011581702352","Wed Jan 29 10:24:48 +0000 2025","0","@Kocak_313 Makasih ya Kak sudah percaya dan merekomendasikan IndiHome. Btw Kakak udh berapa lama ni berlangganan IndiHome? -Sira","1884548241225810291","","HAIIII_0_0_","in","","0","0","0","https://x.com/undefined/status/1884548241225810291","765035200896118789",
"1884540011581702352","Wed Jan 29 10:21:37 +0000 2025","0","@DiiMarrziio Wuihh mantap!Makasih ya Kak udah pilih IndiHome buat nemenin aktivitas Kakak selama ini. -Sira","1884547441011376411","","urreenemy","in","","0","1","0","https://x.com/undefined/status/1884547441011376411","765035200896118789",
"1884547434480861444","Wed Jan 29 10:21:36 +0000 2025","0","indihome sumpah ye sinyal lu jelek bgt anjimg","1884547434480861444","","","in","","0","1","0","https://x.com/undefined/status/1884547434480861444","1651541555503857664",
"1884540011581702352","Wed Jan 29 10:14:57 +0000 2025","0","@tanyakanrl Rumahku pake indihome cuma trouble pas awal pemasangan itu sekitar 5 atau 6 tahun lalu sekarang udah ngga pernah. Aman banget nder jaringannya abis matlis juga langsung bisa pake","1884545761859522659","","tanyakanrl","in","","0","1","0","https://x.com/undefined/status/1884545761859522659","1134367066083868672",
"1867176878110629940","Wed Jan 29 10:09:24 +0000 2025","0","@LMFAIQ @IndiHomeCare sama kok eznet jg dari indihome","1884544364355170704","","LMFAIQ","in","","0","1","0","https://x.com/undefined/status/1884544364355170704","1002722272690384896",
"1884531179690541529","Wed Jan 29 10:06:35 +0000 2025","0","@IndiHome Saking special nya Jaringan indihome area kotabaru kalsel ngedrop sdh 2 minggu ini blm ad kliatan tanda² perkembangan.","1884543655786201120","","IndiHome","in","","0","1","0","https://x.com/undefined/status/1884543655786201120","200752349",
"1867176878110629940","Wed Jan 29 10:03:25 +0000 2025","0","@fairy_ryu18 @IndiHomeCare Halo kak aku mau tanya2 EZnet. Ini kayak model wifi seperti biasa ya? Soalnya aku agak bingung bedanya sama indihome atau wifi pada umumnya","1884542858205823271","","fairy_ryu18","in","","0","3","0","https://x.com/undefined/status/1884542858205823271","380826077",
"1884540011581702352","Wed Jan 29 10:03:13 +0000 2025","0","@tanyakanrl di rumahku indihome since 2017 so far jarang banget banget gangguan","1884542807668580706","","tanyakanrl","in","","0","1","0","https://x.com/undefined/status/1884542807668580706","336820884",
"1884540011581702352","Wed Jan 29 10:01:29 +0000 2025","0","@tanyakanrl jgn indihome","1884542373902070115","","tanyakanrl","in","","0","1","0","https://x.com/undefined/status/1884542373902070115","2156788034",
"1884540011581702352","Wed Jan 29 09:55:32 +0000 2025","0","@tanyakanrl Worth aja aku udh dr th 2022an pake IndiHome smpe skg msh lancar jaya. Mau ganti pun gaada alasan krn gapernah trouble","1884540876543885316","","tanyakanrl","in","","0","1","0","https://x.com/undefined/status/1884540876543885316","1611053864412938240",
"1884540842188423199","Wed Jan 29 09:55:24 +0000 2025","0","@IndiHomeCare indihome. mau ganti paket langgganan nih kakz cek dm ya","1884540842188423199","","IndiHomeCare","in","","0","0","0","https://x.com/undefined/status/1884540842188423199","1747852926247469056",
"1884540011581702352","Wed Jan 29 09:55:03 +0000 2025","0","@tanyakanrl Indihome kadang jelek nder","1884540752577130539","","tanyakanrl","in","","0","1","0","https://x.com/undefined/status/1884540752577130539","1777189142423904256",
"1884538449707069836","Wed Jan 29 09:45:54 +0000 2025","0","indihome lagi error apa gimana sih njirr","1884538449707069836","","","in","","0","1","0","https://x.com/undefined/status/1884538449707069836","1606534487109644288",
"1884501605518589981","Wed Jan 29 09:45:04 +0000 2025","0","@luvncry @seeshawty @luvncry Hai Kak. Apakah ada yang bisa kami bantu seputar produk dan layanan IndiHome Kak? :) -Sakia","1884538240356782113","","luvncry","in","","0","0","0","https://x.com/undefined/status/1884538240356782113","765035200896118789",
"1884538105795084637","Wed Jan 29 09:44:32 +0000 2025","1","indihome stress fgd gw ancur gara2 wifi asu","1884538105795084637","","","in","","0","1","0","https://x.com/undefined/status/1884538105795084637","1619373415324061696",
"1884537875129421896","Wed Jan 29 09:43:37 +0000 2025","0","eh kacau bgt ini sinyal indihome telkomsel byu sekeluarga","1884537875129421896","","","in","","0","1","0","https://x.com/undefined/status/1884537875129421896","789401555833278465",
"1884536735872520456","Wed Jan 29 09:39:05 +0000 2025","0","gue gedeg bgt anj sama indihome ni lama lama","1884536735872520456","","","in","","0","1","0","https://x.com/undefined/status/1884536735872520456","1502172408454598656",
"1884534042235670573","Wed Jan 29 09:31:17 +0000 2025","0","@jjjaemincaa indihome si kataku","1884534774687256656","","jaehycc","in","","0","1","0","https://x.com/undefined/status/1884534774687256656","1445396938753552388",
"1884533616040145035","Wed Jan 29 09:30:36 +0000 2025","0","@zekdzekk @IndiHome @TelkomJabar @zekdzekk Maaf atas ketidaknyamanannya Kak. Diupayakan agar permintaannya segera terealisasikan dan berkenan menunggu balasan di DM yang sudah dibantu percepatan ya. Makasih. -Dhet","1884534602787926418","","zekdzekk","in","","0","1","0","https://x.com/undefined/status/1884534602787926418","765035200896118789",
"1884531684542136471","Wed Jan 29 09:19:01 +0000 2025","0","YA ALLAHHH INDIHOME STOP NGE LAG BS GK","1884531684542136471","","","in","","0","0","0","https://x.com/undefined/status/1884531684542136471","1215895451892776961",
"1884262492836438164","Wed Jan 29 09:18:52 +0000 2025","0","@nasruddinst Kalo IndiHome Kakak lambat gak? Maafin ya. Pastiin jarak device ke modem gak lebih dari 2-3 meter tanpa penghalang dan penggunaan gak melebihi optimum device sesuai kecepatan internet. Yuk infoin Nomor internet alamat instalasi dan atas nama via DM biar dibantu cek. -Sakia","1884531648219500780","","nasruddinst","in","","0","0","0","https://x.com/undefined/status/1884531648219500780","765035200896118789",
"1884531179690541529","Wed Jan 29 09:17:00 +0000 2025","3","Imlek kali ini rasanya lebih spesial makan siu mie dan dumpling Ibu udah cukup untuk bikin suasana jadi hangat! #IndiHomebyTelkomsel #DariRumahTanpaBatas https://t.co/sPTdOWBLE2","1884531179690541529","https://pbs.twimg.com/tweet_video_thumb/GiczHYgaMAAH-DG.jpg","","in","","0","1","0","https://x.com/undefined/status/1884531179690541529","1075673058931806208",
"1884528156889203163","Wed Jan 29 09:14:13 +0000 2025","0","@zekdzekk @fitriaapeu @TelkomJabar @IndiHome @KemenBUMN @zekdzekk Maaf ya Kak :( DM kakaknya akan segera dibantu yaa :) _Dero","1884530477807349820","","zekdzekk","in","","0","0","0","https://x.com/undefined/status/1884530477807349820","765035200896118789",
"1884528156889203163","Wed Jan 29 09:11:11 +0000 2025","0","@zekdzekk @TelkomJabar @IndiHome @KemenBUMN @zekdzekk Maaf sekali Kak koordinasinya saat ini sudah Natan bantu dan lebih lanjut permintaan akan dibantu percepatannya ;) -Natan","1884529712929939750","","zekdzekk","in","","0","0","0","https://x.com/undefined/status/1884529712929939750","765035200896118789",
"1884262492836438164","Wed Jan 29 09:08:43 +0000 2025","0","@nasruddinst Memang IndiHome Kakak knp ni? -Sira","1884529093045305598","","nasruddinst","in","","0","1","0","https://x.com/undefined/status/1884529093045305598","765035200896118789",
"1884521410737119414","Wed Jan 29 09:08:35 +0000 2025","0","@irndyhawww @IndiHome @irndyhawww Maaf Kak. Untuk kompensasi disesuaikan dengan kebijakan GraPARI ya. Diupayakan agar segera tersolusikan dan silakan konfirmasi via DM agar bisa dibantu follow up. Makasih. -Dhet","1884529058824044890","","irndyhawww","in","","0","0","0","https://x.com/undefined/status/1884529058824044890","765035200896118789",
"1884480936471060611","Wed Jan 29 09:04:30 +0000 2025","0","@ghiennra @ghiennra Maaf buat kendalanya Kak. Rasya bantu cari solusi biar kenceng lagi speed nya. DM in ID akun IndiHome sama nama lengkap pemilik yuk. Sehat selalu :) -Rasya","1884528033601876131","","kucingasamanis","in","","0","0","0","https://x.com/undefined/status/1884528033601876131","765035200896118789",
"1884527900877357331","Wed Jan 29 09:03:59 +0000 2025","0","Indihome kek keong","1884527900877357331","","","in","","0","1","0","https://x.com/undefined/status/1884527900877357331","1433810831423115264",
"1884526976356237466","Wed Jan 29 09:03:40 +0000 2025","0","@poetriayushop @poetriayushop Maaf ya kak Novi :( Coba konfirmasi ke DM nomor IndiHome dan atas nama lengkapnya biar dibantu follow up dan rahasia data lebih terjaga. Makasih :) -Dero","1884527824704565504","","poetriayushop","in","","0","1","0","https://x.com/undefined/status/1884527824704565504","765035200896118789",
"1884527170191872214","Wed Jan 29 09:01:04 +0000 2025","0","ternyata bukan salah netflix nya tapi INDIHOME ANJIMMMMMM","1884527170191872214","","","in","","0","1","0","https://x.com/undefined/status/1884527170191872214","1215895451892776961",
"1884421208436847051","Wed Jan 29 08:56:43 +0000 2025","0","@OlahragaSaka @OlahragaSaka Sore Kak Saka. Untuk tarif paketnya beragam sesuai benefit dan lokasi instalasinya yaa. Info lengkap pilihan paket bisa cek di https://t.co/mwfcGsw14c. Makasih :) -Dero","1884526074954162569","","OlahragaSaka","in","","0","0","0","https://x.com/undefined/status/1884526074954162569","765035200896118789",
"1884155898161160374","Wed Jan 29 08:52:28 +0000 2025","1","@kyeomisyu Aku baby carat jalur wonwoo indihome termasuk fomo egk?","1884525002462044202","","kyeomisyu","in","","0","4","0","https://x.com/undefined/status/1884525002462044202","1312629958217326593",
"1884521410737119414","Wed Jan 29 08:50:00 +0000 2025","0","@irndyhawww @IndiHome @irndyhawww Jovan bantu percepatan balesan DM nya ya Kak. Mohon ditunggu -Jovan","1884524381772410931","","irndyhawww","in","","0","1","0","https://x.com/undefined/status/1884524381772410931","765035200896118789",
"1884524292001694128","Wed Jan 29 08:49:38 +0000 2025","0","Indihome lemotnyaaaa naudzubillah","1884524292001694128","","","in","","0","1","0","https://x.com/undefined/status/1884524292001694128","1720307865515372545",
"1884522737663893934","Wed Jan 29 08:43:28 +0000 2025","3","ini indihome hobi bgt los tiap bulan kampret","1884522737663893934","","","in","","0","1","0","https://x.com/undefined/status/1884522737663893934","1652006309498359808",
"1884521778036519263","Wed Jan 29 08:39:39 +0000 2025","0","indihome lemot bangettt","1884521778036519263","","","in","","0","1","0","https://x.com/undefined/status/1884521778036519263","1639434593257533441",
"1884521692145603065","Wed Jan 29 08:39:18 +0000 2025","1","indihome tai sialan lag spike mulu di valorant. ga beres anyg","1884521692145603065","","","in","","0","1","0","https://x.com/undefined/status/1884521692145603065","1591732994955702272",
"1884520462287589764","Wed Jan 29 08:34:25 +0000 2025","0","indihome kedap kedip merah fak","1884520462287589764","","","in","","0","1","0","https://x.com/undefined/status/1884520462287589764","1801530445777276931",
"1884518146415157322","Wed Jan 29 08:29:10 +0000 2025","0","@NaufalKananta @NaufalKananta Maafin Kak Naufal kalau LOS akses internetnya coba deh infoin nomer IndiHome sama nama pemilik ke DM ya -Jovan","1884519141253734789","","NaufalKananta","in","","0","2","0","https://x.com/undefined/status/1884519141253734789","765035200896118789",
"1884518008791429273","Wed Jan 29 08:24:40 +0000 2025","0","Admin Indihome ngeyelan banget","1884518008791429273","","","in","","0","1","0","https://x.com/undefined/status/1884518008791429273","293925402",
"1884514059028201599","Wed Jan 29 08:13:14 +0000 2025","0","@yanuardiwijaya @yanuardiwijaya Sore juga Kak Yanuardi. Maaf ya buat kendala Indihome TV infoin nomor internet atas nama dan alamat ke DM agar dicek yaa makasih :)-Sabil","1884515132753195226","","yanuardiwijaya","in","","0","0","0","https://x.com/undefined/status/1884515132753195226","765035200896118789",
"1884514316390654111","Wed Jan 29 08:12:17 +0000 2025","0","@10vayou @10vayou Huhu maafin Kak kalau jaringannya berkendala coba deh infoin nomer IndiHome sama nama pemilik ke DM -Jovan","1884514891391983807","","tobeleeyciskek","in","","0","1","0","https://x.com/undefined/status/1884514891391983807","765035200896118789",
"1884514600764498162","Wed Jan 29 08:11:08 +0000 2025","0","Cape banget hari-hari ngeluhin indihome gak pernah beres. Sedangkan gw gak ada pilihan lain selain pake internet dia ","1884514600764498162","","","in","","0","0","0","https://x.com/undefined/status/1884514600764498162","1862157567633612800",
"1884514296841003399","Wed Jan 29 08:09:55 +0000 2025","0","Yang bener aja lu indihome masa vpn kudu we nyalain terus biar koneksinya stabil ","1884514296841003399","","","in","","0","1","0","https://x.com/undefined/status/1884514296841003399","1862157567633612800",
"1884513493988303057","Wed Jan 29 08:06:44 +0000 2025","0","indihome leletnya kebangetan","1884513493988303057","","","in","","0","1","0","https://x.com/undefined/status/1884513493988303057","1674419146552147968",
"1884497196672074205","Wed Jan 29 08:03:09 +0000 2025","0","@Aauuuuukk @fullsunahyeah @IndiHome @IndiHomeCare Selain slowrespon jaringannya juga slow banget. Moga cepet bangkrut deh anjir kesel bgt. Otw ganti starlink ","1884512592720498880","","Aauuuuukk","in","","0","1","0","https://x.com/undefined/status/1884512592720498880","1142846898971090956",
"1884497196672074205","Wed Jan 29 08:01:08 +0000 2025","0","@fullsunahyeah @IndiHome @IndiHomeCare Cen indihom slowresp bangetttt","1884512086627360971","","fullsunahyeah","in","","0","1","0","https://x.com/undefined/status/1884512086627360971","546434570",
"1884511274475872501","Wed Jan 29 07:57:55 +0000 2025","4","INDIHOME/TELKOMSEL Thread ini gua bikin supya gua mau lihat seberapa sering ni wifi gua eror dijam2 yg sama. Cuz ini sudh hari ke 3 dn masih bgtu Ampe besok begitu lg bye gua ganti provider ------- A thread https://t.co/XXgI26XbN3","1884511274475872501","https://pbs.twimg.com/media/GichBBqaYAIPhC9.jpg","","in","","1","2","1","https://x.com/undefined/status/1884511274475872501","1339153574643650560",
"1884509251793740123","Wed Jan 29 07:57:41 +0000 2025","0","@dikoncistang_ @dikoncistang_ Sore Kak Andikoooyyy. Untuk cek nomor IndiHome bisa melalui Bukti pembayaran terakhir atau melalui eMail bukti registrasi awal langganan pada akun eMail yang digunakan. Makasih :) -Dero","1884511218242838558","","mauduren10","in","","0","1","0","https://x.com/undefined/status/1884511218242838558","765035200896118789",
"1749518447539839093","Wed Jan 29 07:53:49 +0000 2025","0","@kozeoeo @kozeoeo Hihi mantul Kak Zeko. Kalau ada pertanyaan lain terkait produk dan layanan IndiHome. Jangan sungkan untuk menghubungi kami lagi ya. Have a nice day :) -Sakia","1884510246540042561","","kozeoeo","in","","0","0","0","https://x.com/undefined/status/1884510246540042561","765035200896118789",
"1884509251793740123","Wed Jan 29 07:53:09 +0000 2025","0","@IndiHomeCare liat nomor indihome dimana min?","1884510075861229612","","IndiHomeCare","in","","0","1","0","https://x.com/undefined/status/1884510075861229612","1502172408454598656",
"1884509251793740123","Wed Jan 29 07:52:16 +0000 2025","0","@dikoncistang_ @dikoncistang_ Maafin Kak Andikoo kalau jaringannya berkendala coba deh infoin nomer IndiHome sama nama pemilik ke DM ya -Jovan","1884509854741717103","","mauduren10","in","","0","1","0","https://x.com/undefined/status/1884509854741717103","765035200896118789",
"1884509520350830960","Wed Jan 29 07:50:56 +0000 2025","1","Memang kimak selaku dijam segini .. kenapa sih ?? Bru ku bilanf kmrn jan sampe tiap gari begini kenyataan kn Ini hari ke-3 loh ya jam2 yg sama loh. TELKOMSEL/INDIHOME yg jelas dong ege bangke https://t.co/e8gbcunb5j","1884509520350830960","https://pbs.twimg.com/media/GicfamRaYAI60pR.jpg","","in","","1","3","0","https://x.com/undefined/status/1884509520350830960","1339153574643650560",
"1884509251793740123","Wed Jan 29 07:49:52 +0000 2025","0","jaringan indihome gue dari tadi pagi jam 5 trouble mulu nih @IndiHomeCare ","1884509251793740123","","","in","","0","1","0","https://x.com/undefined/status/1884509251793740123","1502172408454598656",
"1882027935282159943","Wed Jan 29 07:41:33 +0000 2025","0","@zekdzekk Kakak maaf namun WhatsApp IndiHome bisa hubungi di nomor 08116147147 yaa atau konfirmasi nomor internet serta atas nama ke DM :) -Joan","1884507159570047090","","zekdzekk","in","","0","0","0","https://x.com/undefined/status/1884507159570047090","765035200896118789",
"1883115096806711490","Wed Jan 29 07:40:32 +0000 2025","0","@zekdzekk Huhu maaf ya Kak @zekdzekk :( boleh DM nomor IndiHome dan atas nama biar dibantu cek dulu ya :( -Nesya","1884506903625052483","","zekdzekk","in","","0","0","0","https://x.com/undefined/status/1884506903625052483","765035200896118789",
"1884199871730835707","Wed Jan 29 07:39:51 +0000 2025","0","@zekdzekk Huhu maaf ya Kak @zekdzekk :( boleh DM nomor IndiHome dan atas nama biar dibantu cek dulu ya :( -Nesya","1884506731721679139","","zekdzekk","in","","0","0","0","https://x.com/undefined/status/1884506731721679139","765035200896118789",
"1884487876286767404","Wed Jan 29 07:33:15 +0000 2025","0","@inimacaa pake indihome soalnya","1884505067816116735","","inimacaa","in","","0","1","0","https://x.com/undefined/status/1884505067816116735","1483792548",
"1884500473035776152","Wed Jan 29 07:26:41 +0000 2025","0","@gallerysdept ngeselin bgt indihome jago bgt mainnya enak di gendong ","1884503418313834599","","gallerysdept","in","","0","2","0","https://x.com/undefined/status/1884503418313834599","1568149471107895297",
"1884445125268349356","Wed Jan 29 07:23:32 +0000 2025","0","@crushonyou99_ @crushonyou99_ Keren banget Kak. Makasih ya udah setia dengan IndiHome. Sehat selalu :) -Sakia","1884502622473970012","","crushonyou99_","in","","0","0","0","https://x.com/undefined/status/1884502622473970012","765035200896118789",
"1884502249818517513","Wed Jan 29 07:22:03 +0000 2025","0","Indihome setiap AKHIR BULAN selalu lemot lama lama gw ganti juga ini provider.","1884502249818517513","","","in","","0","1","0","https://x.com/undefined/status/1884502249818517513","1598886598036246528",
"1884500368119455804","Wed Jan 29 07:14:34 +0000 2025","0","Aduh ini indihome lagi kenapa dahh bbrpa hari lemot bener jaringannya","1884500368119455804","","","in","","0","1","0","https://x.com/undefined/status/1884500368119455804","362500247",
"1884497196672074205","Wed Jan 29 07:12:04 +0000 2025","0","@fullsunahyeah @IndiHome @fullsunahyeah Maaf Kak DM akan dibalas segera pastinya yap dan sudah diterima datanya. Silakan cek DM berkala ;) -Natan","1884499738508271654","","fullsunahyeah","in","","0","0","0","https://x.com/undefined/status/1884499738508271654","765035200896118789",
"1884497196672074205","Wed Jan 29 07:01:58 +0000 2025","0","Bales dm jngn direspon sebulan kemudian. Bayar selalu tepat waktu tapi pelayanan lu jelek @IndiHome @IndiHomeCare","1884497196672074205","","","in","","0","3","0","https://x.com/undefined/status/1884497196672074205","631733936",
"1884495337035059503","Wed Jan 29 06:54:35 +0000 2025","0","INDIHOME LELET BGT KLO HUJAN SEBEL","1884495337035059503","","","in","","0","0","0","https://x.com/undefined/status/1884495337035059503","1501516750420348931",
"1884262492836438164","Wed Jan 29 06:53:16 +0000 2025","0","@Fitrianaindh Wkwkwkw indihome lo enak","1884495005932478705","","lilyveilx","in","","0","1","0","https://x.com/undefined/status/1884495005932478705","1171012699301408768",
"1884455136455713045","Wed Jan 29 06:36:15 +0000 2025","0","pdhl wkt itu udh request ganti modem soalnya modem gw udh jadul bgt tp gadibolehin sm cs indihome nya pdhl di rumah om sm tante gw malah disuruh ganti modem yg terbaru sm teknisinya emg mending rusakin aja kl cs nya nyebelin","1884490726232449343","","riritzsu","in","","0","0","0","https://x.com/undefined/status/1884490726232449343","783271131042029568",
"1884199871730835707","Wed Jan 29 06:14:26 +0000 2025","0","@IndiHomeCare Indihome cek dm","1884485233048682619","","IndiHomeCare","in","","0","1","0","https://x.com/undefined/status/1884485233048682619","1143764068542509056",
"1884481238247018626","Wed Jan 29 05:58:33 +0000 2025","0","ah indihome ni ngapa gak stabil mulu sih disaat ingin valo aaaaaaak","1884481238247018626","","","in","","0","1","0","https://x.com/undefined/status/1884481238247018626","2941442796",
"1884480936471060611","Wed Jan 29 05:57:21 +0000 2025","0","ini indihome ngelag banget buset dari kemarin kenapa sih..","1884480936471060611","","","in","","0","1","0","https://x.com/undefined/status/1884480936471060611","1431062137447714820",
"1884480680857591954","Wed Jan 29 05:56:20 +0000 2025","0","indihome tai","1884480680857591954","","","in","","0","0","0","https://x.com/undefined/status/1884480680857591954","2289775982",
"1884479314235621880","Wed Jan 29 05:55:36 +0000 2025","0","@IndiHomeCare maap kak sangat tidak stabil indihome ini tolonggg","1884480495062507906","","IndiHomeCare","in","","0","2","0","https://x.com/undefined/status/1884480495062507906","2941442796",
"1884464186090271104","Wed Jan 29 05:41:43 +0000 2025","0","@argdenti Arigatou honest review-nya Kak Kai Udah berapa lama bareng sama IndiHome nih? -Ezzi","1884477000724931062","","argdenti","in","","0","0","0","https://x.com/undefined/status/1884477000724931062","765035200896118789",
"1884476961780797607","Wed Jan 29 05:41:34 +0000 2025","1","Selamat Tahun Baru Imlek Gong Xi Fa Cai! Semoga tahun ini lebih banyak kejutan positif yang mendatangi setiap langkah dan perjalanan kita #TahunBaruImlek #IndiHomeKTI #IndiHome4u⁠ #Tsel4u⁠ #IndiHome #Telkomsel https://t.co/nJUk9AdZdX","1884476961780797607","https://pbs.twimg.com/amplify_video_thumb/1884476783879479296/img/36Xrc8mAQqKG7NMr.jpg","","in","","0","0","0","https://x.com/undefined/status/1884476961780797607","1214820808079499269",
"1884445125268349356","Wed Jan 29 05:37:51 +0000 2025","0","@mento0902 Arigatou udah setia sama IndiHome Kak Mento Love sekebon -Ezzi","1884476028976017498","","mento0902","in","","0","0","0","https://x.com/undefined/status/1884476028976017498","765035200896118789",
"1884473772402696390","Wed Jan 29 05:35:55 +0000 2025","0","@enryu @IndiHome @enryu Kak Riyan. Permintaannya saat ini masih dalam proses ditunggu ya Kak. Informasi lebih lanjut Kakak bisa hubungi Kembali via DM. -Haura","1884475539039436878","","enryu","in","","0","0","0","https://x.com/undefined/status/1884475539039436878","765035200896118789",
"1884451520709624232","Wed Jan 29 05:33:35 +0000 2025","0","@sagukejiu Gomawo udah pilih IndiHome Kak So far gimana nih jaringannya? Aman? -Ezzi","1884474952830554359","","sagukejiu","in","","0","1","0","https://x.com/undefined/status/1884474952830554359","765035200896118789",
"1884473498728530111","Wed Jan 29 05:32:59 +0000 2025","0","@Syarafighifari Huhu kenapa nih ingin berhenti berlangganan Kak Rafi? mohon dipertimbangkan kembali. Adapun berhenti langganan IndiHome bisa dibantu melalui GraPARI atau 188 namun saat ini juga bisa kami bantu reservasi agar Kak Rafi nantinya dihubungi 188 maksimal 1x24 jam. -Natan","1884474801613676745","","Syarafighifari","in","","0","1","0","https://x.com/undefined/status/1884474801613676745","765035200896118789",
"1884473772402696390","Wed Jan 29 05:28:53 +0000 2025","0","@IndiHomeCare @IndiHome gimana proses berhenti indihome sy 141526100761? Udah bayar VA berhenti sejak tgl 12 ya. Sampai sekarang gk beres2. Awas aja ada tagihan bulan depan.","1884473772402696390","","IndiHomeCare","in","","0","3","0","https://x.com/undefined/status/1884473772402696390","32846764",
"1884473498728530111","Wed Jan 29 05:27:48 +0000 2025","0","@IndiHomeCare min. Berhenti langganan indihome prosedurnya gimana?","1884473498728530111","","IndiHomeCare","in","","0","2","0","https://x.com/undefined/status/1884473498728530111","370607761",
"1884445125268349356","Wed Jan 29 05:24:14 +0000 2025","0","@crushonyou99_ Udah berapa lama bareng sama IndiHome nih Kak? Makasih ya udah setia Love sekebon -Ezzi","1884472602137354599","","crushonyou99_","in","","0","1","0","https://x.com/undefined/status/1884472602137354599","765035200896118789",
"1884263478598459652","Wed Jan 29 05:15:28 +0000 2025","0","@jekadinkasoxee ah jangan sampe jadi anak indihome","1884470396344492219","","jekadinkasoxee","in","","0","0","0","https://x.com/undefined/status/1884470396344492219","1236991972293767170",
"1884468325075542196","Wed Jan 29 05:07:15 +0000 2025","0","Walah Indihome Indihome lelet banget pelayanan nya disuruh nunggu2 Mulu","1884468325075542196","","","in","","0","0","0","https://x.com/undefined/status/1884468325075542196","293925402",
"1884445125268349356","Wed Jan 29 04:37:19 +0000 2025","0","@banjarbase indihome ai nh 5 tahun dh makai","1884460794580197742","","banjarbase","in","","0","1","0","https://x.com/undefined/status/1884460794580197742","2392455902",
"1884458977783865848","Wed Jan 29 04:30:06 +0000 2025","0","jelek kali lah jaringan indihome","1884458977783865848","","","in","","0","1","0","https://x.com/undefined/status/1884458977783865848","1799733144511504384",
"1884455797310292268","Wed Jan 29 04:21:52 +0000 2025","0","@dewwioktav Maaf ya Kak Dewwi :( Nesya cek blm ada DM nih. Boleh infokan nomor IndiHome dan atas nama biar dibantu cek kendalanya ya. Makasih :( -Nesya","1884456907320291614","","dewwioktav","in","","0","0","0","https://x.com/undefined/status/1884456907320291614","765035200896118789",
"1884451520709624232","Wed Jan 29 04:19:04 +0000 2025","0","@untirtafesss aku baru pasang indihome lewat web indihomenya aja terus nanti teknisi mereka dateng ke tempat kamu.","1884456202970816844","","untirtafesss","in","","0","1","0","https://x.com/undefined/status/1884456202970816844","1486374572484362245",
"1884455954068168857","Wed Jan 29 04:18:05 +0000 2025","0","@IndiHomeCare hallo min saya mau bayar registrasi biaya pemasangan indihome tp knp saat dibuka link yg ada di email ga bisa di buka gmn caranya bayar biaya instalasi min ?","1884455954068168857","","IndiHomeCare","in","","0","1","0","https://x.com/undefined/status/1884455954068168857","2402645275",
"1884421208436847051","Wed Jan 29 04:16:13 +0000 2025","0","@asoygendut @asoygendut Hai Kak. Apakah sudah dipertimbangkan kembali? Sebagai informasi permintaan berhenti berlangganan IndiHome bisa dibantu melalui GraPARI atau 188. Namun bisa kami bantu reservasi untuk dihubungi dengan konfirmasi melalui DM ya. Terima kasih. -Dhet","1884455481806365043","","asoygendut","in","","0","1","0","https://x.com/undefined/status/1884455481806365043","765035200896118789",
"1884454665942884705","Wed Jan 29 04:14:15 +0000 2025","0","Yuk bikin rumah Sobat lebih meriah dan vibes keluarga makin hangat dihari Imlek ini. Kalau Sobat punya ide DIY dekorasi lainnya share dong di sini! ","1884454987935408580","","IndiHome","in","","0","0","0","https://x.com/undefined/status/1884454987935408580","1075673058931806208",
"1884454665942884705","Wed Jan 29 04:13:40 +0000 2025","0","Biar makin lengkap kumpul keluarga saat Imlek jadi lebih asyik dengan hiburan digital. IndiHome TV punya total 134 channel dan internet up to 30 Mbps dari Paket Jitu. Streaming lancar suasana makin seru! ","1884454843374567903","","IndiHome","in","","0","1","0","https://x.com/undefined/status/1884454843374567903","1075673058931806208",
"1884454665942884705","Wed Jan 29 04:13:28 +0000 2025","0","Tips dekorasi: pilih warna merah dan emas biar vibes keberuntungan makin terasa. Tambahin juga ornamen macan air atau bunga Mei Hwa. Rumah auto berasa lebih festive dan penuh makna!","1884454792405418031","","IndiHome","in","","0","1","0","https://x.com/undefined/status/1884454792405418031","1075673058931806208",
"1884454665942884705","Wed Jan 29 04:13:14 +0000 2025","0","DIY dekorasi Imlek nggak cuma bikin rumah lebih cantik tapi juga seru dikerjakan bareng keluarga. Mulai dari bikin lampion kertas sampai hiasan meja khas Imlek banyak banget inspirasinya kalau cari di platform streaming! ","1884454733257363525","","IndiHome","in","","0","1","0","https://x.com/undefined/status/1884454733257363525","1075673058931806208",
"1884454665942884705","Wed Jan 29 04:12:58 +0000 2025","0","Imlek itu nggak lengkap tanpa suasana rumah yang meriah! Yuk bikin momen kumpul keluarga jadi lebih hangat dengan dekorasi DIY seru yang bisa kalian coba sendiri. Streaming tutorialnya? Tentu aja gampang pakai IndiHome! #IndiHomebyTelkomsel #DariRumahTanpaBatas","1884454665942884705","","","in","","0","1","0","https://x.com/undefined/status/1884454665942884705","1075673058931806208",
"1884421208436847051","Wed Jan 29 04:10:37 +0000 2025","0","@IndiHomeCare Cara berhenti langganan indihome gmn min","1884454075066126540","","IndiHomeCare","in","","0","1","0","https://x.com/undefined/status/1884454075066126540","2840690910",
"1884445995645427776","Wed Jan 29 04:08:51 +0000 2025","0","@Lilbeea @getohamil Kak kalau ada laporan seputar layanan IndiHome bisa hubungi kami yuk untuk dibantu lebih lanjut. -Duwi","1884453628678922492","","Lilbeea","in","","0","0","0","https://x.com/undefined/status/1884453628678922492","765035200896118789",
"1884421208436847051","Wed Jan 29 04:06:15 +0000 2025","0","@FransManik77 @FransManik77 Kak Frans maaf yaa. Terkait pemasangan Indihome mohon ditunggu teknisi yaa. Infoin nomor registrasi ke DM agar dicek yaa makasih :)-Sabil","1884452975479058906","","jerman9000","in","","0","0","0","https://x.com/undefined/status/1884452975479058906","765035200896118789",
"1884452219422138372","Wed Jan 29 04:03:15 +0000 2025","0","Mau pasang layanan Indihome aja lamanya minta ampun. Gue mau bayar bos. Tolong dong kalo jualan yg professional dikit @IndiHomeCare","1884452219422138372","","","in","","0","1","0","https://x.com/undefined/status/1884452219422138372","1843888603275112450",
"1884445508661600395","Wed Jan 29 03:58:45 +0000 2025","0","@dinisuciyanti Kak Dini pake IndiHome juga nggak? Maaf ya -Ezzi","1884451090126762164","","dinisuciyanti","in","","0","1","0","https://x.com/undefined/status/1884451090126762164","765035200896118789",
"1884449576322732446","Wed Jan 29 03:52:45 +0000 2025","0","Hallo admin @IndiHomeCare nasib kabel Indihome saya yang putus bagaimana ya? https://t.co/NFvWRMpEu4","1884449576322732446","https://pbs.twimg.com/media/Gibo5e3bUAAhCtP.jpg","","in","","0","3","0","https://x.com/undefined/status/1884449576322732446","1039507770968485890",
"1884447480441708566","Wed Jan 29 03:49:04 +0000 2025","0","@shallowords @IndiHome @shallowords Halo Kak. Laporannya akan dibantu cek lebih lanjut maaf ya Kak atas jaringannya yang tidak stabil. Kakak bisa infokan nomor internet dan atas nama via DM. -Haura","1884448650199531882","","shallowords","in","","0","0","0","https://x.com/undefined/status/1884448650199531882","765035200896118789",
"1884445508661600395","Wed Jan 29 03:48:21 +0000 2025","0","@dinisuciyanti Masalahnya cuma ada Indihome wkwk MR baru ada di area luar perumahan wkwk. Suruh tarik ke dalam si MR bilang belum ada izin buat tiang baru wkwk.","1884448469236211737","","dinisuciyanti","in","","0","0","0","https://x.com/undefined/status/1884448469236211737","729424668",
"1884448277455937584","Wed Jan 29 03:47:35 +0000 2025","0","kak indihome nya bermasalah tlong bales dm please @IndiHomeCare","1884448277455937584","","","tl","","0","1","0","https://x.com/undefined/status/1884448277455937584","875263429677793280",
"1884447480441708566","Wed Jan 29 03:44:25 +0000 2025","0","cb menurut km ini wajar ga? @IndiHome @IndiHomeCare https://t.co/nNCbjvgDFd","1884447480441708566","https://pbs.twimg.com/media/Gibm_PEawAAYj7I.jpg","","in","","1","1","0","https://x.com/undefined/status/1884447480441708566","1080931962670313472",
"1884445508661600395","Wed Jan 29 03:42:31 +0000 2025","1","@theunknownm4n Orang jahat lahir dari orang baik yg pake indihome ","1884447001280213411","","theunknownm4n","in","","0","2","0","https://x.com/undefined/status/1884447001280213411","187052480",
"1884445508661600395","Wed Jan 29 03:36:35 +0000 2025","0","Weyy Indihome! Ini packet loss gede banget! Masa sampai 100%. Mau loading selalu tersendat setiap beberapa saat.","1884445508661600395","","","in","","0","2","0","https://x.com/undefined/status/1884445508661600395","729424668",
"1884445125268349356","Wed Jan 29 03:35:03 +0000 2025","2","Wal bebagai info pang provider WIFI selain Indihome dan XL home yg ada di banjar buhan mu make apa ?","1884445125268349356","","","in","","0","10","0","https://x.com/undefined/status/1884445125268349356","981988393",
"1884444892782551535","Wed Jan 29 03:34:08 +0000 2025","0","Bener2 si @IndiHomeCare @IndiHome ","1884444892782551535","","","tr","","0","0","0","https://x.com/undefined/status/1884444892782551535","1730480268",
"1884443901660209212","Wed Jan 29 03:31:26 +0000 2025","0","@haykalqobus @IndiHome Kak Haykal maaf ya biar sat set lagi pastikan jarak device ke modem tidak lebih dari 2-3 meter tanpa penghalang dan penggunaan gak melebihi optimum device sesuai kecepatan internetnya. Boleh DM no internet dan atas nama ya Kak :) -Nesya","1884444214353887296","","haykalqobus","in","","0","0","0","https://x.com/undefined/status/1884444214353887296","765035200896118789",
"1884443901660209212","Wed Jan 29 03:30:12 +0000 2025","0","@IndiHomeCare @IndiHome kenapa lelet banget internet nya deh di rumah saya!","1884443901660209212","","IndiHomeCare","in","","0","1","0","https://x.com/undefined/status/1884443901660209212","215126487",
"1884443835994103842","Wed Jan 29 03:29:56 +0000 2025","0","𝗦𝗲𝗹𝗮𝗺𝗮𝘁 𝗧𝗮𝗵𝘂𝗻 𝗕𝗮𝗿𝘂 𝗜𝗺𝗹𝗲𝗸 𝟮𝟬𝟮𝟱 𝐺𝑜𝑛𝑔 𝑋𝑖 𝐹𝑎 𝐶𝑎𝑖! Merahnya kembang api kuningnya kue bakpia dan kebahagiaan yang tak terhingga! Semoga tahun ini membawa keberuntungan dan kemakmuran bagi kita semua #Imlek2025 #IndiHome #MitraTelkomAkses https://t.co/9ZYjO7lJRr","1884443835994103842","https://pbs.twimg.com/media/Gibjrd7aYAAWGYY.jpg","","in","","0","0","0","https://x.com/undefined/status/1884443835994103842","1083211317329055745",
"1884443405293609117","Wed Jan 29 03:28:13 +0000 2025","0","Saya lagi kerja tapi jaringaj wifi nya tidak tersedia tolong lah saya lagi kerja ini ribet pake paket data @IndiHomeCare @IndiHome","1884443405293609117","","","in","","0","1","0","https://x.com/undefined/status/1884443405293609117","1730480268",
"1884443122471690401","Wed Jan 29 03:27:06 +0000 2025","0","Hadeh lama banget respon indihome","1884443122471690401","","","in","","0","1","0","https://x.com/undefined/status/1884443122471690401","293925402",
"1884442731193458984","Wed Jan 29 03:25:33 +0000 2025","0","Gimana sih cara reset jaringan indihome di mytelkomsel? Setiap kali dibuka pasti muter2 doang loadingnya. Lemot pula di akhir bulan malu lah yang katanya provider number one di wakanda","1884442731193458984","","","in","","0","1","0","https://x.com/undefined/status/1884442731193458984","1860967997722202112",
"1884439571288694822","Wed Jan 29 03:22:25 +0000 2025","1","@AzisDadun_ Aku kan indihome #eehh indigu bisa lihat orang klo hantu mh aku gk bisa lihat ","1884441944765444215","","AzisDadun_","in","","0","1","0","https://x.com/undefined/status/1884441944765444215","1176258187801939968",
"1884441328672727479","Wed Jan 29 03:19:58 +0000 2025","0","Njir lemot bgt indihome tay https://t.co/UCRYnefSkE","1884441328672727479","https://pbs.twimg.com/media/GibhZfLbkAAm00B.jpg","","in","","0","0","0","https://x.com/undefined/status/1884441328672727479","1312038960315604997",
"1884440793416691801","Wed Jan 29 03:17:51 +0000 2025","0","Indihome mulai deh kalo ujan gini sinyalnya lemottt","1884440793416691801","","","in","","0","1","0","https://x.com/undefined/status/1884440793416691801","1312038960315604997",
"1884440016056955371","Wed Jan 29 03:14:45 +0000 2025","0","@IndiHomeCare terlalu lambat untuk 1 mingu terakhir.. Rugi langganan mahal klo gini. Benar benar IndiHome Merugikan masyarakat.. https://t.co/kF4BQdQcHp","1884440016056955371","https://pbs.twimg.com/media/GibgNUQaYAAr0zF.jpg","IndiHomeCare","in","","0","1","0","https://x.com/undefined/status/1884440016056955371","1764902718391672832",
"1884439230224773198","Wed Jan 29 03:11:38 +0000 2025","0","@IndiHomeCare terlalu lambat untuk 1 mingu terakhir.. Rugi langganan mahal klo gini. Benar benar IndiHome Merugikan masyarakat.. https://t.co/J5pZy4DkWx","1884439230224773198","https://pbs.twimg.com/media/Gibffk4aYAMi0aC.jpg","IndiHomeCare","in","","0","1","0","https://x.com/undefined/status/1884439230224773198","1764902718391672832",
"1884438576206864414","Wed Jan 29 03:09:02 +0000 2025","0","indihome tuh kenapa ya kalo mau lapor responnya selalu lama banget? @IndiHomeCare","1884438576206864414","","","in","","0","1","0","https://x.com/undefined/status/1884438576206864414","1383795603902107648",
"1884433901764108791","Wed Jan 29 02:50:27 +0000 2025","0","Indihome sekarang tiap hari kumat mulu jaringan ilang²an ga jelas","1884433901764108791","","","in","","0","1","0","https://x.com/undefined/status/1884433901764108791","1482584791891718144",
"1884432726478246188","Wed Jan 29 02:47:56 +0000 2025","0","@ikawirastuti @IndiHome Maafin ya Kak @ikawirastuti atas kendala internet nya. Silakan infokan nomor internet dan atas nama nya ke DM yuk biar dibantu cek lebih lanjut. Makasih -Aci","1884433264922013828","","ikawirastuti","in","","0","0","0","https://x.com/undefined/status/1884433264922013828","765035200896118789",
"1884421208436847051","Wed Jan 29 02:46:47 +0000 2025","0","@y05137 @masjensi @y05137 Kak kenapa sama layanan Indihome-nya? berhenti berlangganan Indihome bisa dibantu melalui GraPARI atau 188 namun bisa Kami bantu reservasi agar dihubungi oleh 188 boleh konfirmasi ke DM agar dicek yaa. Makasih :)-Sabil","1884432976832061678","","y05137","in","","0","1","0","https://x.com/undefined/status/1884432976832061678","765035200896118789",
"1884432726478246188","Wed Jan 29 02:45:47 +0000 2025","2","Internet dari kemaren sampai saat ini mati gimana pertanggungjawaban kalian @IndiHomeCare @IndiHome ? Harusnya ada diskon harga karena kami yg kerja dari rumah sangat dirugikan","1884432726478246188","","","in","","0","1","1","https://x.com/undefined/status/1884432726478246188","2903174330",
"1884432663479738743","Wed Jan 29 02:45:32 +0000 2025","0","indihome lemot banget anjerrrrrrrrr","1884432663479738743","","","in","","0","1","0","https://x.com/undefined/status/1884432663479738743","559220359",
"1884421208436847051","Wed Jan 29 02:41:11 +0000 2025","1","@masjensi @masjensi Siang Kak. Kenapa sama WiFi Indihome-nya? buat berhenti berlangganan Indihome bisa dibantu melalui GraPARI atau 188 namun bisa Kami bantu reservasi agar dihubungi oleh 188 boleh konfirmasi ke DM agar dicek yaa. Makasih :)-Sabil","1884431570003710199","","masjensi","in","","0","1","0","https://x.com/undefined/status/1884431570003710199","765035200896118789",
"1879356929467887964","Wed Jan 29 02:40:06 +0000 2025","0","@metskeei @IndiHome Huhu maaf ya Kak @metskeei saat ini WiFinya udah aman blm Kak? kalo masih berkendala infoin ke DM nomor IndiHome dan atas nama biar dicek ya -Nesya","1884431295406825695","","metskeei","in","","0","0","0","https://x.com/undefined/status/1884431295406825695","765035200896118789",
"1881174963694260413","Wed Jan 29 02:37:08 +0000 2025","0","@sideofayu_ @IndiHome Maafin ya Kak Ayu :( saat ini jaringannya gimana Kak? kalo masih berkendala boleh infokan ke DM nomor internet dan atas nama biar dicek ya :( -Nesya","1884430549403722086","","sideofayu_","in","","0","0","0","https://x.com/undefined/status/1884430549403722086","765035200896118789",
"1884429567185842361","Wed Jan 29 02:36:36 +0000 2025","0","@praboejazzz Halo juga Kak @praboejazzz. Kalau ganti sekarang belum bisa Kak. Aci sarankan ganti paket setelah pasang IndiHome nya sudah terealisasi -Aci","1884430414326235589","","praboejazzz","in","","0","1","0","https://x.com/undefined/status/1884430414326235589","765035200896118789",
"1884430409972449751","Wed Jan 29 02:36:35 +0000 2025","0","Indihome bangke banget udah d mintain tolong ngilang mintain tolong ngilang Pindah aja kali ya k Biznet males banget masa harus k Grapari gara cuman halaman stuck di depan Gw dibuat nunggu standby vidcall yang ga datang hadehhhh https://t.co/JLNOik7t5w","1884430409972449751","https://pbs.twimg.com/media/GibXeJEaYAAZHcl.jpg","","in","","0","1","0","https://x.com/undefined/status/1884430409972449751","2431779234",
"1881692754067222741","Wed Jan 29 02:34:20 +0000 2025","0","@criminologeec @IndiHome Maaf ya Kak @criminologeec jaringannya masih gak stabil ya :( boleh konfirmasi ke DM biar dibantu follow up ya Kak :( -Nesya","1884429844769022028","","criminologeec","in","","0","0","0","https://x.com/undefined/status/1884429844769022028","765035200896118789",
"1884429780399084008","Wed Jan 29 02:34:05 +0000 2025","0","Ya Allah IndiHome ini lemot sekali. Menguji kesabaranku yg sedang meriang.","1884429780399084008","","","in","","0","1","0","https://x.com/undefined/status/1884429780399084008","1773879457859981313",
"1884429567185842361","Wed Jan 29 02:33:14 +0000 2025","0","@IndiHomeCare Haloo saya mau pasang indihome tp kemaren keliru pilih paket. Apa bisa di ubah?","1884429567185842361","","IndiHomeCare","in","","0","1","0","https://x.com/undefined/status/1884429567185842361","1134359417770524677",
"1882450410499355095","Wed Jan 29 02:30:19 +0000 2025","0","@Rara26aries @IndiHome Maaf ya Kak Rara. Boleh konfirmasi ke DM yuk biar dibantu follow up laporan Kakak :( -Nesya","1884428834029855011","","Rara26aries","in","","0","0","0","https://x.com/undefined/status/1884428834029855011","765035200896118789",
"1884234617450013164","Wed Jan 29 02:26:26 +0000 2025","0","@lunarajkp yakan kocak bat emang Indihome","1884427853909090650","","lunarajkp","in","","0","0","0","https://x.com/undefined/status/1884427853909090650","1810351082222268425",
"1205031531674316800","Wed Jan 29 02:25:04 +0000 2025","0","@yestengkyuu @IndiHome Maaf ya Kak @yestengkyuu :( Nesya cek udah ada interaksi di DM nih. Kakak bisa konfirmasi ke @TENESA_TELKOM biar dibantu lebih lanjut ya :( -Nesya","1884427510668268004","","yestengkyuu","in","","0","1","0","https://x.com/undefined/status/1884427510668268004","765035200896118789",
"1884421208436847051","Wed Jan 29 02:24:39 +0000 2025","0","@IndiHomeCare min indihome dirumah mati ni (loss)","1884427406720840165","","IndiHomeCare","in","","0","1","0","https://x.com/undefined/status/1884427406720840165","1518914637055467521",
"1884426776623079561","Wed Jan 29 02:22:09 +0000 2025","0","Indihome ini bayarnya naik tapi kenapa jaringannya makin jelek deh.","1884426776623079561","","","in","","0","1","0","https://x.com/undefined/status/1884426776623079561","1410180496248623105",
"1883874229172764962","Wed Jan 29 02:21:53 +0000 2025","0","@orangbodohnih @IndiHome @Telkomsel Maaf ya Kak Iman :( Nesya cek udah ada DMnya. Yuk lanjutkan interaksi di DM biar dibantu lebih lanjut ya :( -Nesya","1884426709203845478","","orangbodohnih","in","","0","0","0","https://x.com/undefined/status/1884426709203845478","765035200896118789",
"1884426603494809914","Wed Jan 29 02:21:27 +0000 2025","0","indihome gangguan mulu ya rabb tolonglah","1884426603494809914","","","in","","0","1","0","https://x.com/undefined/status/1884426603494809914","1089489216319381504",
"1884418320751083609","Wed Jan 29 02:00:57 +0000 2025","0","@IndiHomeCare Semalam sudah kontak admin wa indihome nya juga kak. Semoga nanti cepat membaik yaaa plisss","1884421443569766691","","IndiHomeCare","in","","0","1","0","https://x.com/undefined/status/1884421443569766691","839877770",
"1884421208436847051","Wed Jan 29 02:00:01 +0000 2025","11","Selamat Tahun Baru Imlek 2025 Sobat IndiHome! Semoga tahun ini penuh dengan kebahagiaan dan keberuntungan. Selamat berkumpul bersama keluarga tercinta ya! #MelangkahBersamaIndiHome https://t.co/j6F1VGuL2l","1884421208436847051","https://pbs.twimg.com/ext_tw_video_thumb/1882717156909133824/pu/img/DpdmW-ei0B6tI169.jpg","","in","","0","57","4","https://x.com/undefined/status/1884421208436847051","765035200896118789",
"1884227178008867227","Wed Jan 29 01:58:23 +0000 2025","0","@skyzzhang Gini amat jadi fans efek gedung wekwek wifinya buluk pasti pakek indihome","1884420797214896131","","skyzzhang","in","","0","1","0","https://x.com/undefined/status/1884420797214896131","1627609827064291328",
"1884415819121319961","Wed Jan 29 01:50:50 +0000 2025","0","@the_odhe @IndiHomeCare @KemenBUMN @the_odhe Makasih sebelumnya sudah setia berlangganan IndiHome Kak Ali. Boleh infokan dahulu nomor internet dan atas nama via DM agar bisa kami bantu tindaklanjuti dan privasi data Kakak tetap terjaga ya. -Dhet","1884418895177744860","","the_odhe","in","","0","0","0","https://x.com/undefined/status/1884418895177744860","255409050",
"1884418320751083609","Wed Jan 29 01:48:33 +0000 2025","0","Ini beneran nih Indihome dari kemaren ga bisa akses internet???????????","1884418320751083609","","","in","","0","1","0","https://x.com/undefined/status/1884418320751083609","839877770",
"1884414911251640803","Wed Jan 29 01:46:19 +0000 2025","0","@the_odhe @Telkomsel @IndiHome @KemenBUMN @KompasTV @Metro_TV Maafin ya Kak @the_odhe dibikin kesel. Bantu infoin ID laporan nya ke DM yuk Kak. Biar dibantu cek progress laporan nya -Aci","1884417758399717493","","the_odhe","in","","0","0","0","https://x.com/undefined/status/1884417758399717493","765035200896118789",
"1884414911251640803","Wed Jan 29 01:41:47 +0000 2025","0","@IndiHomeCare @Telkomsel @IndiHome @KemenBUMN @KompasTV @Metro_TV Infonya sdh 3 hari coyy... teknisi sdh sempat datang tapi hanya bilang survey aja krna tdk bawa peralatan dan datang udah malam Terus sy hub.. malah teknisi bilang bersabar... Emang SOP Aduan gitu ya? Mesti di survey seperti pasang baru???","1884416619461632505","","IndiHomeCare","in","","0","1","0","https://x.com/undefined/status/1884416619461632505","2268251918",
"1884098473131401531","Wed Jan 29 01:40:27 +0000 2025","0","@curabaya Ezzi bantu cek boleh Kak Cher? Maafin IndiHome -Ezzi","1884416284143825019","","curabaya","in","","0","0","0","https://x.com/undefined/status/1884416284143825019","765035200896118789",
"1884414911251640803","Wed Jan 29 01:36:33 +0000 2025","0","@the_odhe @Telkomsel @IndiHome @KemenBUMN @KompasTV @Metro_TV Maafin ya Kak Ali :( pastikan kabel patch cord (kabel warna hitam/kuning dgn ujung kabel warna biru) terpasang dgn benar. Kalo masih sama infoin ke DM nomor IndiHome dan nama lengkap biar dibantu cek :) -Nesya","1884415304140480730","","the_odhe","in","","0","1","0","https://x.com/undefined/status/1884415304140480730","765035200896118789",
"1884414911251640803","Wed Jan 29 01:35:00 +0000 2025","0","@IndiHomeCare @Telkomsel @IndiHome @KemenBUMN @KompasTV @Metro_TV Gangguan Indihome sdh 3 Hari... ngga ada tindak lanjut. Ehh pagi2 bangun sdh di ingatkan tagihan... Serius .....????? https://t.co/Kcyp8Sf0t9","1884414911251640803","https://pbs.twimg.com/ext_tw_video_thumb/1884414886928867329/pu/img/iuUYlKzZ-3QHNF1u.jpg","IndiHomeCare","in","","0","1","0","https://x.com/undefined/status/1884414911251640803","2268251918",
"1884413662296961191","Wed Jan 29 01:30:02 +0000 2025","0","Indihome emng selemoooot ini kahhhh ini dah ada ampir setahun lemotnya tambah parahhh kirim wa aja gabisa","1884413662296961191","","","in","","0","1","0","https://x.com/undefined/status/1884413662296961191","1038794476355874816",
"1884391802666684781","Wed Jan 29 01:28:25 +0000 2025","0","@adhams IndiHome hadiiir Kak. Btw ada apa nihh? spill dulu yuk biar bisa Duwi bantu️ -Duwi","1884413253624946999","","adhams","in","","0","1","0","https://x.com/undefined/status/1884413253624946999","765035200896118789",
"1884412546188468706","Wed Jan 29 01:25:36 +0000 2025","0","indihome ga jelas bat asli dah 3 hari","1884412546188468706","","","in","","0","1","0","https://x.com/undefined/status/1884412546188468706","1794185074952515584",
"1884410549066424667","Wed Jan 29 01:21:23 +0000 2025","0","@djepri13 @djepri13 Halo maafin Kak Djepri. Jarak yang terlalu jauh atau udah lebih dari batas FUP bisa jadi penyebab koneksi lambatnya. Ayo infokan nomor IndiHome juga atas nama ke DM biar dicek :) -Joan","1884411486224933158","","djepri13","in","","0","0","0","https://x.com/undefined/status/1884411486224933158","765035200896118789",
"1884403173944955363","Wed Jan 29 01:10:16 +0000 2025","0","@IndiHomeCare @raf_antonov @IndiHome Joan masih single ga? ","1884408687714029923","","IndiHomeCare","in","","0","0","0","https://x.com/undefined/status/1884408687714029923","63112875",
"1884391802666684781","Wed Jan 29 01:08:28 +0000 2025","1","@praditautama Ke router indihome dulu dong. Gimana sih?","1884408236427862418","","praditautama","in","","0","1","0","https://x.com/undefined/status/1884408236427862418","14284867",
"1884406752067871155","Wed Jan 29 01:06:38 +0000 2025","0","@Forsythe169 ke DM nomor IndiHome atas nama &amp; lokasi biar dibantu cek-Micha (2/2)","1884407773485818002","","Forsythe169","in","","0","0","0","https://x.com/undefined/status/1884407773485818002","765035200896118789",
"1884406752067871155","Wed Jan 29 01:02:34 +0000 2025","0","@IndiHomeCare @IndiHome ini wifi merah dari semalem gimana ya","1884406752067871155","","IndiHomeCare","in","","0","2","0","https://x.com/undefined/status/1884406752067871155","1232832041227444224",
"1884403173944955363","Wed Jan 29 01:00:28 +0000 2025","0","@raf_antonov Maafin IndiHome Kak Wahyu udah dihubungi sama team teknisi di lokasi belum? -Ezzi","1884406221958168597","","raf_antonov","in","","0","1","0","https://x.com/undefined/status/1884406221958168597","765035200896118789",
"1884377205507297782","Wed Jan 29 00:55:51 +0000 2025","1","@koharufan24 teman okuu ada yg indihome mw okuu panggilin kh ","1884405058550522142","","koharufan24","in","","0","1","0","https://x.com/undefined/status/1884405058550522142","1606480306617270272",
"1884403173944955363","Wed Jan 29 00:50:53 +0000 2025","0","@raf_antonov @IndiHome @raf_antonov Kak Wahyu maaf kalo koneksinya berkendala. Boleh share nomor internet dan atas nama ke DM yuk agar bisa dicek :) -Joan","1884403811781075041","","raf_antonov","in","","0","1","0","https://x.com/undefined/status/1884403811781075041","765035200896118789",
"1884403173944955363","Wed Jan 29 00:49:27 +0000 2025","0","Termasuk saat bikin laporan ini juga pakai gsm karena pakai indihome ga bisa buka twitter / x","1884403448269169032","","raf_antonov","in","","0","1","0","https://x.com/undefined/status/1884403448269169032","855621674",
"1884403173944955363","Wed Jan 29 00:48:21 +0000 2025","1","@IndiHome @IndiHomeCare tolong cek koneksi 1 bulan terakhir berantakan bgt.. DNSnya ga sering ga resolv dan uploadnya ga bisa lancar..tp begitu switch pakai 4G aman2 saja..","1884403173944955363","","IndiHome","in","","0","2","0","https://x.com/undefined/status/1884403173944955363","855621674",
"1884399107713949763","Wed Jan 29 00:34:55 +0000 2025","0","@NurDhea260811 @NurDhea260811 Mohon maaf ya Kak Dhea boleh infoin ke DM nomor IndiHome dan atas nama biar dibantu cek koneksinya ya :) -Nesya","1884399793277133209","","NurDhea260811","in","","0","0","0","https://x.com/undefined/status/1884399793277133209","765035200896118789",
"1884389086632489407","Tue Jan 28 23:52:23 +0000 2025","1","@1 ubur-ubur ikan lele dulu muter girl sekarang jadi anak indihome lee https://t.co/T3hzvG0pCT","1884389086632489407","https://pbs.twimg.com/media/Giax4zyaYAI7YpQ.jpg","1","in","","1","29","0","https://x.com/undefined/status/1884389086632489407","991119771931369472",
"1884383155677012220","Tue Jan 28 23:28:49 +0000 2025","0","Waah jaringan telkomsel kumat lagi wifi indihome juga trouble. Dari kmaren loh ini wahai telkomsel.","1884383155677012220","","","in","","0","2","0","https://x.com/undefined/status/1884383155677012220","1853355386",
"1884379318786326915","Tue Jan 28 23:15:49 +0000 2025","0","@Abahe_ALIS @IndiHome @Telkomsel @KemenBUMN @mediaindonesia @Bojonegoromu Maaf ya Kak @Abahe_ALIS :( boleh konfirmasi kembali ke DM biar dibantu follow up koneksi WiFi Kakak ya :( -Nesya","1884379884837036349","","Abahe_ALIS","in","","0","0","0","https://x.com/undefined/status/1884379884837036349","765035200896118789",
"1884379318786326915","Tue Jan 28 23:13:34 +0000 2025","0","To Indihome mohon segera diperbaiki @IndiHome @Telkomsel CC @KemenBUMN @mediaindonesia @Bojonegoromu https://t.co/sLhgm7GjWe","1884379318786326915","https://pbs.twimg.com/ext_tw_video_thumb/1884379287006109696/pu/img/7jte1M1DvrP_kXv5.jpg","","in","","0","1","0","https://x.com/undefined/status/1884379318786326915","1299856178378235909",
"1884376637896327520","Tue Jan 28 23:02:55 +0000 2025","0","indihome lemot bgt fak dr semalem","1884376637896327520","","","in","","0","1","0","https://x.com/undefined/status/1884376637896327520","4833877150",
"1884367946220511233","Tue Jan 28 22:40:25 +0000 2025","0","@muden @IndiHome @IndiHomeCare Helo Kak @muden Kami bantu tindaklanjuti ya untuk kendala kabel yg terputus. Infokan nomor IndiHome dan atas nama ke DM rekan kami akan bantu penanganannya makasih. -Nabil","1884370976902992056","","muden","in","","0","0","0","https://x.com/undefined/status/1884370976902992056","255409050",
"1884368978308727074","Tue Jan 28 22:36:37 +0000 2025","0","@dikapputra666 @IndiHomeCare @dikapputra666 Halo Kak Dika. Maaf ya salah satu penyebab koneksi tidak stabil adalah banyak device terhubung. Buat dicek maksimal yuk infoin nomor IndiHome dan atas nama ke DM makasih. -Nabil","1884370021167824929","","","in","","0","0","0","https://x.com/undefined/status/1884370021167824929","255409050",
"1884367946220511233","Tue Jan 28 22:31:05 +0000 2025","0","@muden @IndiHome @IndiHomeCare Helo Kak @muden Kami bantu tindaklanjuti ya untuk kendala kabel yg terputus. Infokan nomor IndiHome dan atas nama ke DM rekan kami akan bantu penanganannya makasih. -Nabil","1884368627924885724","","muden","in","","0","0","0","https://x.com/undefined/status/1884368627924885724","255409050",
"1883806029911318807","Tue Jan 28 22:29:35 +0000 2025","0","@rejekianakbaik kalo ada di indo nanti yang komen 'gua anak indihome ada sosok yang ngendaliin mobilnya'","1884368250332667942","","rejekianakbaik","in","","0","0","0","https://x.com/undefined/status/1884368250332667942","1168463940088561667",
"1884367946220511233","Tue Jan 28 22:28:22 +0000 2025","0","Halo @IndiHome @IndiHomeCare perbaiki kabel putus sampe sebulan lebih? Internet saya putus sejak sblm Natal. Lokasi kabel putus Jl. AH Nasution Medan. Gimana @Telkomsel? https://t.co/KQBut6Zgxh","1884367946220511233","https://pbs.twimg.com/media/GiaeqFHaYAIG6Zl.jpg","","in","","0","2","0","https://x.com/undefined/status/1884367946220511233","14475550",
"1884114380197093424","Tue Jan 28 21:38:45 +0000 2025","0","@Dhruyv @Lucentmien Eh ada apa nih Kak? Kakaknya pakai IndiHome juga? -Anggi","1884355459135758711","","","in","","0","0","0","https://x.com/undefined/status/1884355459135758711","765035200896118789",
"1884139492581466215","Tue Jan 28 21:15:22 +0000 2025","0","@vinosungepet @Serafion @vinosungepet Mohon maaf Kak karena relasi bukan pemilik IndiHome maka permintaan bisa diajukan ke GraPARI terdekat seperti yg rekan kami sampaikan sebelumnya di DM makasih. -Nabil","1884349573172453576","","vinosungepet","in","","0","0","0","https://x.com/undefined/status/1884349573172453576","765035200896118789",
"1884188007068324014","Tue Jan 28 20:45:57 +0000 2025","0","@berandaall Ohhh ini yg di sebut Toto kromo / sopan santun . Medan yg berbagai macam mahluk mulai dari preman begal rampok maling tiang Indihome spesialis maling pagar spesialis bongkar pintu ruko DPO tapi blm pernah anarkis klo komplotan nya di tangkap.","1884342169617719345","","berandaall","in","","0","0","0","https://x.com/undefined/status/1884342169617719345","1529029591532445696",
"1884338145317343358","Tue Jan 28 20:29:57 +0000 2025","0","indihome lemot banget jancok aku pengen baca au","1884338145317343358","","","in","","0","0","0","https://x.com/undefined/status/1884338145317343358","1566137096498458624",
"1883750409715765437","Tue Jan 28 20:09:16 +0000 2025","0","@masmassbiasa__ @BudiBukanIntel Admin official account tapi gak ada profesionalismenya dalam menjawab pertanyaan. Mending suruh dulu adminnya belajar ngebahas dm sosmed sama admin akun Indihome walaupun template dan ngeselin jawaban admin Indihome tetep aja lebih enak diterima sama kita yang complain.","1884332939183599679","","masmassbiasa__","in","","0","0","0","https://x.com/undefined/status/1884332939183599679","393306745",
"1884310234015183233","Tue Jan 28 18:39:03 +0000 2025","0","Ini indihome lagi gangguan kah? @IndiHomeCare","1884310234015183233","","","in","","0","0","0","https://x.com/undefined/status/1884310234015183233","791089148098519040",
"1884302016501186733","Tue Jan 28 18:06:24 +0000 2025","6","@ayshisyvlia thankyou udah ngajak collab dan jadi orang pertama meng-collabkukita ngobrol lancar before stream tapi karna indihome ku FUP parah aku nya jadi budeg online NT stream wkwk Thankyou Senpai for showing up and cheered sorry for the short 1h Budeg Stream ya","1884302016501186733","","","in","","1","2","1","https://x.com/undefined/status/1884302016501186733","1808808378912944129",
"1884293139000873284","Tue Jan 28 17:31:07 +0000 2025","0","IndiHome knpa sihhhhh baru buat nonton tutor tiba' sinyal ilang' an","1884293139000873284","","","in","","0","2","0","https://x.com/undefined/status/1884293139000873284","1289486892023521280",
"1884289249622778290","Tue Jan 28 17:15:40 +0000 2025","0","indihome kl bentukannya org udh gua gebukin tiap hari","1884289249622778290","","","in","","0","2","1","https://x.com/undefined/status/1884289249622778290","1542467825142337537",
"1884199871730835707","Tue Jan 28 17:08:21 +0000 2025","0","@muhamad_rendi Apabila belum ada perubahan silakan informasikan nomor IndiHome dan atas namanya melalui DM. Neira akan bantu buatkan pelaporannya. Terima kasih :) -Neira","1884287410382786654","","IndiHomeCare","in","","0","1","0","https://x.com/undefined/status/1884287410382786654","765035200896118789",
"1884264220172362125","Tue Jan 28 17:06:19 +0000 2025","0","@nobijta Indihome apalagi cokk makin makin","1884286898434396537","","nobijta","in","","0","1","0","https://x.com/undefined/status/1884286898434396537","1613195300486905858",
"1884268287678374339","Tue Jan 28 17:03:52 +0000 2025","0","@likeineed_u @likeineed_u Baik Kak. Mohon maaf ya jadi ganggu aktivitasnya. Neira bantu pengecekan lebih lanjut boleh infoin nomor IndiHome dan atas namanya melalui DM. Ditunggu yaa. Makasih :) -Neira","1884286281800376608","","likeineed_u","in","","0","0","0","https://x.com/undefined/status/1884286281800376608","765035200896118789",
"1884266445623935267","Tue Jan 28 17:03:15 +0000 2025","0","@susudingin_ @IndiHome Kakak kenapa nih sama IndiHome-nya? Kalau ada kendala ceritain aja via DM ke @IndiHomeCare ya. :) -Anggi","1884286124832813095","","susudingin_","in","","0","0","0","https://x.com/undefined/status/1884286124832813095","765035200896118789",
"1884285681075417106","Tue Jan 28 17:01:29 +0000 2025","0","bener bener gedeg anj ama indihome gua ganti biznet juga jing gedein mbps aja gangaruh kontol @IndiHomeCare","1884285681075417106","","","in","","0","1","0","https://x.com/undefined/status/1884285681075417106","1199572133799591936",
"1883918958988013842","Tue Jan 28 17:00:01 +0000 2025","0","@adaidooo Halo Kak Ido. Permintaan migrasi paketnya dapat dibantu melalui kami yaa. Neira bantu pengecekannya yuk infoin nomor IndiHome dan atas namanya melalui DM. Terima kasih :) -Neira","1884285311095849335","","cahyssss","in","","0","1","0","https://x.com/undefined/status/1884285311095849335","765035200896118789",
"1884276835347009904","Tue Jan 28 16:57:12 +0000 2025","0","@ahgaduh @babumeong Hehe gapapa Kak biar makin akrab siapa tau jadi bestie. Oia btw Kakak udh berlangganan IndiHome brp lama ni? -Maul","1884284604745670957","","ahgaduh","in","","0","0","0","https://x.com/undefined/status/1884284604745670957","765035200896118789",
"1884276835347009904","Tue Jan 28 16:56:04 +0000 2025","0","@babumeong @ahgaduh Merasa terpanggil nih Kak ada apa nih? Jika ada hal yang ingin ditanyakan seputar layanan IndiHome bisa hubungi kami ya. -Maul","1884284318597668876","","babumeong","in","","0","0","0","https://x.com/undefined/status/1884284318597668876","765035200896118789",
"1884241734466719785","Tue Jan 28 16:53:24 +0000 2025","0","@poetriyw @Recnaisans Tenang Kak. Kami siap bantu solusikan. Yang berkendala IndiHome atau Telkomselnya? -Maul","1884283646770835773","","poetriyw","in","","0","0","0","https://x.com/undefined/status/1884283646770835773","765035200896118789",
"1884273592525021674","Tue Jan 28 16:51:45 +0000 2025","0","@logikajuara IndiHome nya kenapa nih Kak? Sini ceritain detailnya dulu sama Maul. -Maul","1884283233816436982","","logikajuara","in","","0","0","0","https://x.com/undefined/status/1884283233816436982","765035200896118789",
"1883918958988013842","Tue Jan 28 16:40:37 +0000 2025","0","@roronoazindx @sheistoofussy Merasa terpanggil nih Kak ada apa nih? Jika ada hal yang ingin ditanyakan seputar layanan IndiHome bisa hubungi kami ya. -Maul","1884280431698420208","","roronoazindx","in","","0","1","0","https://x.com/undefined/status/1884280431698420208","765035200896118789",
"1884276460774646226","Tue Jan 28 16:29:34 +0000 2025","0","@krerupuk Kak Huni. Mohon maaf atas ketidaknyamanannya. Apakah sudah dipastikan untuk device yang terhubung sesuai dengan optimum device paketnya? Neira bantu cek dan optimalkan kembali jaringannya ya. Yuk infoin nomor IndiHome &amp; atas namanya melalui DM. Makasih -Neira","1884277649230659728","","krerupuk","in","","0","0","0","https://x.com/undefined/status/1884277649230659728","765035200896118789",
"1884276835347009904","Tue Jan 28 16:28:34 +0000 2025","0","@babumeong Ih disensor kalo mau nulis indihome nanti dimention adminnya. Jadi rumpi deh kita bertiga","1884277399833235811","","babumeong","in","","0","2","0","https://x.com/undefined/status/1884277399833235811","246631629",
"1884275045629059250","Tue Jan 28 16:19:13 +0000 2025","0","indihome lemot bgttttt https://t.co/2oSOMD7Quy","1884275045629059250","https://pbs.twimg.com/tweet_video_thumb/GiZKKWRbgAAxoVN.jpg","","in","","0","1","0","https://x.com/undefined/status/1884275045629059250","1340522286827274240",
"1884274610096763040","Tue Jan 28 16:17:29 +0000 2025","0","Ini indihome seindonesia lagi LOS semua kahhh??? ","1884274610096763040","","","in","","0","1","0","https://x.com/undefined/status/1884274610096763040","1551462795278819328",
"1884274456878801204","Tue Jan 28 16:16:53 +0000 2025","0","indihome kumat dah","1884274456878801204","","","tl","","0","1","0","https://x.com/undefined/status/1884274456878801204","1726965434438807552",
"1884253705874342332","Tue Jan 28 16:14:59 +0000 2025","0","@fharshword @IndiHome @fharshword DM Kak Loriane sudah kami respons ya. Yuk lanjut interaksinya di DM -Rai","1884273978111582476","","fharshword","in","","0","0","0","https://x.com/undefined/status/1884273978111582476","765035200896118789",
"1884263625487167922","Tue Jan 28 16:04:35 +0000 2025","0","@jiwajamal @jiwajamal Malam Kak Jamal. Maaf ya salah satu penyebab koneksi tidak stabil adalah banyak device terhubung. Buat dicek maksimal yuk infoin nomor IndiHome dan atas nama ke DM makasih. -Nabil","1884271360438120905","","jiwajamal","in","","0","0","0","https://x.com/undefined/status/1884271360438120905","765035200896118789",
"1884257408429744340","Tue Jan 28 15:54:28 +0000 2025","0","@luofengcn @luofengcn Maaf ya Kak Div salah satu penyebab koneksi tidak stabil adalah banyak device terhubung. Buat dicek maksimal yuk infoin nomor IndiHome dan atas nama ke DM makasih. -Nabil","1884268815506366540","","luofengcn","in","","0","0","0","https://x.com/undefined/status/1884268815506366540","765035200896118789",
"1884268518809702631","Tue Jan 28 15:53:17 +0000 2025","0","please terus terusan ga stabil mulu jaringan nyaa padahal gue bayar tepat waktu terus lama lama gue lepas aja kali wifi nya nih #indihome","1884268518809702631","","","in","","0","1","0","https://x.com/undefined/status/1884268518809702631","1248794219344351234",
"1884268287678374339","Tue Jan 28 15:52:22 +0000 2025","0","indihom kok jd lemot gni ya tolong #indihome","1884268287678374339","","","in","","0","1","0","https://x.com/undefined/status/1884268287678374339","1639677839367880704",
"1884264079218598210","Tue Jan 28 15:50:58 +0000 2025","0","@ultim4tesimp IndiHome nya kenapa nih Kak? Sini ceritain detailnya dulu sama Maul. -Maul","1884267933796556923","","ultim4tesimp","in","","0","1","0","https://x.com/undefined/status/1884267933796556923","765035200896118789",
"1884266445623935267","Tue Jan 28 15:45:03 +0000 2025","0","indihome babikkkk @IndiHome","1884266445623935267","","","tl","","0","1","0","https://x.com/undefined/status/1884266445623935267","374911682",
"1884266266481025320","Tue Jan 28 15:44:20 +0000 2025","0","indihome bawok","1884266266481025320","","","in","","0","2","0","https://x.com/undefined/status/1884266266481025320","1521878085146386432",
"1883918958988013842","Tue Jan 28 15:43:26 +0000 2025","0","@sheistoofussy berjiwa indihome apa biznet mbk","1884266041163071756","","sheistoofussy","in","","0","3","0","https://x.com/undefined/status/1884266041163071756","1243924192111681538",
"1884216168983957510","Tue Jan 28 15:39:59 +0000 2025","0","@convomf ANJING MELEBIHI FUP INDIHOME GW","1884265169884438817","","convomf","in","","0","1","0","https://x.com/undefined/status/1884265169884438817","1734981877642240000",
"1884257527682195638","Tue Jan 28 15:36:24 +0000 2025","0","@jackjackparrr @jackjackparrr Maaf Kak Jack. Sebelum kami cek silakan infokan via DM: 1. Nomor ID IndiHome 2. Nama Lengkap Sebagai informasi tambahan saat ini kebijakan privasi layanan IndiHome bisa di cek melalui https://t.co/XMDyyXUbBt. -Fadel","1884264270671843796","","","in","","0","0","0","https://x.com/undefined/status/1884264270671843796","765035200896118789",
"1884264079218598210","Tue Jan 28 15:35:39 +0000 2025","0","indihome cuki","1884264079218598210","","","in","","0","1","0","https://x.com/undefined/status/1884264079218598210","1163089342698422272",
"1884263625487167922","Tue Jan 28 15:35:26 +0000 2025","0","CAPE PLUS SERUUU BGT NGERJAIN quiz intern nestle. jujur capenya di wifi indihome lemooooott kalo hujaaan jd kurang maksimal ngerjainnya t__t klo gue ga keterima intern inii it s your fault yaa @IndiHomeCare","1884264024558485749","","jiwajamal","in","","0","2","0","https://x.com/undefined/status/1884264024558485749","1382572104466329601",
"1884178404645429546","Tue Jan 28 15:33:28 +0000 2025","0","@kallskie @IndiHome Yukk lapor via DM @IndiHomeCare nomor internetnya Kak. Biar bisa dibantu optimalin lagi koneksinya. -Maul","1884263529865437521","","kallskie","in","","0","0","0","https://x.com/undefined/status/1884263529865437521","765035200896118789",
"1884226418902766049","Tue Jan 28 15:32:23 +0000 2025","0","@RahmatSyai99933 @IndiHome Maaf Kak biar mimin langsung bantu cek boleh infoin nomor internetnya via DM ke @IndiHomeCare. Mimin tunggu ya Kak. -Maul","1884263259546751220","","RahmatSyai99933","in","","0","0","0","https://x.com/undefined/status/1884263259546751220","765035200896118789",
"1884262973054804370","Tue Jan 28 15:31:15 +0000 2025","0","indihome kalo hujan bapuk","1884262973054804370","","","in","","0","0","0","https://x.com/undefined/status/1884262973054804370","1185546336092872704",
"1884250086496153705","Tue Jan 28 15:30:06 +0000 2025","0","@orydoras @IndiHome Tenang Kak. Ada yang bisa dibantu seputar layanan IndiHome-nya? Kakak bisa DM via akun @IndiHomeCare ya. -Maul","1884262685019426910","","orydoras","in","","0","0","0","https://x.com/undefined/status/1884262685019426910","765035200896118789",
"1884178404645429546","Tue Jan 28 15:28:41 +0000 2025","0","@IndiHome Min internet ga nyala lampunya ngga loss juga itu cemana ya min?","1884262326678987005","","IndiHome","in","","0","1","0","https://x.com/undefined/status/1884262326678987005","1171428481244155905",
"1884243952741851529","Tue Jan 28 15:27:36 +0000 2025","0","@pzapah @IndiHome Hallo Kak. Jika ada yang ingin ditanyakan seputar layanan IndiHome-nya Kakak bisa DM via akun @IndiHomeCare ya. -Maul","1884262056423223464","","pzapah","in","","0","0","0","https://x.com/undefined/status/1884262056423223464","765035200896118789",
"1884252918930628782","Tue Jan 28 15:27:23 +0000 2025","1","@Abang_Awal19 Indihome sinyalnya busuk","1884262000345374782","","Abang_Awal19","in","","0","2","0","https://x.com/undefined/status/1884262000345374782","871058414364876800",
"1884252918930628782","Tue Jan 28 15:26:18 +0000 2025","0","@hnirankara wah jenengan ncen jos mas kq tau klw dsni ada indihome ","1884261726516060520","","hnirankara","in","","0","2","0","https://x.com/undefined/status/1884261726516060520","1751998844311851008",
"1884254985376157940","Tue Jan 28 15:25:54 +0000 2025","0","@OnikBilissa Kak @OnikBilissa mohon maaf ya Pastikan terlebih dahulu kabel patch cord sudah terpasang atau tertancap dengan benar. Buat dicek maksimal yuk infoin nomor IndiHome dan atas nama ke DM ya makasih. -Nabil","1884261627681513942","","OnikBilissa","in","","0","0","0","https://x.com/undefined/status/1884261627681513942","765035200896118789",
"1884236163944440268","Tue Jan 28 15:25:06 +0000 2025","0","@itslatrope @riotgames @IndiHome Duh kenapa nih sama layanan IndiHomenya Kak? Coba ceritain detailnya ke @IndiHomeCare biar langsung dibantu. -Maul","1884261427441188916","","itslatrope","in","","0","0","0","https://x.com/undefined/status/1884261427441188916","765035200896118789",
"1884178404645429546","Tue Jan 28 15:23:13 +0000 2025","0","@Andrypu65785364 @IndiHome Yukk lapor via DM @IndiHomeCare nomor internetnya Kak. Biar bisa dibantu optimalin lagi koneksinya. Kalo sekarang udah aman belum Kak? -Maul","1884260950875988282","","Andrypu65785364","in","","0","0","0","https://x.com/undefined/status/1884260950875988282","765035200896118789",
"1884211933030887870","Tue Jan 28 15:22:14 +0000 2025","0","@IndiHomeCare @chizurueee Aku gak pake indihome kak maul","1884260704414490694","","IndiHomeCare","in","","0","1","0","https://x.com/undefined/status/1884260704414490694","1805642639133622274",
"1884211933030887870","Tue Jan 28 15:21:50 +0000 2025","0","@chizurueee @winterawon @IndiHome Hallo Kak. Ada yang bisa dibantu seputar layanan IndiHome-nya? Kakak bisa DM via akun @IndiHomeCare ya. -Maul","1884260605894553713","","chizurueee","in","","0","0","0","https://x.com/undefined/status/1884260605894553713","765035200896118789",
"1884259903092711643","Tue Jan 28 15:19:03 +0000 2025","0","anj indihome jelek bgt fakkkk bnr2 gada koneksi","1884259903092711643","","","in","","0","1","0","https://x.com/undefined/status/1884259903092711643","1373636989157699585",
"1884253705874342332","Tue Jan 28 15:17:59 +0000 2025","0","@fharshword @IndiHome @fharshword Maaf Kak Loriane Kendala jaringannya sudah dibantu pengecekan sama temen Rai di DM ya. Yuk lanjut interaksinya di DM Kak -Rai","1884259633076003006","","fharshword","in","","0","0","0","https://x.com/undefined/status/1884259633076003006","765035200896118789",
"1884253705874342332","Tue Jan 28 15:11:46 +0000 2025","0","@fharshword @IndiHome @fharshword Baik Kak Loriane kendala akses internet akan dibantu pengecekan via DM ya :) -Frey","1884258072551645375","","fharshword","in","","0","1","0","https://x.com/undefined/status/1884258072551645375","765035200896118789",
"1884257408429744340","Tue Jan 28 15:09:08 +0000 2025","0","indihome sekarang hujan dikit langsung lemot cupu bgt","1884257408429744340","","","in","","0","1","0","https://x.com/undefined/status/1884257408429744340","1401029680933707776",
"1884247742924603538","Tue Jan 28 15:07:14 +0000 2025","0","@briannaan_ @briannaan_ Maaf ya Kak Bri Ann salah satu penyebab koneksi tidak stabil adalah banyak device terhubung. Buat dicek maksimal yuk infoin nomor IndiHome dan atas nama ke DM makasih. -Nabil","1884256929960321395","","briannaan_","in","","0","0","0","https://x.com/undefined/status/1884256929960321395","765035200896118789",
"1884254780664734047","Tue Jan 28 15:06:27 +0000 2025","0","@alam99514879 @TwipsX IndiHome nya kenapa nih Kak? Sini ceritain detailnya dulu sama Maul. -Maul","1884256732840611887","","joknotjeet","in","","0","0","0","https://x.com/undefined/status/1884256732840611887","765035200896118789",
"1884255728174785001","Tue Jan 28 15:02:28 +0000 2025","0","indihome jembut paket loss terus kontol @indihome","1884255728174785001","","","in","","0","0","0","https://x.com/undefined/status/1884255728174785001","1171736068695056384",
"1884250388842627180","Tue Jan 28 15:01:29 +0000 2025","0","@Roseavocadoo Halo Kak @Roseavocadoo. Maaf ya salah satu penyebab koneksi tidak stabil adalah banyak device terhubung. Buat dicek maksimal yuk infoin nomor IndiHome dan atas nama ke DM makasih. -Nabil","1884255481046388960","","Roseavocadoo","in","","0","1","0","https://x.com/undefined/status/1884255481046388960","765035200896118789",
"1884250424401957225","Tue Jan 28 14:59:43 +0000 2025","0","@ayashaputri06 @ayashaputri06 Kak Ayasha maaf banget ya Kak. Yuk infokan nomor IndiHome dan atas nama ke DM. Nanti Kami bantu cek lebih lanjut -Darlan","1884255037322584171","","ayashaputri06","in","","0","2","0","https://x.com/undefined/status/1884255037322584171","765035200896118789",
"1884253001571000644","Tue Jan 28 14:51:37 +0000 2025","1","Efek liburan apa gimana sih anjir dari kemarin main nge-lag mulu. Benerin kek sinyal lu indihome tsel. Apaan bayar mahal-mahal dapet kualitas jelek kayak gini.","1884253001571000644","","","in","","0","2","0","https://x.com/undefined/status/1884253001571000644","1759451033636585472",
"1884252318646038581","Tue Jan 28 14:48:55 +0000 2025","0","indihome jelek banget anjir ","1884252318646038581","","","in","","0","1","0","https://x.com/undefined/status/1884252318646038581","1805736063299993600",
"1884247586036687179","Tue Jan 28 14:43:58 +0000 2025","0","@ratihbudii @ratihbudii Kak Ratih maaf ya. Untuk kendala koneksi internet yuk infokan nomor IndiHome dan atas nama ke DM. Nanti Kami bantu cek ya Kak -Darlan","1884251075647246513","","ratihbudii","in","","0","0","0","https://x.com/undefined/status/1884251075647246513","765035200896118789",
"1884234617450013164","Tue Jan 28 14:43:41 +0000 2025","0","@tee_lvre indihome i nya iiiih anjg burik","1884251001257087156","","tee_lvre","in","","0","2","0","https://x.com/undefined/status/1884251001257087156","1872703279840542720",
"1884243585169777120","Tue Jan 28 14:43:40 +0000 2025","0","@alfianlinggaaa @alfianlinggaaa Huhu Langkah awal penanganan pastikan terlebih dahulu kabel patch cord sudah terpasang atau tertancap dengan benar. Jika masih terkendala infokan no IndiHome dan atas nama ke DM untuk dibantu penanganan lebih lanjut makasih. -Nabil","1884251000023945677","","alfianlinggaaa","in","","0","0","0","https://x.com/undefined/status/1884251000023945677","765035200896118789",
"1884244587784593497","Tue Jan 28 14:43:39 +0000 2025","0","@ihaanie sutet indihome lagi burikkk","1884250995594776965","","ihaanie","in","","0","1","0","https://x.com/undefined/status/1884250995594776965","1838175972178452480",
"1884243816594776118","Tue Jan 28 14:40:30 +0000 2025","0","@klo_noa Halo Kak @klo_noa Maafin ya kami bantu cek update progresnya. Yuk infoin nomor IndiHome dan atas nama ke DM makasih. -Nabil","1884250203508953358","","klo_noa","in","","0","0","0","https://x.com/undefined/status/1884250203508953358","765035200896118789",
"1884242844631851115","Tue Jan 28 14:38:36 +0000 2025","0","@pzapah @pzapah Halo Kak Ajo. Soal pelanggan IndiHome yg terkena musibah kebakaran. Infokan ke DM nomor IndiHome atas nama kronologi dokumentasi/bukti rekan kami akan bantu di DM soal aduannya mohon ditunggu -Nabil","1884249723877617824","","pzapah","in","","0","0","0","https://x.com/undefined/status/1884249723877617824","765035200896118789",
"1884249106023174319","Tue Jan 28 14:36:09 +0000 2025","0","bapuk banget dah indihome","1884249106023174319","","","in","","0","1","0","https://x.com/undefined/status/1884249106023174319","1650103145253724162",
"1884248587355443438","Tue Jan 28 14:34:05 +0000 2025","0","apaan banget indihome jaringannya jelek","1884248587355443438","","","in","","0","1","0","https://x.com/undefined/status/1884248587355443438","1669703720932892674",
"1884248481625432485","Tue Jan 28 14:33:40 +0000 2025","0","on sini dulu ges mau uptweet sampe mengalahkan akun indihome","1884248481625432485","","","in","","0","2","0","https://x.com/undefined/status/1884248481625432485","1278658559043973120",
"1884247006983639436","Tue Jan 28 14:31:48 +0000 2025","0","@idontcarebitclo Kalo lagi hujan IndiHome Kakak kenapa? Coba yuk sini ceritain detail kendalanya sama Mimin. -Maul","1884248014522573221","","idontcarebitclo","in","","0","0","0","https://x.com/undefined/status/1884248014522573221","765035200896118789",
"1884247984663323026","Tue Jan 28 14:31:41 +0000 2025","0","INDIHOME YAALLAH KOK BERULAH LAGI SIH MALAM INI LEMOT BANGET NEGNTOT","1884247984663323026","","","in","","0","1","0","https://x.com/undefined/status/1884247984663323026","1835825680623497216",
"1884243730720563484","Tue Jan 28 14:31:35 +0000 2025","0","@reverdanleciel @reverdanleciel Huhu maaf uda buat Kakak bete Salah satu penyebab koneksi tidak stabil adalah banyak device terhubung. Buat dicek maksimal yuk infoin nomor IndiHome dan atas nama ke DM makasih -Nabil","1884247958927073480","","reverdanleciel","in","","0","1","0","https://x.com/undefined/status/1884247958927073480","765035200896118789",
"1884247742924603538","Tue Jan 28 14:30:44 +0000 2025","0","IndiHome sinyalnya jelek banget! ","1884247742924603538","","","in","","0","1","0","https://x.com/undefined/status/1884247742924603538","1752466494393651200",
"1884247194850713893","Tue Jan 28 14:28:33 +0000 2025","0","hufttt indihome ttp lemot","1884247194850713893","","","in","","0","0","0","https://x.com/undefined/status/1884247194850713893","1794672109370941440",
"1884247094653014043","Tue Jan 28 14:28:09 +0000 2025","0","Gaasik bgt ini indihome asemm sinyal gw nonton buffering mulu asemm padahal gw lagi gabut asemm bingung mo ngapain @barrassahab","1884247094653014043","","","in","","0","2","0","https://x.com/undefined/status/1884247094653014043","1226425517181587457",
"1884247006983639436","Tue Jan 28 14:27:48 +0000 2025","0","busuk bgt ni Indihome kena hujannn","1884247006983639436","","","in","","0","1","0","https://x.com/undefined/status/1884247006983639436","1135788968769777664",
"1884243585169777120","Tue Jan 28 14:18:19 +0000 2025","0","@alfianlinggaaa IndiHome Kakak kenapa nih? Yuk ceritain detailnya biar kita bantu solusikan. -Maul","1884244621351633162","","alfianlinggaaa","in","","0","0","0","https://x.com/undefined/status/1884244621351633162","765035200896118789",
"1884238662172565657","Tue Jan 28 14:17:43 +0000 2025","0","@earthwindwired @earthwindwired Halo Kak Judas. Maaf ya salah satu penyebab koneksi tidak stabil adalah banyak device terhubung. Buat dicek maksimal yuk infoin nomor IndiHome dan atas nama ke DM makasih. -Nabil","1884244469010292837","","dialsdrank","in","","0","0","0","https://x.com/undefined/status/1884244469010292837","765035200896118789",
"1884243816594776118","Tue Jan 28 14:15:08 +0000 2025","0","@IndiHomeCare halo Indihome daerah Sidokarto Godean kenapa belum pulih juga padahal infonya jam 18.50 sudah selesai?","1884243816594776118","","IndiHomeCare","in","","0","2","0","https://x.com/undefined/status/1884243816594776118","181320314",
"1884243783052845306","Tue Jan 28 14:15:00 +0000 2025","0","indihome kampung","1884243783052845306","","","in","","0","1","0","https://x.com/undefined/status/1884243783052845306","1294666242666553353",
"1884168531681632518","Tue Jan 28 14:14:00 +0000 2025","0","@juputer mnc ama indihome gabeda jauh anjing harga nya tpi sering gangguan tai","1884243533374316562","","","in","","0","0","0","https://x.com/undefined/status/1884243533374316562","1650912664896561152",
"1884242854257775004","Tue Jan 28 14:11:18 +0000 2025","0","@IndiHomeCare malam untuk nomor layanan IndiHome 111665109119 kenapa speed nya hanya sekitar 2mbps ya? saya diberitahu awal pasang untuk speed 30mbps FUP nya itu 750GB tetapi pas saya cek di myTelkomsel baru 500gb an kenapa udah kena FUP?","1884242854257775004","","IndiHomeCare","in","","0","2","0","https://x.com/undefined/status/1884242854257775004","148987626",
"1884199871730835707","Tue Jan 28 14:11:00 +0000 2025","0","@seccndycrsh @IndiHome DM-nya akan direspon sesuai antrean berkenan menunggu dan cek DM secara berkala ya Kak @seccndycrsh makasih. -Nabil","1884242778999382328","","seccndycrsh","in","","0","0","0","https://x.com/undefined/status/1884242778999382328","765035200896118789",
"1884168531681632518","Tue Jan 28 14:06:45 +0000 2025","0","@juputer gua kemaren make indihome sama gangguan jga skrg juga sering gangguan jg","1884241710286508386","","","in","","0","0","0","https://x.com/undefined/status/1884241710286508386","1650912664896561152",
"1884240638851571747","Tue Jan 28 14:06:39 +0000 2025","0","@cookieepieeee @cookieepieeee Mengenai kendala internet IndiHome lambat Zyad minta maaf ya Kak. Coba infoin dulu yuk ke DM nomor IndiHome sama atas nama biar dibantu cek serta privasi data terjaga. Makasih :) -Zyad","1884241681945682270","","cookieepieeee","in","","0","1","0","https://x.com/undefined/status/1884241681945682270","765035200896118789",
"1884237198129832410","Tue Jan 28 14:06:27 +0000 2025","0","@IndiHomeCare @IndiHome haloo kak thank u responnya aku udh DM yaa","1884241634474537089","","IndiHomeCare","in","","0","0","0","https://x.com/undefined/status/1884241634474537089","1711390279100755968",
"1884186677880709436","Tue Jan 28 14:05:37 +0000 2025","0","@nowrakk @kentankloyo @IndiHome @nowrakk Kak Nowrakk maaf ya. IndiHome-nya berkendala juga Kak? Kalau iya yuk infoin nomor internet dan atas nama ke DM. Nanti Kami bantu lebih lanjut -Darlan","1884241421991051629","","nowrakk","in","","0","0","0","https://x.com/undefined/status/1884241421991051629","765035200896118789",
"1884237198129832410","Tue Jan 28 14:04:39 +0000 2025","0","@seccndycrsh @IndiHome Hi Kak @seccndycrsh Maaf jadi ganggu waktu nontonnya Langkah awal bisa pastikan kabel patch cord sudah terpasang atau tertancap dengan benar. Infoin data nomor IndiHome dan atas nama ke DM untuk keamanan data silakan hapus postingan yg berisi data IndiHome Kakak. -Nabil","1884241182097908174","","seccndycrsh","in","","0","1","0","https://x.com/undefined/status/1884241182097908174","765035200896118789",
"1884216168983957510","Tue Jan 28 14:04:07 +0000 2025","0","@dlgksk14 @convomf Tapi FUP IndiHome Kakak masih aman kan?. Kalo butuh bantuan bisa langsung DM ya Kak kita siap bantu kok. -Maul","1884241046219170104","","dlgksk14","in","","0","1","0","https://x.com/undefined/status/1884241046219170104","765035200896118789",
"1884230588477104600","Tue Jan 28 14:03:00 +0000 2025","0","@calvue hah kocak bgt disini indihome kaya goa kl ujan","1884240765972537614","","calvue","in","","0","1","0","https://x.com/undefined/status/1884240765972537614","1363094842968956933",
"1884240288149037166","Tue Jan 28 14:01:06 +0000 2025","0","kenapa ini indihome kalau buka X lemot bgt ya? buka yg lain kyk tiktok lancar aja","1884240288149037166","","","in","","0","1","0","https://x.com/undefined/status/1884240288149037166","1401029680933707776",
"1884236972648194488","Tue Jan 28 13:59:38 +0000 2025","0","@zenryuuji @zenryuuji Kak Zen. Mohon maaf ya. Neira bantu cek dan stabilkan koneksinya ya.Yuk infoin nomor IndiHome dan atas namanya melalui DM karena Neira cek belum ada DM terbaru dari Kakak. Ditunggu yaa :) -Neira","1884239916596617253","","zenryuuji","in","","0","0","0","https://x.com/undefined/status/1884239916596617253","765035200896118789",
"1884239802507354269","Tue Jan 28 13:59:11 +0000 2025","0","INDIHOME KONTOL SINYALNYA JELEK KALI CAPEK AKU","1884239802507354269","","","in","","0","0","0","https://x.com/undefined/status/1884239802507354269","1321134878390276097",
"1884239560147894574","Tue Jan 28 13:58:13 +0000 2025","0","Indihome kek tai","1884239560147894574","","","in","","0","1","0","https://x.com/undefined/status/1884239560147894574","406130605",
"1884239233839423546","Tue Jan 28 13:56:55 +0000 2025","1","indihome jgn lemot pls","1884239233839423546","","","in","","0","1","0","https://x.com/undefined/status/1884239233839423546","1556493169118031872",
"1884199871730835707","Tue Jan 28 13:54:36 +0000 2025","0","@GumilarSat88756 @GumilarSat88756 Huhu maafin ya Kak kalau akses WiFi-nya berkendala coba deh infoin nomer IndiHome sama nama pemilik ke DM ya -Jovan","1884238651762384960","","GumilarSat88756","in","","0","1","0","https://x.com/undefined/status/1884238651762384960","765035200896118789",
"1884238359629103159","Tue Jan 28 13:53:27 +0000 2025","0","BES SORRY KALAU KEPORONG SNJG INDIHOME","1884238359629103159","","","in","","0","0","0","https://x.com/undefined/status/1884238359629103159","2490922440",
"1884234890453082190","Tue Jan 28 13:51:39 +0000 2025","0","@gheytza @gheytza Maaf ya kak :( Coba infoin ke DM nomor IndiHome dan atas nama lengkapnya bair dibantu follow up dan rahasia data lebih terjaga. Makasih :) -Dero","1884237908779118863","","gheytza","in","","0","0","0","https://x.com/undefined/status/1884237908779118863","765035200896118789",
"1884199871730835707","Tue Jan 28 13:51:24 +0000 2025","0","@IndiHomeCare cek dm kak plis @IndiHomeCare @IndiHome","1884237844660773234","","IndiHomeCare","in","","0","1","0","https://x.com/undefined/status/1884237844660773234","1711390279100755968",
"1884186677880709436","Tue Jan 28 13:50:02 +0000 2025","0","@kentankloyo @IndiHomeCare @IndiHome indihome emg sering gangguan kak ardi","1884237501428293879","","kentankloyo","in","","0","2","0","https://x.com/undefined/status/1884237501428293879","1448955608393080841",
"1884231843240894908","Tue Jan 28 13:49:39 +0000 2025","0","@IndiHomeCare @aesboo @IndiHome kak plis aku juga dari tadi gabisa wifi sm tv nyaaaaa","1884237404976079250","","IndiHomeCare","in","","0","0","0","https://x.com/undefined/status/1884237404976079250","1711390279100755968",
"1884237198129832410","Tue Jan 28 13:48:50 +0000 2025","0","indihome lagi gangguan ya? lagi netflixan tb tb ilang jaringa plis @IndiHomeCare @IndiHome","1884237198129832410","","","in","","0","2","0","https://x.com/undefined/status/1884237198129832410","1711390279100755968",
"1884236163944440268","Tue Jan 28 13:44:43 +0000 2025","0","musuhan lu berdua? @riotgames @IndiHome https://t.co/XmMCaRiJe9","1884236163944440268","https://pbs.twimg.com/media/GiYmqKKbQAIOzfb.jpg","","in","","0","1","0","https://x.com/undefined/status/1884236163944440268","233486340",
"1884234617450013164","Tue Jan 28 13:42:17 +0000 2025","0","@tee_lvre sbr by.. indihome emg rawan klo ujan hh","1884235550091272657","","tee_lvre","in","","0","2","0","https://x.com/undefined/status/1884235550091272657","1563910811495854082",
"1884231843240894908","Tue Jan 28 13:42:07 +0000 2025","0","@aesboo @IndiHome @aesboo Maaf bikin gak nyaman :( Coba konfirmasi ke DM nomor IndiHome dan atas nama lengkapnya biar dibantu pengecekan lebih lanjut dan rahasia data lebih terjaga. Makasih :) -Dero","1884235507359768957","","aesboo","in","","0","1","0","https://x.com/undefined/status/1884235507359768957","765035200896118789",
"1884214026777026809","Tue Jan 28 13:39:37 +0000 2025","0","@ourbakee WKWKWK di rep Indihome tuh kaga ko gua udah gak pake Indihome","1884234880923631781","","mhpressinn","in","","0","0","0","https://x.com/undefined/status/1884234880923631781","1881580844177043456",
"1884232105540083801","Tue Jan 28 13:39:32 +0000 2025","0","@muhamad_rendi @muhamad_rendi Kak Rendi maaf banget ya Kami bantu penanganan lebih lanjut Kak yuk infoin nomor IndiHome dan atas nama ke DM. -Darlan","1884234858693898587","","muhamad_rendi","in","","0","0","0","https://x.com/undefined/status/1884234858693898587","765035200896118789",
"1884231670192349321","Tue Jan 28 13:39:06 +0000 2025","0","@Kancil______ @Kancil______ Hi Kak Kancil Frey infoin untuk permintaan pasang baru bisa melalui Aplikasi MyTelkomsel dan landing page https://t.co/tNVP9YiIIO . Makasih. -Frey","1884234748677280164","","Kancil______","in","","0","0","0","https://x.com/undefined/status/1884234748677280164","765035200896118789",
"1884234617450013164","Tue Jan 28 13:38:34 +0000 2025","0","PERCUMAA WIFI 2 KALO DUA DUANYA SAMA SAMA NGELAGG Indihome tai https://t.co/odpSDZmQj2","1884234617450013164","https://pbs.twimg.com/media/GiYlZhYbQAAZ5hx.jpg","","in","","0","9","0","https://x.com/undefined/status/1884234617450013164","1810351082222268425",
"1884231578479731059","Tue Jan 28 13:37:10 +0000 2025","0","@xhsksnzks @xhsksnzks Duh duh maafin kalau akses internetnya berkendala oba infoin nomer IndiHome sama nama pemilik ke DM -Jovan","1884234263245250794","","xhsksnzks","in","","0","0","0","https://x.com/undefined/status/1884234263245250794","765035200896118789",
"1884231585412899167","Tue Jan 28 13:36:52 +0000 2025","0","@moeonlit @moeonlit Kak Vianca maaf ya. Untuk kendala koneksi internet yuk infoin nomor IndiHome dan atas nama ke DM. Nanti Kami bantu cek -Darlan","1884234186506351092","","moeonlit","in","","0","0","0","https://x.com/undefined/status/1884234186506351092","765035200896118789",
"1884231532099035303","Tue Jan 28 13:36:50 +0000 2025","0","@grraciaa_ @grraciaa_ Malam Kak Karlaa Maaf ya pastikan kabel patch cord (hitam atau kuning dengan ujung kabel berwarna biru) terpasang dengan benar. Bila masih belum bisa silakan infoin nomor IndiHome dan atas nama ke DM biar dibantu cek kendala akses internet nya -Dero","1884234181267669454","","grraciaa_","in","","0","0","0","https://x.com/undefined/status/1884234181267669454","765035200896118789",
"1884234175353610262","Tue Jan 28 13:36:49 +0000 2025","0","Wifi di indonesia yang pake sistem fup ini cuma indihome apa yang lain ada juga? Bete kalo kena fup lemot ","1884234175353610262","","","in","","0","2","0","https://x.com/undefined/status/1884234175353610262","1622651316261748736",
"1884231397419999618","Tue Jan 28 13:35:59 +0000 2025","0","@readingau000 @IndiHome @readingau000 Udah dari kapan Kak Sky kendala jaringannya? Coba kirim ke DM nomor IndiHome sama atas nama biar bisa dibantu cek lebih lanjut. Tks :) -Frey","1884233965978202198","","readingau000","in","","0","0","0","https://x.com/undefined/status/1884233965978202198","765035200896118789",
"1884231325894467986","Tue Jan 28 13:34:27 +0000 2025","0","@Indomie33111828 @Indomie33111828 Malam juga Kak mohon maaf ya kalau jaringannya berkendala coba infoin nomer IndiHome sama nama pemilik ke DM -Jovan","1884233580328673427","","Indomie33111828","in","","0","1","0","https://x.com/undefined/status/1884233580328673427","765035200896118789",
"1884233441581097226","Tue Jan 28 13:33:54 +0000 2025","0","indihome jeball sinyalnya dong ih jelek bgt","1884233441581097226","","","in","","0","1","0","https://x.com/undefined/status/1884233441581097226","1590608171332407299",
"1884230747650957555","Tue Jan 28 13:32:32 +0000 2025","0","@Dry_Indrhy @Dry_Indrhy Maafin ya Kak Inong mengenai kendala jaringan yang dialami coba kirim ke DM nomor IndiHome sama atas nama biar bisa dibantu cek lebih lanjut. Tks :) -Frey","1884233097438462114","","Dry_Indrhy","in","","0","2","0","https://x.com/undefined/status/1884233097438462114","765035200896118789",
"1884232105540083801","Tue Jan 28 13:28:35 +0000 2025","0","Kayaknya mulai mikir buat ganti provider dari indihome ke yang lain deh soalnya dah sering lemot dan sekarang mati @IndiHomeCare kasih bintang berapa nih??","1884232105540083801","","","in","","0","1","0","https://x.com/undefined/status/1884232105540083801","89344485",
"1884231585412899167","Tue Jan 28 13:26:31 +0000 2025","0","STRESS SUMPAH INDIHOME LEMOT BGT LEMOOOTTT @IndiHomeCare KENAPA MIN KOK GINI","1884231585412899167","","","in","","0","1","0","https://x.com/undefined/status/1884231585412899167","3267049944",
"1884231545944432684","Tue Jan 28 13:26:22 +0000 2025","0","yang pake indihome wifinya belakangan ini suka lemot gitu gak ","1884231545944432684","","","in","","0","1","0","https://x.com/undefined/status/1884231545944432684","3267049944",
"1884227829061337335","Tue Jan 28 13:26:19 +0000 2025","0","@ilhamny @ilhamny Malam Kak Ilhamny Untuk informasi nomor IndiHome bisa di cek pada bukti pembayaran sebelumnya atau bukti registrasi awal di akun eMail yang digunakan yaa. Makasih :) -Dero","1884231534221352992","","ilhamny","in","","0","1","0","https://x.com/undefined/status/1884231534221352992","765035200896118789",
"1884228123199430867","Tue Jan 28 13:26:19 +0000 2025","0","@xhsksnzks @indihomekti @xhsksnzks Maafin kalau ga bisa akses internetnya coba infoin nomer IndiHome sama nama pemilik ke DM ya -Jovan","1884231533743223043","","xhsksnzks","in","","0","1","0","https://x.com/undefined/status/1884231533743223043","765035200896118789",
"1884227443860627766","Tue Jan 28 13:23:45 +0000 2025","0","@greeyado0 @greeyado0 Maapin :( Coba konfirmasi ke DM nomor IndiHome dan atas nama lengkapnya biar dibantu pengecekan lebih lanjut dan rahasia data lebih terjaga. Makasih :) -Deor","1884230888512446695","","greeyado0","in","","0","1","0","https://x.com/undefined/status/1884230888512446695","765035200896118789",
"1884226926589665379","Tue Jan 28 13:23:07 +0000 2025","0","@meitri_24 @IndiHome @meitri_24 Maksudnya ga bisa login admin Kak Met? Kalau benar coba infoin nomer IndiHome sama nama pemilik ke DM ya -Jovan","1884230727082102894","","meitri_24","in","","0","0","0","https://x.com/undefined/status/1884230727082102894","765035200896118789",
"1884223503572033820","Tue Jan 28 13:18:04 +0000 2025","0","@sasaadiaa @IndiHome @IndihomeJTD @sasaadiaa Mohon maaf bikin gak nyaman :( Coba konfirmasi ke DM nomor IndiHome dan atas nama lengkapnya biar dibantu follow up dan rahasia data lebih terjaga. Makasih :) -Dero","1884229455721431083","","sasaadiaa","in","","0","0","0","https://x.com/undefined/status/1884229455721431083","765035200896118789",
"1884227829061337335","Tue Jan 28 13:11:36 +0000 2025","0","@IndiHomeCare halo kak saya ingin melakukan pembayaran Indihome... Tapi saya lupa nomer layanan saya. Apakah bisa di bantu","1884227829061337335","","IndiHomeCare","in","","0","1","0","https://x.com/undefined/status/1884227829061337335","68404909",
"1884226926589665379","Tue Jan 28 13:08:01 +0000 2025","0","Hallooo @IndiHomeCare @IndiHome info tukar sandi dong. Kenapa lewat browser ga bisa - bisa login dari kemariinn","1884226926589665379","","","in","","0","1","0","https://x.com/undefined/status/1884226926589665379","2346799438",
"1884218517375115325","Tue Jan 28 13:06:31 +0000 2025","0","@bylullaa @bylullaa Maaf ya Kak Bylullaa. Untuk pengecekan lebih lanjut yuk infoin nomor IndiHome dan atas namanya ke DM -Darlan","1884226550717178325","","bylullaa","in","","0","0","0","https://x.com/undefined/status/1884226550717178325","765035200896118789",
"1884226418902766049","Tue Jan 28 13:06:00 +0000 2025","0","Bapak gak boleh ngebut! Tapi kalau Speed on Demand pastinya wajib kash Bapak internet super ngebut. Mulai dari Rp 40 Ribu aja bebas pilih durasi sampai 7 hari pula. Kalau mau langganan di sini yaaa https://t.co/jkfj8udA33 #IndiHomebyTelkomsel #DariRumahTanpaBatas https://t.co/QNB64HQWU6","1884226418902766049","https://pbs.twimg.com/media/GiYd8G3a0AAGttK.jpg","","in","","0","1","0","https://x.com/undefined/status/1884226418902766049","1075673058931806208",
"1884224722000568430","Tue Jan 28 13:04:59 +0000 2025","0","@berriesbite Kalo lagi hujan IndiHome Kakak kenapa? Coba yuk sini ceritain detail kendalanya sama Mimin. -Maul","1884226165893914787","","berriesbite","in","","0","1","0","https://x.com/undefined/status/1884226165893914787","765035200896118789",
"1884225093217444194","Tue Jan 28 13:00:44 +0000 2025","0","Min indihome daerah sidoarum godean mau trouble sampe kapan? @Telkomsel @IndiHomeCare","1884225093217444194","","","in","","0","1","0","https://x.com/undefined/status/1884225093217444194","790857423497998336",
"1884223752344592855","Tue Jan 28 13:00:30 +0000 2025","0","@bloodchim Maafin ya Kak. IndiHome Kakak kenapa nih? Yuk ceritain detailnya biar kita bantu solusikan. -Maul","1884225036724351143","","bloodchim","in","","0","1","0","https://x.com/undefined/status/1884225036724351143","765035200896118789",
"1884224722000568430","Tue Jan 28 12:59:15 +0000 2025","0","indihome kalo ujan knp sih arghhh jelek bgt","1884224722000568430","","","in","","0","2","0","https://x.com/undefined/status/1884224722000568430","1829256958765084672",
"1884222908115145032","Tue Jan 28 12:58:25 +0000 2025","0","@skielowgless Waduh pantau terus Kak. Kakak pasang baru layanan IndiHome nih? Btw selain ke abang IndiHome kalo Kakak butuh bantuan juga bisa DM kita ya. -Maul","1884224512105013537","","skielowgless","in","","0","0","0","https://x.com/undefined/status/1884224512105013537","765035200896118789",
"1884223752344592855","Tue Jan 28 12:55:24 +0000 2025","0","AAAAAA INI INDIHOME NAMBAH NAMBAHIN AJA BIKIN BADMOOD ","1884223752344592855","","","in","","0","1","0","https://x.com/undefined/status/1884223752344592855","3257805343",
"1884223503572033820","Tue Jan 28 12:54:25 +0000 2025","0","Kak wifi ku mati. Dah laporan via WA daritadi tp belum direspon. Please help thank u! @IndiHomeCare @IndiHome @IndihomeJTD","1884223503572033820","","","in","","0","1","0","https://x.com/undefined/status/1884223503572033820","1416616163031740416",
"1884222908115145032","Tue Jan 28 12:52:03 +0000 2025","2","Mas mas indihome cakep juga yg lagi masang di rumah guaaa","1884222908115145032","","","in","","0","2","0","https://x.com/undefined/status/1884222908115145032","1086457776006586368",
"1884178404645429546","Tue Jan 28 12:45:06 +0000 2025","0","@IndiHome Internet los Menyala merah. Ada kabel putus pengaduan kemana yak","1884221160705118599","","IndiHome","in","","0","1","0","https://x.com/undefined/status/1884221160705118599","213591741",
"1884220832287019430","Tue Jan 28 12:45:04 +0000 2025","0","@AmoristJUYEON kalo pake INDIHOME iya putus putus (jelek lu indihom)","1884221150399717569","","HeartistJUYEON","in","","0","1","0","https://x.com/undefined/status/1884221150399717569","863650323088277504",
"1884214026777026809","Tue Jan 28 12:43:14 +0000 2025","0","@nightvipeer kyanya emg lagi down deh indihome?","1884220689441583320","","nightvipeer","in","","0","2","0","https://x.com/undefined/status/1884220689441583320","1857419669919203328",
