"conversation_id_str","created_at","favorite_count","full_text","id_str","image_url","in_reply_to_screen_name","lang","location","quote_count","reply_count","retweet_count","tweet_url","user_id_str","username"
"1935308752653365409","Wed Jun 18 23:48:18 +0000 2025","0","@rejeeeme Kak @rejeeeme maafin dibikin nunggu Aci colekin temen di DM ya biar cepet balas Chat Kakak -Aci","1935484750866825283","","rejeeeme","in","","0","1","0","https://x.com/undefined/status/1935484750866825283","1075673058931806208",
"1935479584696451182","Wed Jun 18 23:27:47 +0000 2025","0","@IndiHome Selamat pagi saya ingin berhenti berlangganan Indihome. Bisa di jelaskan syarat dan prosedur nya. Terima kasih.","1935479584696451182","","IndiHome","in","","0","0","0","https://x.com/undefined/status/1935479584696451182","1639293326",
"1935264005020692551","Wed Jun 18 23:09:31 +0000 2025","0","@IndiHome Ini indihome udah gangguan 4 hari ngga ada tindak lanjut parah banget","1935474990528504074","","IndiHome","in","","0","1","0","https://x.com/undefined/status/1935474990528504074","1081552514",
"1935264005020692551","Wed Jun 18 23:06:19 +0000 2025","0","@IndiHome min cek dm min","1935474182109950051","","IndiHome","in","","0","1","0","https://x.com/undefined/status/1935474182109950051","1658830325663899648",
"1935473991277551983","Wed Jun 18 23:05:33 +0000 2025","0","@IndiHome cek dm ka","1935473991277551983","","IndiHome","in","","0","0","0","https://x.com/undefined/status/1935473991277551983","1587216539518144512",
"1935310782486692190","Wed Jun 18 22:42:00 +0000 2025","0","@IndiHome Wifi bayar mahal-mahal bukan nya cepat malah gangguan. Lemot. Asu. tiap bulan bayar kalo telat denda.. we tol ini gangguan harusnya lebih dong pelayanannya. Jangan ko suruh aku reset. Jangan ko bilang wifi ku jauh aku pake kabel Lan.. Apa solusi ko tol.","1935468062519771623","","IndiHome","in","","0","1","0","https://x.com/undefined/status/1935468062519771623","1125481107674157056",
"1935466961292640266","Wed Jun 18 22:37:37 +0000 2025","0","@IndiHome Kalau mau merubah paket lewat aplikasi apa yaa? Myindihome tidak ada lagi","1935466961292640266","","IndiHome","in","","0","0","0","https://x.com/undefined/status/1935466961292640266","808228849",
"1935324643692527909","Wed Jun 18 22:36:30 +0000 2025","0","@IndiHome @dangBBOONE Sabar aja kak dia duitnya banyak","1935466679888494691","","IndiHome","in","","0","0","0","https://x.com/undefined/status/1935466679888494691","1667451362857357312",
"1935462736336666889","Wed Jun 18 22:23:43 +0000 2025","0","@fahrilmuhamad @fahrilmuhamad Maaf ya Kak Fahril untuk kendala koneksi internet coba infoin nomor internet dan atas nama ke DM yuk biar bisa dibantu cek :) -Frey","1935463463821918679","","fahrilmuhamad","in","","0","0","0","https://x.com/undefined/status/1935463463821918679","1075673058931806208",
"1935322011024416981","Wed Jun 18 22:22:57 +0000 2025","0","@IndiHome amaaaan bgttt","1935463269541757369","","IndiHome","in","","0","0","0","https://x.com/undefined/status/1935463269541757369","1650459747378954241",
"1935462736336666889","Wed Jun 18 22:20:50 +0000 2025","0","@IndiHome kenapa sepagi ini dibutuhin tibatiba no internet? Tolong la uda bayar juga kak. Dibantu tolong","1935462736336666889","","IndiHome","in","","0","1","0","https://x.com/undefined/status/1935462736336666889","473683077",
"1934812123311624205","Wed Jun 18 22:16:53 +0000 2025","0","@uthafattah @IndiHome Tunggu sebentar ya kk udah coba restart hatinya belum?","1935461744790618340","","uthafattah","in","","0","0","0","https://x.com/undefined/status/1935461744790618340","892199743",
"1935449365541437500","Wed Jun 18 21:27:42 +0000 2025","0","@indihome cek dm min","1935449365541437500","","IndiHome","in","","0","0","0","https://x.com/undefined/status/1935449365541437500","1813184377612038146",
"1935414888178106584","Wed Jun 18 20:16:05 +0000 2025","0","@YukiiSnowwie Duhh maafin udah bikin gak nyaman ya Kak :( Sekarang IndiHome-nya udah aman belum? -Abdul","1935431343409975785","","ReyandraYukira","in","","0","0","0","https://x.com/undefined/status/1935431343409975785","1075673058931806208",
"1935319118523081035","Wed Jun 18 20:14:06 +0000 2025","0","@peanutspapi Btw Kakak pake IndiHome juga gak nih? -Abdul","1935430844950499482","","peanutspapi","in","","0","0","0","https://x.com/undefined/status/1935430844950499482","1075673058931806208",
"1935394424596595131","Wed Jun 18 20:11:48 +0000 2025","0","@stelancueks Kak Raya maaf ya sebelumnya. Jaringan IndiHome-nya saat ini udah aman belum Kak? -Abdul","1935430265893167312","","stelancueks","in","","0","0","0","https://x.com/undefined/status/1935430265893167312","1075673058931806208",
"1935416607834337300","Wed Jun 18 20:09:40 +0000 2025","0","@furiimc Maaf sebelumnya ya Kak. Mimin cek laporannya sudah dibantu via DM @IndiHome. Apakah saat ini jaringannya udah aman Kak? -Abdul","1935429728888046000","","furiimc","in","","0","0","0","https://x.com/undefined/status/1935429728888046000","1075673058931806208",
"1935310782486692190","Wed Jun 18 19:56:02 +0000 2025","0","@ponpes_it Siap Kak @ponpes_it :) -Frey","1935426297465028690","","ponpes_it","in","","0","0","0","https://x.com/undefined/status/1935426297465028690","1075673058931806208",
"1935310782486692190","Wed Jun 18 19:54:11 +0000 2025","0","@IndiHome Halo cek dm saya ka","1935425833096945790","","IndiHome","in","","0","1","0","https://x.com/undefined/status/1935425833096945790","1367701408431017984",
"1935310782486692190","Wed Jun 18 19:28:48 +0000 2025","0","@IndiHome Min dm mau lapor gangguan","1935419443406103021","","IndiHome","in","","0","1","0","https://x.com/undefined/status/1935419443406103021","1658678268944588801",
"1935416607834337300","Wed Jun 18 19:23:47 +0000 2025","0","@IndiHome hi? respon dm aku dong ️ @IndiHome","1935418182073995680","","furiimc","in","","0","0","0","https://x.com/undefined/status/1935418182073995680","1755104500707434496",
"1935416607834337300","Wed Jun 18 19:22:20 +0000 2025","0","@IndiHome ku mau netflixan pun tak jalan sekalinya jalan blurr betul gambarny ","1935417817828040825","","furiimc","in","","0","1","0","https://x.com/undefined/status/1935417817828040825","1755104500707434496",
"1935414888178106584","Wed Jun 18 19:10:42 +0000 2025","0","bro main valo ngewhiff gr gr indihome basket fisik lagi drop mau ngapain juga moodnya ngedrop. APASIH DUNIA INI MAUNYA ngeselin smua monyet ku lemparin lpg melon jga satu satu dah","1935414888178106584","","","in","","0","1","0","https://x.com/undefined/status/1935414888178106584","1920158603115393024",
"1935385657964380493","Wed Jun 18 18:19:52 +0000 2025","3","@ilyT___T seketika mikir agus indihome x bonek ","1935402095156621386","","ilyT___T","in","","0","2","0","https://x.com/undefined/status/1935402095156621386","71979323",
"1935396450864894391","Wed Jun 18 17:57:26 +0000 2025","0","@IndiHome min saya DM","1935396450864894391","","IndiHome","in","","0","1","0","https://x.com/undefined/status/1935396450864894391","197407388",
"1935394424596595131","Wed Jun 18 17:49:23 +0000 2025","0","kok lemot sie indihome","1935394424596595131","","","in","","0","3","0","https://x.com/undefined/status/1935394424596595131","1890150871092326402",
"1935393451648164247","Wed Jun 18 17:45:31 +0000 2025","0","Indihome knpa setiap jam 12 wifinya eror trs yak","1935393451648164247","","","in","","0","0","0","https://x.com/undefined/status/1935393451648164247","1250686644027449344",
"1935391829840773438","Wed Jun 18 17:39:04 +0000 2025","0","Wifi tiba2 gabisa nih kenape @IndiHome","1935391829840773438","","","in","","0","0","0","https://x.com/undefined/status/1935391829840773438","1341331625951391746",
"1935382766708998565","Wed Jun 18 17:37:46 +0000 2025","0","@dazeinred @dazeinred Coba Kak Yui kirim ke DM nomor Telkomsel lokasi detail nomor IndiHome sama atas nama biar bisa dibantu cek lebih lanjut. Tks :) -Frey","1935391501435158719","","dazeinred","in","","0","0","0","https://x.com/undefined/status/1935391501435158719","255409050",
"1935368481027014724","Wed Jun 18 17:37:35 +0000 2025","0","@IndiHome lemot mulu","1935391457541767332","","IndiHome","in","","0","0","0","https://x.com/undefined/status/1935391457541767332","1321721246694862848",
"1935389133201191296","Wed Jun 18 17:31:03 +0000 2025","0","@babbytipsy Jaringan IndiHome-nya lagi kurang stabil kah Kak? Sini yuk infoin nomor internetnya ke Mimin di DM biar dibantu agar koneksinya nyaman lagi digunain. -Abdul","1935389812950979036","","babbytipsy","in","","0","1","0","https://x.com/undefined/status/1935389812950979036","1075673058931806208",
"1935388011468116220","Wed Jun 18 17:29:21 +0000 2025","0","@hqrry__ Gangguan gimana nih Kak apakah lampu indikator pada modemnya menyala merah? Maaf ya sebelumnya yuk infoin detail laporannya ke Mimin di DM @IndiHome biar bisa langsung dibantu. -Abdul","1935389384519598501","","hqrry__","in","","0","1","0","https://x.com/undefined/status/1935389384519598501","1075673058931806208",
"1935371505464139899","Wed Jun 18 17:26:37 +0000 2025","0","@hearmeoutt_ indihome bukan?","1935388695047323790","","hearmeoutt_","in","","0","0","0","https://x.com/undefined/status/1935388695047323790","1831720395634008064",
"1935376589451313195","Wed Jun 18 17:25:17 +0000 2025","0","@ijakeyjbae Waduhhh saat ini jaringan IndiHome-nya lagi kurang stabil kah Kak? Sini yuk infoin nomor internetnya ke Mimin di DM biar dibantu agar koneksinya nyaman lagi digunain. -Abdul","1935388362065723609","","hakkiethepooh","in","","0","0","0","https://x.com/undefined/status/1935388362065723609","1075673058931806208",
"1935310782486692190","Wed Jun 18 17:23:53 +0000 2025","1","@IndiHome Min mau komplen gbs dm lewat my tsel cs nya kagak jelas bjir","1935388006875283931","","IndiHome","in","","0","1","0","https://x.com/undefined/status/1935388006875283931","1168865508394823680",
"1935385657964380493","Wed Jun 18 17:20:28 +0000 2025","3","@ilyT___T bonek indihome","1935387149563740196","","ilyT___T","in","","0","1","0","https://x.com/undefined/status/1935387149563740196","1834618903315820544",
"1935352981656125542","Wed Jun 18 17:17:55 +0000 2025","0","@IndiHome Kalau nonton yt &amp; tiktok dikit² loading terus buka sosmed lama ngeload medianya","1935386508044943482","","IndiHome","in","","0","0","0","https://x.com/undefined/status/1935386508044943482","1628420402379915265",
"1935386238820958573","Wed Jun 18 17:16:51 +0000 2025","0","indihome ini hobi sekali menguji kesabaran ku","1935386238820958573","","","in","","0","0","0","https://x.com/undefined/status/1935386238820958573","1783298749256835073",
"1935382766708998565","Wed Jun 18 17:03:03 +0000 2025","0","sumpah ini indihome sama telkomsel sama ngelagnya dr kemarin loh?","1935382766708998565","","","in","","0","4","0","https://x.com/undefined/status/1935382766708998565","1410555624480415746",
"1935382291766985027","Wed Jun 18 17:01:10 +0000 2025","0","udah aman bg @IndiHome tp jangan gt ya lain kali waterpark men","1935382291766985027","","","in","","0","0","0","https://x.com/undefined/status/1935382291766985027","1720749263301533696",
"1935342763094196734","Wed Jun 18 16:58:29 +0000 2025","0","@IndiHome Udh di dm ga bales malah reply disini. Aneh.","1935381615280263398","","IndiHome","in","","0","1","0","https://x.com/undefined/status/1935381615280263398","181482827",
"1935376589451313195","Wed Jun 18 16:54:38 +0000 2025","0","@xhsyyorru wifinya jelek krn pake indihome","1935380647079538852","","xhsyyorru","in","","0","1","0","https://x.com/undefined/status/1935380647079538852","1466101833718456329",
"1935368481027014724","Wed Jun 18 16:43:42 +0000 2025","0","@IndiHome wifi cuma bisa connect WhatsApp aneh bgt bg","1935377896337719596","","IndiHome","in","","0","1","0","https://x.com/undefined/status/1935377896337719596","1720749263301533696",
"1935374665553428692","Wed Jun 18 16:41:10 +0000 2025","0","@IndiHome gamau maapin kak kak tolongin kak . di hp keliatan full dan stabil tapi pas buka aplikasi jadi lemot dan loading semua","1935377259336188149","","IndiHome","in","","0","1","0","https://x.com/undefined/status/1935377259336188149","1292125154269523968",
"1935374665553428692","Wed Jun 18 16:35:12 +0000 2025","0","@idedek Kak maafin yaa Kurang optimalnya saat akses apa saja? Yuk infoin detailnya. -Draken","1935375754994532402","","idedek","in","","0","1","0","https://x.com/undefined/status/1935375754994532402","1075673058931806208",
"1935369797757452560","Wed Jun 18 16:33:42 +0000 2025","0","@IndiHome gamau dimaafin lol gw jd MALAS gini ngerjain tugas grgr lemot parah jir wteef","1935375379772092512","","IndiHome","in","","0","1","0","https://x.com/undefined/status/1935375379772092512","1606909203872124929",
"1935368481027014724","Wed Jun 18 16:32:17 +0000 2025","0","@rispeq Eh kenapa nih Kak? Yuk infoin detailnya supaya bisa dibantu cek -Draken","1935375024065794124","","rispeq","in","","0","1","0","https://x.com/undefined/status/1935375024065794124","1075673058931806208",
"1935366027875074056","Wed Jun 18 16:31:38 +0000 2025","0","@notur2ndoptionn Maafin Kakk Yuk sini dibantu cek jaringan IndiHome-nya. -Draken","1935374860424987038","","notur2ndoptionn","in","","0","0","0","https://x.com/undefined/status/1935374860424987038","1075673058931806208",
"1935366014964990128","Wed Jun 18 16:30:58 +0000 2025","0","@rousentine Huhu sabar Kakkk Kurang optimalnya saat akses apa saja? Yuk sini dibantu cek. -Draken","1935374689876246722","","rousentine","in","","0","0","0","https://x.com/undefined/status/1935374689876246722","1075673058931806208",
"1935374665553428692","Wed Jun 18 16:30:52 +0000 2025","0","indihome kapan benernnya ih dari pagi jelek banget","1935374665553428692","","","in","","0","2","0","https://x.com/undefined/status/1935374665553428692","1292125154269523968",
"1935363959085015530","Wed Jun 18 16:26:41 +0000 2025","0","@sahtohru Maafin jadi terganggu bermain game nya Kak Yuk sini dibantu cek jaringan IndiHome-nya. -Draken","1935373614511243432","","sahtohru","in","","0","0","0","https://x.com/undefined/status/1935373614511243432","1075673058931806208",
"1935361956350935337","Wed Jun 18 16:25:23 +0000 2025","0","@ngararentotah Sabar Kakkkk Yuk sini sini dibantu cek jaringan IndiHome-nya. -Draken","1935373287829422197","","ngararentotah","in","","0","0","0","https://x.com/undefined/status/1935373287829422197","1075673058931806208",
"1935360735095439846","Wed Jun 18 16:24:17 +0000 2025","0","@panggilajadw1 Maafin Kak kurang optimalnya saat akses apa saja? Yuk sini dibantu cek -Draken","1935373010015502449","","panggilajadw1","in","","0","0","0","https://x.com/undefined/status/1935373010015502449","1075673058931806208",
"1935326460287533212","Wed Jun 18 16:23:34 +0000 2025","0","@natsanweong Maafin Kakk Yuk sini dibantu cek jaringan IndiHome-nya. -Draken","1935372830709059687","","natsanweong","in","","0","0","0","https://x.com/undefined/status/1935372830709059687","1075673058931806208",
"1935369797757452560","Wed Jun 18 16:22:45 +0000 2025","0","@ikeumgt Maafin Kakk Kurang optimalnya saat akses apa saja? Infoin detailnya via DM @IndiHome ya. -Draken","1935372624563195927","","ikeumgt","in","","0","1","0","https://x.com/undefined/status/1935372624563195927","1075673058931806208",
"1935372460179997079","Wed Jun 18 16:22:06 +0000 2025","0","indihome lu aneh banget biarin aja bulan juli gue udh gamau make lu ya klo masi lemot sampe besok. @IndiHomeCare @IndiHome","1935372460179997079","","","in","","0","0","0","https://x.com/undefined/status/1935372460179997079","1594600165847228417",
"1935368000116609223","Wed Jun 18 16:21:13 +0000 2025","0","@aditiaywansyah Hi Kak. Kalau ada yg ingin ditanyakan seputar layanan IndiHome-nya langsung hubungi mimin via DM @IndiHome ya -Draken","1935372237563126065","","aditiaywansyah","in","","0","0","0","https://x.com/undefined/status/1935372237563126065","1075673058931806208",
"1935341895200473497","Wed Jun 18 16:19:19 +0000 2025","0","@IndiHome Dahlah kak draken. Aku udah selesai mabarnya ","1935371758225522717","","IndiHome","in","","0","1","0","https://x.com/undefined/status/1935371758225522717","1144943041288871936",
"1935371205131071807","Wed Jun 18 16:17:07 +0000 2025","0","woy @IndiHome montol","1935371205131071807","","","in","","0","0","0","https://x.com/undefined/status/1935371205131071807","1594600165847228417",
"1935357891139289159","Wed Jun 18 16:15:51 +0000 2025","0","@sandpiturtlee Sabar Kakkk maafin ya Yuk sini dibantu cek jaringan IndiHome-nya. -Draken","1935370885248229416","","sandpiturtlee","in","","0","0","0","https://x.com/undefined/status/1935370885248229416","1075673058931806208",
"1935370880227622978","Wed Jun 18 16:15:49 +0000 2025","0","@IndiHome untuk informasi lokasi bisa menghubungi saya di nomor WA: 08119185528 https://t.co/Ebicib1LwE","1935370880227622978","https://pbs.twimg.com/media/GtvRjtVWwAAkBWr.jpg","IndiHome","in","","0","1","0","https://x.com/undefined/status/1935370880227622978","345271025",
"1935352143214690463","Wed Jun 18 16:15:06 +0000 2025","0","@IndiHome Udh dibantu min tadi","1935370699037884752","","IndiHome","in","","0","1","0","https://x.com/undefined/status/1935370699037884752","1273165352327880704",
"1935355930876776538","Wed Jun 18 16:15:05 +0000 2025","0","@gvaldiol Sabar Kakkk maafin ya Yuk sini dibantu cek jaringan IndiHome-nya. -Draken","1935370692188577920","","gvaldiol","in","","0","0","0","https://x.com/undefined/status/1935370692188577920","1075673058931806208",
"1935355292444934506","Wed Jun 18 16:14:15 +0000 2025","0","@pisekuy Maafin jadi terganggu aktivitasnya Kak Kurang optimalnya sejak kapan? Yuk sini dibantu cek. -Draken","1935370482079191073","","pisekuy","in","","0","1","0","https://x.com/undefined/status/1935370482079191073","1075673058931806208",
"1935352969459093757","Wed Jun 18 16:12:15 +0000 2025","0","@chiveskit Sabar Kakkk Yuk sini dibantu cek jaringan IndiHome-nya. -Draken","1935369981539307934","","chiveskit","in","","0","0","0","https://x.com/undefined/status/1935369981539307934","1075673058931806208",
"1935352143214690463","Wed Jun 18 16:11:33 +0000 2025","0","@xxhikun Maafin Kakk Yuk sini dibantu cek jaringan IndiHome-nya. -Draken","1935369804661338531","","xxhikun","in","","0","1","0","https://x.com/undefined/status/1935369804661338531","1075673058931806208",
"1935350279425376652","Wed Jun 18 16:10:50 +0000 2025","0","@WHALElelo Eh kenapa nih Kak? Yuk infoin detailnya supaya bisa dibantu cek -Draken","1935369622720754154","","WHALElelo","in","","0","0","0","https://x.com/undefined/status/1935369622720754154","1075673058931806208",
"1935349570785132720","Wed Jun 18 16:09:59 +0000 2025","0","@Ryzx__ Huhu maafin Kakkk Yuk sini Draken bantu cek jaringan IndiHome-nya. -Draken","1935369409792782419","","Ryzx__","in","","0","0","0","https://x.com/undefined/status/1935369409792782419","1075673058931806208",
"1934601977276841993","Wed Jun 18 16:08:05 +0000 2025","0","@jjalemuel Huhu maafin ya Kak Yuk sini dibantu cek jaringan IndiHome-nya. -Draken","1935368930279002491","","jjalemuel","in","","0","0","0","https://x.com/undefined/status/1935368930279002491","1075673058931806208",
"1935343573081510133","Wed Jun 18 16:06:44 +0000 2025","0","@loxeanne Eh kenapa nih Kak? Yuk infoin detailnya supaya bisa dibantu cek -Draken","1935368593979682894","","loxeanne","in","","0","0","0","https://x.com/undefined/status/1935368593979682894","1075673058931806208",
"1935368481027014724","Wed Jun 18 16:06:17 +0000 2025","1","indihome ni kenapa cok","1935368481027014724","","","in","","0","3","0","https://x.com/undefined/status/1935368481027014724","1720749263301533696",
"1935342763094196734","Wed Jun 18 16:05:47 +0000 2025","0","@kttyumbs Maafin Kakk Yuk sini dibantu cek jaringan IndiHome-nya. -Draken","1935368351708250458","","kttyumbs","in","","0","1","0","https://x.com/undefined/status/1935368351708250458","1075673058931806208",
"1935341524356849781","Wed Jun 18 16:04:06 +0000 2025","0","@veightm Huhu kenapa nih Kak? Yuk sini dibantu cek jaringan IndiHome-nya -Draken","1935367929249583517","","veightm","in","","0","0","0","https://x.com/undefined/status/1935367929249583517","1075673058931806208",
"1935367769392038200","Wed Jun 18 16:03:28 +0000 2025","0","@IndiHome tolong dm saya dibalas. Jarignan internet los","1935367769392038200","","IndiHome","in","","0","0","0","https://x.com/undefined/status/1935367769392038200","108952285",
"1935345349381820705","Wed Jun 18 16:02:44 +0000 2025","0","@oehcree Siap Kakk kalau jaringan IndiHome-nya kurang optimal langsung aja hubungi Draken via DM @IndiHome ya -Draken","1935367584461029828","","oehcree","in","","0","0","0","https://x.com/undefined/status/1935367584461029828","1075673058931806208",
"1935343026467176460","Wed Jun 18 16:01:32 +0000 2025","0","@evenoor227 Tetap berhati-hati dengan oknum yg mengatasnamakan IndiHome ya Kak. Supaya Draken bisa cek kondisi jaringan IndiHome-nya interaksinya dilanjutkan via DM @IndiHome ya -Draken","1935367285767913664","","evenoor227","in","","0","0","0","https://x.com/undefined/status/1935367285767913664","1075673058931806208",
"1935310782486692190","Wed Jun 18 16:00:41 +0000 2025","0","@IndiHome min cek dm jaringan bermasalah","1935367069358506470","","IndiHome","in","","0","1","0","https://x.com/undefined/status/1935367069358506470","1359291126",
"1935341895200473497","Wed Jun 18 15:59:47 +0000 2025","0","@RyanHWirangga Maafin jadi terganggu bermain game nya Kak Kurang optimalnya sejak kapan Kak? Infoin detailnya via DM @IndiHome ya. -Draken","1935366841813410160","","RyanHWirangga","in","","0","1","0","https://x.com/undefined/status/1935366841813410160","1075673058931806208",
"1935365387924947431","Wed Jun 18 15:54:00 +0000 2025","0","Terpantau masih blm ada pergerakan Tolong indihome masuk area barak dong https://t.co/eT8yYuxujq","1935365387924947431","https://pbs.twimg.com/media/GtvMjrlWYAAcRpV.jpg","","in","","0","0","0","https://x.com/undefined/status/1935365387924947431","447679216",
"1933450014413431178","Wed Jun 18 15:53:58 +0000 2025","0","@IniMinNeo A. Bayar tagihan indihome #GiveawayIndiHomeBorneo #IndiHomeBorneo @Meshanasti @mrrahmat_33 @KokoKR8","1935365378903023909","","IniMinNeo","in","","0","0","0","https://x.com/undefined/status/1935365378903023909","1439870625028313088",
"1935363959085015530","Wed Jun 18 15:48:19 +0000 2025","0","tai lah indihome merebut kebahagiaan main roblox","1935363959085015530","","","in","","0","2","0","https://x.com/undefined/status/1935363959085015530","1554781796901855232",
"1935363175584776622","Wed Jun 18 15:45:13 +0000 2025","0","indihome dr dulu emg sampah si gapernah improve samsek tp lebih sampahnya lg gue ttp make AHAHAHAH payah","1935363175584776622","","","in","","0","0","0","https://x.com/undefined/status/1935363175584776622","1157316479781494784",
"1935320290059563358","Wed Jun 18 15:42:25 +0000 2025","0","@nisatrice Duh maaf ya Kak Nisa biar internetnya lancar lagi. Infoin nomor internet dan atas nama ke DM yaa. Nanti dibantu lebih lanjut. Makasi. -Abi","1935362473110159748","","nisatrice","in","","0","0","0","https://x.com/undefined/status/1935362473110159748","1075673058931806208",
"1933450014413431178","Wed Jun 18 15:41:35 +0000 2025","0","@IniMinNeo A. Bayar tagihan indihome #GiveawayIndiHomeBorneo #IndiHomeBorneo @wulan03easy @Wawan19101974 @KokoKR8","1935362264472895757","","IniMinNeo","in","","0","0","0","https://x.com/undefined/status/1935362264472895757","1837547207744278529",
"1933450014413431178","Wed Jun 18 15:41:28 +0000 2025","0","@IniMinNeo A. Bayar tagihan Indihome #GiveawayIndihomeBorneo #IndiHomeBorneo @Tasimun20 @MSoleh06 @sitida11","1935362232633934167","","IniMinNeo","in","","0","0","0","https://x.com/undefined/status/1935362232633934167","1026123792",
"1935306671536095454","Wed Jun 18 15:39:22 +0000 2025","0","@IndiHome Sudah ada dm ya admin makanya di cek","1935361704747221132","","IndiHome","in","","0","1","0","https://x.com/undefined/status/1935361704747221132","1313170560",
"1935306671536095454","Wed Jun 18 15:38:59 +0000 2025","0","@Nebulaaaxyz Siap Kak Abi cek belum ada DM dari Kakak nih yuk infokan detailnya melalui DM ya. Makasi. -Abi","1935361607904973276","","Nebulaaaxyz","in","","0","1","0","https://x.com/undefined/status/1935361607904973276","1075673058931806208",
"1935361230660829450","Wed Jun 18 15:37:29 +0000 2025","0","@IndiHome kak aku jadi nya mau cabut layanan aja bulan ini tgl 20 terakhir ya","1935361230660829450","","IndiHome","in","","0","1","0","https://x.com/undefined/status/1935361230660829450","1679823761179279360",
"1935360772454142362","Wed Jun 18 15:37:11 +0000 2025","0","@doebardjo Maaf ya bang. Ternyata batere sama Indihome gua yang kurang satu ons.","1935361155935125935","","doebardjo","in","","0","1","0","https://x.com/undefined/status/1935361155935125935","1922257912329863168",
"1935309872586965463","Wed Jun 18 15:30:38 +0000 2025","0","@chrisfelix34 Maaf ya Kak Christian biar dibantu tindaklanjuti. Infokan nomor IndiHome dan atas nama ke DM yaa agar aman dan nyaman. Makasi. -Abi","1935359506923536593","","chrisfelix34","in","","0","0","0","https://x.com/undefined/status/1935359506923536593","1075673058931806208",
"1935326460287533212","Wed Jun 18 15:27:27 +0000 2025","0","@woyorbit Indihome emang kek taik nan","1935358707237568554","","woyorbit","in","","0","1","0","https://x.com/undefined/status/1935358707237568554","1428598994045865985",
"1933450014413431178","Wed Jun 18 15:27:03 +0000 2025","0","@IniMinNeo A. Bayar tagihan Indihome #GiveawayIndihomeBorneo #IndiHomeBorneo -- Hai Sahabat Ayo Ikutan Kuis Ini-- 1). @abyanLagi 2). @filzzzahra2019 3). @Erkis_ABG","1935358606087684416","","IniMinNeo","in","","0","0","0","https://x.com/undefined/status/1935358606087684416","901826330",
"1935314664050827463","Wed Jun 18 15:27:03 +0000 2025","0","@meloncholis_ @meloncholis_ Oke Kak. DM nya udah masuk kok. Ditunggu interaksi selanjutnya via DM yaa :) -Hugo","1935358604061897151","","meloncholis_","in","","0","0","0","https://x.com/undefined/status/1935358604061897151","1075673058931806208",
"1935310579717259660","Wed Jun 18 15:26:30 +0000 2025","0","@gityul Hai Kak dibantu cek pelaporan tersebut sudah dilakukan perbaikan dan saat ini jaringannya sudah normal yaa. Dimohon juga untuk hapus mentionnya ya biar datanya aman. Selamat menikmati layanan IndiHome kembali :) -Abi","1935358465830195298","","gityul","in","","0","0","0","https://x.com/undefined/status/1935358465830195298","1075673058931806208",
"1935358406988284276","Wed Jun 18 15:26:16 +0000 2025","0","@IndiHome kak td sore ada yg chat di WA (nomor orang random) bilang ada masalah di wifi aku trs kemungkinan bakal down beneran sampe rmh down dan kelap kelip merah ditambah aku gabisa akses IP address juga dan sinyal tsel aku jg tiba buruk pliss tolong :(","1935358406988284276","","IndiHome","in","","0","1","0","https://x.com/undefined/status/1935358406988284276","855487286917464064",
"1935357891139289159","Wed Jun 18 15:24:13 +0000 2025","0","provider lain selain indihome gaada yang mau masuk daerah tanabang kah? muak banget anjing pake indihome","1935357891139289159","","","in","","0","3","0","https://x.com/undefined/status/1935357891139289159","1347977807956111360",
"1935318653769236702","Wed Jun 18 15:19:32 +0000 2025","0","@Annatannakr Siap meluncur Kak. DM-nya sudah dibalas yaa yuk kita lanjut lewat DM aja yaa biar aman dan nyaman. Makasi. -Abi","1935356713013801125","","Yxooha","in","","0","0","0","https://x.com/undefined/status/1935356713013801125","1075673058931806208",
"1935340138839818534","Wed Jun 18 15:19:03 +0000 2025","0","@swagorajamu Aaaa maafin Kakk Yuk sini sini dibantu tindaklanjuti dari jaringan IndiHome-nya. -Draken","1935356593606115686","","swagorajamu","in","","0","0","0","https://x.com/undefined/status/1935356593606115686","1075673058931806208",
"1935337288927691013","Wed Jun 18 15:17:56 +0000 2025","0","@Pawpawnjunn Huhu kurang optimalnya saat akses apa saja Kak? Yuk sini dibantu cek -Draken","1935356312524833111","","Pawpawnjunn","in","","0","0","0","https://x.com/undefined/status/1935356312524833111","1075673058931806208",
"1935335103745638877","Wed Jun 18 15:16:49 +0000 2025","0","@Cloverique Maafin Kakk Yuk sini dibantu cek jaringan IndiHome-nya. -Draken","1935356029564575813","","Cloverique","in","","0","0","0","https://x.com/undefined/status/1935356029564575813","1075673058931806208",
"1935335103745638877","Wed Jun 18 15:15:49 +0000 2025","0","@0xnarisz Huftt kurang optimalnya saat akses apa saja Kak? Yuk sini dibantu cek -Draken","1935355780498428129","","0xnanajaem","in","","0","0","0","https://x.com/undefined/status/1935355780498428129","1075673058931806208",
"1934990667442503806","Wed Jun 18 15:14:50 +0000 2025","0","@pickabooe Huhu kenapa nih sama IndiHome-nya Kak? Yuk sini dibantu cek -Draken","1935355529792209182","","pickabooe","in","","0","0","0","https://x.com/undefined/status/1935355529792209182","1075673058931806208",
"1935330744181907591","Wed Jun 18 15:13:57 +0000 2025","0","@watermelanos Huhu maafin Kakkk Yuk sini Draken bantu cek jaringan IndiHome-nya. -Draken","1935355309624803808","","watermelanos","in","","0","0","0","https://x.com/undefined/status/1935355309624803808","1075673058931806208",
"1935355292444934506","Wed Jun 18 15:13:53 +0000 2025","0","indihome knp busuk bgt pas lg ngejar deadline gini","1935355292444934506","","","in","","0","1","0","https://x.com/undefined/status/1935355292444934506","252476595",
"1935326460287533212","Wed Jun 18 15:12:58 +0000 2025","0","@shaainurheart Wuihhhh enjoy terus bersama layanan IndiHome-nya Kak -Draken","1935355061078786158","","shaainurheart","in","","0","0","0","https://x.com/undefined/status/1935355061078786158","1075673058931806208",
"1935352651455299850","Wed Jun 18 15:12:32 +0000 2025","0","@ongshwa98 Wkwkwkwkwkk indihome lagi gak sich","1935354954371448991","","ongshwa98","in","","0","1","0","https://x.com/undefined/status/1935354954371448991","592532573",
"1935354904996102385","Wed Jun 18 15:12:21 +0000 2025","0","eh kak sori cuma bercanda ","1935354904996102385","","","in","","0","6","0","https://x.com/undefined/status/1935354904996102385","1759203700122513408",
"1935327542413762929","Wed Jun 18 15:11:21 +0000 2025","0","@_guessmewho Sabar Kakkk Yuk sini dibantu cek jaringan IndiHome-nya. -Draken","1935354653576937904","","_guessmewho","in","","0","0","0","https://x.com/undefined/status/1935354653576937904","1075673058931806208",
"1935190072154014011","Wed Jun 18 15:10:58 +0000 2025","0","@IndiHome cek dm min tolong. dr pagi internetnya engga bisaaaa ","1935354556235530730","","IndiHome","in","","0","1","0","https://x.com/undefined/status/1935354556235530730","169904340",
"1935319118523081035","Wed Jun 18 15:10:41 +0000 2025","0","@bunnydoell Kalau sekarang gmn sama kondisi jaringan IndiHome-nya Kak? -Draken","1935354488468242652","","bunnydoell","in","","0","0","0","https://x.com/undefined/status/1935354488468242652","1075673058931806208",
"1935310782486692190","Wed Jun 18 15:10:16 +0000 2025","0","@riian_an Siap Kak DMnya sudah dibales yaa. Yuk infoin nomor internet dan atas nama di DM biar dibantu lebih lanjut. Makasi. -Abi","1935354382402687255","","riian_an","in","","0","0","0","https://x.com/undefined/status/1935354382402687255","1075673058931806208",
"1935327202062807260","Wed Jun 18 15:09:32 +0000 2025","0","@trunkszoldyck Sabar Kakkk Yuk sini dibantu cek jaringan IndiHome-nya. -Draken","1935354199040295195","","trunkszoldyck","in","","0","0","0","https://x.com/undefined/status/1935354199040295195","1075673058931806208",
"1935331017973526621","Wed Jun 18 15:07:46 +0000 2025","0","@powerenjerzz Huhu maaf ya Kak. Yuk sini Draken bantu cek detail tagihan IndiHome-nya -Draken","1935353753282162935","","powerenjerzz","in","","0","0","0","https://x.com/undefined/status/1935353753282162935","1075673058931806208",
"1935331178367828272","Wed Jun 18 15:06:16 +0000 2025","0","@duitusd Huhu sabar Kakkk Kurang optimalnya saat akses apa saja? Yuk sini dibantu cek. -Draken","1935353373492208083","","duitusd","in","","0","0","0","https://x.com/undefined/status/1935353373492208083","1075673058931806208",
"1935308520251150567","Wed Jun 18 15:05:28 +0000 2025","0","@sulhamtalila Siap Kak DMnya sudah dibales yaa. Kita lanjut lewat DM ya biar nyaman dan aman. Makasi. -Abi","1935353172580778198","","sulhamtalila","in","","0","0","0","https://x.com/undefined/status/1935353172580778198","1075673058931806208",
"1935352981656125542","Wed Jun 18 15:04:42 +0000 2025","0","Indihome kok km lemot terus si dari semalam","1935352981656125542","","","in","","0","1","0","https://x.com/undefined/status/1935352981656125542","1628420402379915265",
"1935352969459093757","Wed Jun 18 15:04:39 +0000 2025","0","indihome kenapa sihhhhhhhhhh anjgggg","1935352969459093757","","","in","","0","1","0","https://x.com/undefined/status/1935352969459093757","1782582632729198592",
"1935325749306868138","Wed Jun 18 15:04:08 +0000 2025","0","@eepyseiyaa Maafin jadi terganggu streaming nya Kak Kurang optimalnya sejak kapan? Yuk sini dibantu lebih lanjut. -Draken","1935352836549976234","","eepyseiyaa","in","","0","1","0","https://x.com/undefined/status/1935352836549976234","1075673058931806208",
"1935325619744858531","Wed Jun 18 15:03:02 +0000 2025","0","@glatomntcocz Kak maafin ya Kurang optimalnya saat akses apa saja? Yuk sini dibantu cek. -Draken","1935352561361633600","","glatomntcocz","in","","0","0","0","https://x.com/undefined/status/1935352561361633600","1075673058931806208",
"1935319031130857792","Wed Jun 18 15:02:20 +0000 2025","0","@NBenningt0n @IndiHome Ganti min suruh admin yang namanya mikey bales ini. Gasuka draken palanya kaya jamet","1935352386907947370","","NBenningt0n","in","","0","0","0","https://x.com/undefined/status/1935352386907947370","997114783638863875",
"1935325118307385571","Wed Jun 18 15:01:52 +0000 2025","0","@Don_abroak Maafin Kakk Yuk sini dibantu cek jaringan IndiHome-nya. -Draken","1935352267152171093","","Don_abroak","in","","0","0","0","https://x.com/undefined/status/1935352267152171093","1075673058931806208",
"1935352143214690463","Wed Jun 18 15:01:22 +0000 2025","0","Indihome lagi gangguan kah dri kemarin lag parah anjir","1935352143214690463","","","in","","1","1","0","https://x.com/undefined/status/1935352143214690463","1273165352327880704",
"1935324643692527909","Wed Jun 18 15:00:37 +0000 2025","0","@dangBBOONE Yuk segera dibayar tagihan IndiHome-nya Kak jangan sampai terisolir jaringan IndiHome-nya -Draken","1935351952935895181","","sadewoop","in","","1","1","0","https://x.com/undefined/status/1935351952935895181","1075673058931806208",
"1935305721249415263","Wed Jun 18 14:57:46 +0000 2025","0","@dewranaeunoia Siap meluncur Kak. Kita lanjut lewat DM ya biar nyaman dan aman. Makasi. -Abi","1935351238213910979","","dewranaeunoia","in","","0","0","0","https://x.com/undefined/status/1935351238213910979","1075673058931806208",
"1935323962826993711","Wed Jun 18 14:57:16 +0000 2025","0","@spark_kles Maaf atas kendala yg dialaminya Jaringan IndiHome-nya berkendala sejak kapan Kak? Supaya bisa dibantu lebih lanjut interaksinya dilanjutkan via DM @IndiHome ya. -Draken","1935351109117427821","","spark_kles","in","","0","0","0","https://x.com/undefined/status/1935351109117427821","1075673058931806208",
"1935326221673586908","Wed Jun 18 14:56:03 +0000 2025","0","@fushiduro @hikpun aku pikir pakai baju indihome","1935350805017804928","","fushiduro","in","","0","1","0","https://x.com/undefined/status/1935350805017804928","1322443304462503936",
"1935350279425376652","Wed Jun 18 14:53:58 +0000 2025","0","Indihome ini kenapa lagi? Demam kahh","1935350279425376652","","","in","","0","1","0","https://x.com/undefined/status/1935350279425376652","1731190795645186048",
"1935349936285172117","Wed Jun 18 14:52:36 +0000 2025","0","hotline @IndiHome apa dah..??? inet putus sedari pagi kudu diapain inihhhhh","1935349936285172117","","","in","","0","1","0","https://x.com/undefined/status/1935349936285172117","22191280",
"1935349686623482193","Wed Jun 18 14:51:37 +0000 2025","0","@IndiHome min lampu internet di modem ku ga nyala","1935349686623482193","","IndiHome","in","","0","1","0","https://x.com/undefined/status/1935349686623482193","1379711889370800128",
"1935349544394559676","Wed Jun 18 14:51:03 +0000 2025","0","INDIHOME LALAU LAGI HUJAN KENAPA NGELAG BGT ANJGDUWHDHWJ","1935349544394559676","","","in","","0","1","0","https://x.com/undefined/status/1935349544394559676","1728767744416641024",
"1935110303664177431","Wed Jun 18 14:48:21 +0000 2025","0","@laptop_asuss Siap Kak Dino. Jika ada hal yang ingin ditanyakan kembali mengenai layanan IndiHome jangan ragu untuk hubungi Kami ya. Makasi. -Abi","1935348868138561884","","laptop_asuss","in","","0","0","0","https://x.com/undefined/status/1935348868138561884","1075673058931806208",
"1935322192386080899","Wed Jun 18 14:45:03 +0000 2025","0","@naelmuna Maafin Kak kurang optimalnya saat akses apa saja? Yuk sini dibantu cek -Draken","1935348034529017865","","naelmuna","in","","0","0","0","https://x.com/undefined/status/1935348034529017865","1075673058931806208",
"1935322011024416981","Wed Jun 18 14:43:27 +0000 2025","0","@astrophville Tapi kalau sekarang jaringan IndiHome-nya amankan Kak? -Draken","1935347634467913804","","astrophville","in","","0","1","0","https://x.com/undefined/status/1935347634467913804","1075673058931806208",
"1935321203331448951","Wed Jun 18 14:41:37 +0000 2025","0","@zelliecat Sabar Kakkkk Yuk sini sini dibantu cek jaringan IndiHome-nya. -Draken","1935347173908168842","","zelliecat","in","","0","0","0","https://x.com/undefined/status/1935347173908168842","1075673058931806208",
"1935320879539568764","Wed Jun 18 14:40:23 +0000 2025","0","@jjjjjongieeeee Supaya data-data Kakak tetap aman proses dan info dari pemasangan barunya dilanjutkan via DM ya. Karena Draken cek sdh terdapat interaksi nih -Draken","1935346863055716781","","jjjjjongieeeee","in","","0","0","0","https://x.com/undefined/status/1935346863055716781","1075673058931806208",
"1935267177197875545","Wed Jun 18 14:38:59 +0000 2025","0","@wikuwibi @SarahMeutia5 siap Kak mengenai hal tersebut dibantu lebih lanjut lewat DM ya biar nyaman dan aman. Terima kasih. -Abi","1935346509534650567","","wikuwibi","in","","0","0","0","https://x.com/undefined/status/1935346509534650567","1075673058931806208",
"1935320269721350642","Wed Jun 18 14:37:37 +0000 2025","0","@eepyseiyaa Huhu sabar Kakk kenapa nih sama IndiHome-nya? Yuk infoin detailnya -Draken","1935346164020429191","","eepyseiyaa","in","","0","0","0","https://x.com/undefined/status/1935346164020429191","1075673058931806208",
"1935328630068101268","Wed Jun 18 14:37:14 +0000 2025","0","@IndiHome dari semalam bermasalahnya","1935346067417203142","","IndiHome","in","","0","1","0","https://x.com/undefined/status/1935346067417203142","1480907376098254850",
"1935319031130857792","Wed Jun 18 14:36:29 +0000 2025","0","@Humanfreaakk Sabar Kakkk maafin ya Yuk sini dibantu cek jaringan IndiHome-nya. -Draken","1935345879222992910","","Humanfreaakk","in","","0","1","0","https://x.com/undefined/status/1935345879222992910","1075673058931806208",
"1935328630068101268","Wed Jun 18 14:35:30 +0000 2025","0","@IndiHome saya sudah dm dari tadi yaa blm ada balasan juga sampe skrg","1935345633243840656","","IndiHome","in","","0","1","0","https://x.com/undefined/status/1935345633243840656","1480907376098254850",
"1935318096367247433","Wed Jun 18 14:35:28 +0000 2025","0","@IndiHome @eliasmaIik Min kok jaringan lu lemot dah? Ada apaan? ","1935345624469356716","","IndiHome","in","","0","0","0","https://x.com/undefined/status/1935345624469356716","1130814397343981569",
"1935318096367247433","Wed Jun 18 14:33:58 +0000 2025","0","@eliasmaIik Huhu maafin Kakkk Yuk sini Draken bantu cek jaringan IndiHome-nya. -Draken","1935345246478749807","","eliasmaIik","in","","0","1","0","https://x.com/undefined/status/1935345246478749807","1075673058931806208",
"1935340169768632828","Wed Jun 18 14:32:50 +0000 2025","0","@zambermooww Maaf atas kendala yg dialaminya Jaringan IndiHome-nya berkendala sejak kapan Kak? Supaya bisa dibantu lebih lanjut interaksinya dilanjutkan via DM @IndiHome ya. -Draken","1935344963757461746","","zambermooww","in","","0","1","0","https://x.com/undefined/status/1935344963757461746","1075673058931806208",
"1935344898011799574","Wed Jun 18 14:32:35 +0000 2025","0","gangguan lagi pls bls dm ku fsr!!!!!! @IndiHome @IndiHomeCare","1935344898011799574","","","in","","0","0","0","https://x.com/undefined/status/1935344898011799574","1175795071976820736",
"1935338823065755958","Wed Jun 18 14:30:06 +0000 2025","0","@ARE_CHIVE0110 Huhu maafin ya jadi terganggu aktivitasnya Kak Apakah terdapat LOS merah pada modemnya Kak? Yuk sini dibantu cek infoin detailnya via DM @IndiHome ya. -Draken","1935344273299489098","","ARE_CHIVE0110","in","","0","0","0","https://x.com/undefined/status/1935344273299489098","1075673058931806208",
"1935338317450789050","Wed Jun 18 14:28:27 +0000 2025","0","@hazzeltea Maafin Kakkk Kurang optimalnya sejak kapan? Infoin detailnya via DM @IndiHome ya supaya bisa dibantu cek. -Draken","1935343859166495240","","hazzeltea","in","","0","0","0","https://x.com/undefined/status/1935343859166495240","1075673058931806208",
"1935343573081510133","Wed Jun 18 14:27:19 +0000 2025","0","INDIHOME KENAPA LAGI SIH YA ALLAH","1935343573081510133","","","in","","0","1","0","https://x.com/undefined/status/1935343573081510133","1540312394182041601",
"1935338203692834905","Wed Jun 18 14:27:08 +0000 2025","0","@vwxyzeze Kak maafin jadi terganggu aktivitasnya Supaya bisa dibantu tindaklanjuti dari jaringan internetnya penanganannya dilanjutkan via DM @IndiHome ya. -Draken","1935343525702574305","","vwxyzeze","in","","0","0","0","https://x.com/undefined/status/1935343525702574305","1075673058931806208",
"1935342672820261292","Wed Jun 18 14:26:44 +0000 2025","0","@junhwinn emg sering jelek gtu kah kak? atau sesekali aja? karena aku udh ga pake indihome si skrg","1935343428445028656","","eisaeasy","in","","0","1","0","https://x.com/undefined/status/1935343428445028656","1894048792032530432",
"1935333400363286823","Wed Jun 18 14:25:40 +0000 2025","0","@watermelanos Maafin ya jadi terganggu aktivitasnya Kak Kurang optimalnya saat akses apa saja? Infoin detailnya via DM @IndiHome ya supaya bisa dibantu lebih lanjut. -Draken","1935343159346872567","","watermelanos","in","","0","0","0","https://x.com/undefined/status/1935343159346872567","1075673058931806208",
"1935343026467176460","Wed Jun 18 14:25:09 +0000 2025","0","@IndiHomeCare sy dapat chat dari indihome yg menyatakan jaringan internet di rumah sy sedang tidak baik koneksinya. Ini benar dr CS atau bohongan ya .","1935343026467176460","","IndiHomeCare","in","","0","1","0","https://x.com/undefined/status/1935343026467176460","50873946",
"1935342763094196734","Wed Jun 18 14:24:06 +0000 2025","0","Indihome burik bet anjor","1935342763094196734","","","in","","0","1","0","https://x.com/undefined/status/1935342763094196734","181482827",
"1935328630068101268","Wed Jun 18 14:23:51 +0000 2025","0","@gmood39302522 Hi Kak maaf ya buat Kakak jadi menunggu. Jaringan internetnya berkendala sejak kapan Kak? Infoin detailnya via DM @IndiHome ya supaya bisa dibantu cek lebih lanjut -Draken","1935342700188024960","","gmood39302522","in","","0","2","0","https://x.com/undefined/status/1935342700188024960","1075673058931806208",
"1935327014166347936","Wed Jun 18 14:21:52 +0000 2025","0","@kumaykumay Maaf ya jadi terganggu aktivitasnya Kak Apakah terdapat LOS merah pada modemnya Kak? Yuk sini dibantu cek infoin detailnya via DM @IndiHome ya. -Draken","1935342202978553943","","kumaykumay","in","","0","0","0","https://x.com/undefined/status/1935342202978553943","1075673058931806208",
"1935341015814259127","Wed Jun 18 14:17:09 +0000 2025","0","indihome lagi kayak tayi banget gak sih?","1935341015814259127","","","in","","0","1","0","https://x.com/undefined/status/1935341015814259127","1358225509809680385",
"1935339573858681206","Wed Jun 18 14:11:25 +0000 2025","0","@IndiHomeCare @IndiHome tolong modem tiba tiba los merah gak ada angin gak ada hujan huhuhu","1935339573858681206","","IndiHomeCare","in","","0","0","0","https://x.com/undefined/status/1935339573858681206","589098521",
"1935339397093974146","Wed Jun 18 14:10:43 +0000 2025","0","@IndiHome min cek DM.. ini knpa tiba2 internet mati. Udah mah lemot pas ada internet","1935339397093974146","","IndiHome","in","","0","0","0","https://x.com/undefined/status/1935339397093974146","226168768",
"1935336654086226168","Wed Jun 18 14:07:27 +0000 2025","0","@LKDRS Kak @LKDRS maafin ya :( Nesya cek udah ada DM Kakak nih. Tungguin ya balasannya -Nesya","1935338575748546758","","LKDRS","in","","0","0","0","https://x.com/undefined/status/1935338575748546758","1075673058931806208",
"1935310782486692190","Wed Jun 18 14:05:42 +0000 2025","0","@IndiHome bales dm dong emosi bgt bayar selalu tepat waktu tp gabisa dipake internet nya nya allahuakbar","1935338134813950167","","IndiHome","in","","0","1","0","https://x.com/undefined/status/1935338134813950167","1471890472985456640",
"1935310328818262125","Wed Jun 18 14:05:18 +0000 2025","0","@IndiHome udah dr 7 jam yg lalu chat aku ga kalian bales. tlg ya direspon.","1935338032481321467","","IndiHome","in","","0","1","0","https://x.com/undefined/status/1935338032481321467","1140685262692835328",
"1935336727746593109","Wed Jun 18 14:00:07 +0000 2025","0","Wifi kek eek tiap minggu los mulu @IndiHome @IndiHomeCare","1935336727746593109","","","in","","0","0","0","https://x.com/undefined/status/1935336727746593109","1288784098886995968",
"1935336654086226168","Wed Jun 18 13:59:49 +0000 2025","0","@IndiHome ini kenapa main mobile legends ping nya tinggi banget..","1935336654086226168","","IndiHome","in","","0","1","0","https://x.com/undefined/status/1935336654086226168","1957726033",
"1935336485882036345","Wed Jun 18 13:59:09 +0000 2025","0","Halloo @IndiHome @IndiHomeCare Minimal kalo pelanggan bayarnya gapernah telat servisnya juga jangan sering di bikin eror dong hampir tiap hari lho mesti internet loss","1935336485882036345","","","in","","0","0","0","https://x.com/undefined/status/1935336485882036345","1172533063210790915",
"1935335517207580679","Wed Jun 18 13:55:18 +0000 2025","0","Se-google form itu bergelut dengan indihome.","1935335517207580679","","","in","","0","0","0","https://x.com/undefined/status/1935335517207580679","1678129187868270592",
"1935335284960543098","Wed Jun 18 13:54:24 +0000 2025","0","Luas Tanah : 117 M2 Luas Bangunan : 270 m2 (2 lantai) Sertifikat : SHM IMB Kamar Tidur : 5 Kamar Mandi : 3 Garasi (2 mobil 3 motor) Ruang tamu Ruang keluarga Air : PDAM Listrik : 2200 Watt telpon wifi Indihome Pagar : Tralis besi Balkon lt 2 https://t.co/FNMbfNmoK4","1935335290291503267","https://pbs.twimg.com/media/Gtuud6ga0AAE8cf.jpg","B4KP4O","in","","0","1","0","https://x.com/undefined/status/1935335290291503267","1856503005161631744",
"1935335103745638877","Wed Jun 18 13:53:40 +0000 2025","0","Indihome kenapa lemot parahh","1935335103745638877","","","in","","0","2","0","https://x.com/undefined/status/1935335103745638877","1893965529171513344",
"1935334302239310052","Wed Jun 18 13:52:45 +0000 2025","0","@josefernando_o Biar internetnya lancar Kak @josefernando_o pastikan jarak device ke modem ga lebih dari 2-3 meter tanpa penghalang dan penggunaan ga melebihi optimum device sesuai kecepatan internet. Maaf tunggu balesan di DM ya :) -Joan","1935334872807260163","","josefernando_o","in","","0","0","0","https://x.com/undefined/status/1935334872807260163","1075673058931806208",
"1935327834584862994","Wed Jun 18 13:44:57 +0000 2025","0","@jiwajiws itu pesan sebelumnya keknya masih nyangkut di kabel indihome ka : makanya dia ga send proof login","1935332910095286738","","jiwajiwc","in","","0","1","0","https://x.com/undefined/status/1935332910095286738","939388565741387776",
"1935308752653365409","Wed Jun 18 13:40:55 +0000 2025","0","@rejeeeme @rejeeeme Baik tunggu balesan temen Joan di DM yaa. -Joan","1935331897397362792","","rejeeeme","in","","0","1","0","https://x.com/undefined/status/1935331897397362792","1075673058931806208",
"1935326875255193705","Wed Jun 18 13:37:34 +0000 2025","0","@ttoingcokudooly Maaf jadi terganggu aktivitasnya Kak Pastikan terlebih dahulu kabel patchcord modemnya terpasang dengan benar dan kencang ya. Jika masih tdk bisa penanganannya dilanjutkan via DM @IndiHome. -Draken","1935331051892809739","","ttoingcokudooly","in","","0","1","0","https://x.com/undefined/status/1935331051892809739","1075673058931806208",
"1935331017973526621","Wed Jun 18 13:37:26 +0000 2025","0","apaansi indihome tiap bulan tagihannya naik anjg","1935331017973526621","","","in","","0","1","0","https://x.com/undefined/status/1935331017973526621","1599443104087437312",
"1935328019121586309","Wed Jun 18 13:36:26 +0000 2025","0","@winrendo @winrendo Okeey Kak ditunggu balesan rekan Zyad selanjutnya di DM ya. Makasih :) -Zyad","1935330768009707819","","winrendo","in","","0","0","0","https://x.com/undefined/status/1935330768009707819","1075673058931806208",
"1935330744181907591","Wed Jun 18 13:36:20 +0000 2025","0","Indihome LU BNR BNR YAAAA gue udh buru buru dr meruya mau nnton peita jaya nyampe rumah WIFINYA LEMOT BGT","1935330744181907591","","","in","","0","1","0","https://x.com/undefined/status/1935330744181907591","1349370746473115652",
"1935324754317295936","Wed Jun 18 13:36:17 +0000 2025","0","@ferdykun_datte DM nya sdh dicek ya Kak. Maaf atas kendala yg dialaminya Jaringan IndiHome-nya berkendala sejak kapan Kak? Supaya bisa dibantu lebih lanjut interaksinya dilanjutkan via DM @IndiHome ya. -Draken","1935330729048813952","","ferdykun_datte","in","","0","0","0","https://x.com/undefined/status/1935330729048813952","1075673058931806208",
"1935308752653365409","Wed Jun 18 13:36:12 +0000 2025","0","@IndiHome udeh buruan cek lg deh","1935330709247533093","","IndiHome","in","","0","1","0","https://x.com/undefined/status/1935330709247533093","534331068",
"1935314664050827463","Wed Jun 18 13:35:26 +0000 2025","0","@meloncholis_ @meloncholis_ Oke Kak. Di DM udah ada pengecekan nya nih. Lanjut via DM nya buat solusi selanjutnya ya. Makasih :) -Hugo","1935330515663601964","","meloncholis_","in","","0","1","0","https://x.com/undefined/status/1935330515663601964","1075673058931806208",
"1935328123412951066","Wed Jun 18 13:34:42 +0000 2025","0","@andresalim10 @andresalim10 Aman Kak Andre. DM-nya segera direspon mohon ditunggu -Nabil","1935330333991551020","","andresalim10","in","","0","0","0","https://x.com/undefined/status/1935330333991551020","1075673058931806208",
"1935323875493167393","Wed Jun 18 13:32:59 +0000 2025","0","@arrddpp Huhu siap Kak DM nya sdh dicek ya. Maafin kalau akses IndiHome-nya kurang optimal Jaringan IndiHome-nya berkendala sejak kapan Kak? Interaksinya dilanjutkan via DM @IndiHome ya. -Draken","1935329899860082952","","arrddpp","in","","0","1","0","https://x.com/undefined/status/1935329899860082952","1075673058931806208",
"1935322105245233617","Wed Jun 18 13:32:23 +0000 2025","0","@IndiHome Sudah selesai ditangani draken sudah bisa terimakasih selamat malam","1935329750043722137","","IndiHome","in","","0","0","0","https://x.com/undefined/status/1935329750043722137","1467775165878595584",
"1935314664050827463","Wed Jun 18 13:31:10 +0000 2025","0","@IndiHome masih blm bisa cepet lah tolong benerin","1935329441712095460","","IndiHome","in","","0","1","0","https://x.com/undefined/status/1935329441712095460","1082986143535095809",
"1935323282255048966","Wed Jun 18 13:30:13 +0000 2025","0","@nothingtosayaf Siap Kak sdh dicek ya DM nya. Mengenai pertanyaan akan dibantu cek terlebih dahulu interaksinya bisa dilanjutkan via DM @IndiHome ya -Draken","1935329205379891439","","nothingtosayaf","in","","0","0","0","https://x.com/undefined/status/1935329205379891439","1075673058931806208",
"1935328123412951066","Wed Jun 18 13:25:55 +0000 2025","0","@IndiHome cek dm c","1935328123412951066","","IndiHome","in","","0","1","0","https://x.com/undefined/status/1935328123412951066","145218684",
"1935322105245233617","Wed Jun 18 13:25:34 +0000 2025","0","@koaladoang Maaf ya Kak jadi terganggu aktivitasnya Apakah terdapat LOS merah pada modemnya Kak? Yuk sini dibantu cek infoin detailnya via DM @IndiHome ya. -Draken","1935328032077791701","","koaladoang","in","","0","1","0","https://x.com/undefined/status/1935328032077791701","1075673058931806208",
"1935326895593374120","Wed Jun 18 13:21:03 +0000 2025","0","Saya cape komplain terus jaringan @Telkomsel saya sudah berapakali pengajuan pemasangan wifi @IndiHome tetapi selalu alasan nya belum masuk tapi tetangga saya semua terpasang bahkan jarak nya yg lebih jauh sudah terpasang saya di sarankan beli @myorbitid jaringan jelek juga.","1935326895593374120","","","in","","0","0","0","https://x.com/undefined/status/1935326895593374120","1710595792447414272",
"1935326460287533212","Wed Jun 18 13:19:19 +0000 2025","0","IndiHome kalian lag ga sih? lag banget wifi gua","1935326460287533212","","","in","","0","3","0","https://x.com/undefined/status/1935326460287533212","1382458629215821828",
"1935321604772548851","Wed Jun 18 13:16:16 +0000 2025","0","@TirtoID Dah kayak CS IndiHome refresh cabut adaptor restart ulang Padahal masalahnya mah di servernya bukan perangkat user. Blog","1935325692188852349","","TirtoID","in","","0","0","0","https://x.com/undefined/status/1935325692188852349","2296103684",
"1935325650388427100","Wed Jun 18 13:16:06 +0000 2025","0","@IndiHome cek dm dong min","1935325650388427100","","IndiHome","in","","0","0","0","https://x.com/undefined/status/1935325650388427100","1358043391947202561",
"1935325619744858531","Wed Jun 18 13:15:59 +0000 2025","0","Gakuat indihome ngelag bgt","1935325619744858531","","","in","","0","1","0","https://x.com/undefined/status/1935325619744858531","1775836965814104064",
"1935315954113855964","Wed Jun 18 13:15:38 +0000 2025","0","@nuralka Kak maafin yaaa Diupayakan secepatnya jaringan internet optimal kembali. -Draken","1935325532520103975","","nuralka","in","","0","1","0","https://x.com/undefined/status/1935325532520103975","1075673058931806208",
"1935313558621012057","Wed Jun 18 13:14:24 +0000 2025","0","@aksaradty Huhu maafin Kak. Kurang optimalnya sejak kapan Kak? Yuk sini dibantu cek -Draken","1935325223949386015","","aksaradty","in","","0","0","0","https://x.com/undefined/status/1935325223949386015","1075673058931806208",
"1935305698096857346","Wed Jun 18 13:13:06 +0000 2025","0","@desnatalue Maafin jadi terganggu kerjaannya Kak Yuk sini sini Draken bantu lebih lanjut dari jaringan IndiHome-nya. -Draken","1935324897200455719","","desnatalue","in","","0","0","0","https://x.com/undefined/status/1935324897200455719","1075673058931806208",
"1935164512568754391","Wed Jun 18 13:12:18 +0000 2025","0","@IndiHome Bohongg","1935324696637227197","","IndiHome","in","","0","0","0","https://x.com/undefined/status/1935324696637227197","1472979950944669702",
"1935310782486692190","Wed Jun 18 13:11:58 +0000 2025","0","@IndiHome Cek dm dong min","1935324612143009841","","IndiHome","in","","0","1","0","https://x.com/undefined/status/1935324612143009841","1472979950944669702",
"1929806322545184839","Wed Jun 18 13:11:25 +0000 2025","0","@nisahilisme Wuihhh terima kasih sudah memilih IndiHome Kak Kalau nantinya ada pertanyaan seputar layanan IndiHome-nya langsung aja DM mimin ya -Draken","1935324471793205601","","nisahilisme","in","","0","0","0","https://x.com/undefined/status/1935324471793205601","1075673058931806208",
"1935302788067873115","Wed Jun 18 13:09:58 +0000 2025","0","@babydeff_ Aaaa maafin Kakk Yuk sini sini dibantu tindaklanjuti dari jaringan IndiHome-nya. -Draken","1935324105798205836","","babydeff_","in","","0","0","0","https://x.com/undefined/status/1935324105798205836","1075673058931806208",
"1935323962826993711","Wed Jun 18 13:09:23 +0000 2025","0","indihome kacau bgt cok gada sinyal","1935323962826993711","","","in","","0","1","0","https://x.com/undefined/status/1935323962826993711","1755043147296677888",
"1934990667442503806","Wed Jun 18 13:09:04 +0000 2025","0","@sadgirlxvq Huhu its okay Kak. Mimin selalu siap membantu -Draken","1935323881985949764","","sadgirlxvq","in","","0","0","0","https://x.com/undefined/status/1935323881985949764","1075673058931806208",
"1935310782486692190","Wed Jun 18 13:08:13 +0000 2025","0","@IndiHome Cek DM . Koneksi makin hari makin lemot. Sinyal sering hilang","1935323668395249681","","IndiHome","in","","0","1","0","https://x.com/undefined/status/1935323668395249681","767702325888634881",
"1935323533556805892","Wed Jun 18 13:07:41 +0000 2025","0","@IndiHome cek dm min","1935323533556805892","","IndiHome","in","","0","0","0","https://x.com/undefined/status/1935323533556805892","1254966213840523264",
"1935312508300181606","Wed Jun 18 13:07:28 +0000 2025","0","@kttyumbs Maaf jadi terganggu aktivitasnya Kak Jika sudah memastikan kabel patchcordnya terpasang dengan benar dan kencang tapi masih tdk bisa. Penanganan selanjutnya hubungi Draken via DM @IndiHome ya. -Draken","1935323479508975786","","kttyumbs","in","","0","0","0","https://x.com/undefined/status/1935323479508975786","1075673058931806208",
"1935316425901752787","Wed Jun 18 13:06:43 +0000 2025","0","Gw kepret ya lu indihome","1935323287795744817","","kiyehoon","in","","0","0","0","https://x.com/undefined/status/1935323287795744817","1548520437621014528",
"1935323237552111894","Wed Jun 18 13:06:31 +0000 2025","0","@IndiHome ini kenapa jaringan hilang?!","1935323237552111894","","IndiHome","in","","0","0","0","https://x.com/undefined/status/1935323237552111894","1899455230217240576",
"1935310328818262125","Wed Jun 18 13:06:22 +0000 2025","0","@cutiepiefllsun Oke Kak maafin ya atas kendala yg dialaminya Supaya bisa dibantu lebih lanjut dari layanan IndiHome-nya interaksinya dilanjutkan via DM @IndiHome ya. -Draken","1935323201586020695","","cutiepiefllsun","in","","0","1","0","https://x.com/undefined/status/1935323201586020695","1075673058931806208",
"1935308752653365409","Wed Jun 18 13:05:01 +0000 2025","0","@rejeeeme Maaf jadi terganggu aktivitasnya Kak Supaya bisa dibantu lebih lanjut dari layanan IndiHome-nya interaksinya dilanjutkan via DM @IndiHome ya. -Draken","1935322861989937471","","rejeeeme","in","","0","1","0","https://x.com/undefined/status/1935322861989937471","1075673058931806208",
"1935322702816198969","Wed Jun 18 13:04:23 +0000 2025","0","@IndiHome cek dm","1935322702816198969","","IndiHome","tr","","0","0","0","https://x.com/undefined/status/1935322702816198969","1358043391947202561",
"1935322571383390465","Wed Jun 18 13:03:52 +0000 2025","0","@IndiHome wifi internetnya ini gabisa kenapa ya","1935322571383390465","","IndiHome","in","","0","0","0","https://x.com/undefined/status/1935322571383390465","1467775165878595584",
"1935307253898428938","Wed Jun 18 13:03:24 +0000 2025","0","@salahmuludweh Maafin ya Kakk Apakah terdapat LOS merah pada modemnya Kak? Yuk sini dibantu cek infoin detailnya via DM @IndiHome ya. -Draken","1935322453431173264","","salahmuludweh","in","","0","1","0","https://x.com/undefined/status/1935322453431173264","1075673058931806208",
"1935314664050827463","Wed Jun 18 13:03:21 +0000 2025","0","@meloncholis_ @meloncholis_ Siap Kak. Ditunggu interaksi selanjutnya via DM yaa kak :) -Hugo","1935322440554660320","","meloncholis_","in","","0","1","0","https://x.com/undefined/status/1935322440554660320","1075673058931806208",
"1935304508609102001","Wed Jun 18 13:02:16 +0000 2025","0","@desnatalue Maaf ya jadi terganggu aktivitasnya Kak Apakah terdapat LOS merah pada modemnya Kak? Yuk sini dibantu cek infoin detailnya via DM @IndiHome ya. -Draken","1935322168952504698","","desnatalue","in","","0","0","0","https://x.com/undefined/status/1935322168952504698","1075673058931806208",
"1935322011024416981","Wed Jun 18 13:01:38 +0000 2025","0","ak indihome selalu 4ms jir tapi kadang suka eror di tengah tengah zzz ( tp jarang sih )","1935322011024416981","","","in","","0","1","0","https://x.com/undefined/status/1935322011024416981","1650459747378954241",
"1935310782486692190","Wed Jun 18 13:01:25 +0000 2025","0","@IndiHome min cek dm","1935321956808802701","","IndiHome","in","","0","1","0","https://x.com/undefined/status/1935321956808802701","1254966213840523264",
"1935301022425170062","Wed Jun 18 13:00:28 +0000 2025","0","@haithwam Kak maafin jadi kurang optimal akses IndiHome-nya Kurang optimalnya saat akses apa saja? Infoin detailnya via DM @IndiHome ya supaya bisa dibantu lebih lanjut. -Draken","1935321717725085728","","haithwam","in","","0","0","0","https://x.com/undefined/status/1935321717725085728","1075673058931806208",
"1935314664050827463","Wed Jun 18 12:59:12 +0000 2025","0","@IndiHome bales lagi sekarang","1935321396613366243","","IndiHome","in","","0","1","0","https://x.com/undefined/status/1935321396613366243","1082986143535095809",
"1935300337507909869","Wed Jun 18 12:58:45 +0000 2025","0","@RidhoAlfn Siap Kak sdh dicek ya DM nya. Mengenai permintaannya bisa dibantu proses lebih lanjut interaksinya dilanjutkan via DM @IndiHome ya -Draken","1935321285154013593","","RidhoAlfn","in","","0","5","0","https://x.com/undefined/status/1935321285154013593","1075673058931806208",
"1935321203331448951","Wed Jun 18 12:58:26 +0000 2025","0","jaringan indihome bikin pgn teriak BABIIII kenceng kenceng","1935321203331448951","","","in","","0","1","0","https://x.com/undefined/status/1935321203331448951","1865402755818692608",
"1935320879539568764","Wed Jun 18 12:57:08 +0000 2025","1","Lah kocak mau daftar indihome jadi banyak bgt yang ngechat bantu proses registrasi sama mau pasangin tuh gimana ceritanya bjir??? Lagian udah jadwalin pasang sabtu tapi malam ini malah dichat mau dipasang sama ntah siapa bjir","1935320879539568764","","","in","","0","1","0","https://x.com/undefined/status/1935320879539568764","1150976361562959874",
"1935318742445261307","Wed Jun 18 12:54:53 +0000 2025","0","@sepiiro @sepiiro Siapp Kak. Hugo cek DM nya udah masuk nih. Akan segera dibalas sesuai antrian yaa. Makasih :) -Hugo","1935320312457093487","","sepiiro","in","","0","0","0","https://x.com/undefined/status/1935320312457093487","1075673058931806208",
"1935320290059563358","Wed Jun 18 12:54:48 +0000 2025","0","@IndiHome ko tbtb gk bisa terhubung mint?","1935320290059563358","","IndiHome","in","","0","1","0","https://x.com/undefined/status/1935320290059563358","1102461073582518273",
"1935299263250186432","Wed Jun 18 12:54:31 +0000 2025","0","@onlyjjaeyun Kakkk maafin Kurang optimalnya saat akses apa saja? Infoin detailnya via DM @IndiHome ya. -Draken","1935320219200934234","","onlyjjaeyun","in","","0","0","0","https://x.com/undefined/status/1935320219200934234","1075673058931806208",
"1935299183906582620","Wed Jun 18 12:53:23 +0000 2025","0","@sound_of_cupseu Mimin siap menolong Kak. Maaf ya jadi terganggu aktivitasnya. Jaringan internetnya berkendala sejak kapan Kak? Infoin detailnya via DM @IndiHome ya supaya bisa dibantu lebih lanjut -Draken","1935319935699558615","","sound_of_cupseu","in","","0","0","0","https://x.com/undefined/status/1935319935699558615","1075673058931806208",
"1935319449772736636","Wed Jun 18 12:51:27 +0000 2025","0","&lt;&gt; Kan memang makanya di kantor mostly di tempat gue pakai biznet. Apalagi kalau ditambah kabel ethernet. Makin. ` betul banget kaka indihome itu fokusnya dia perumahan. untuk kantor bagusnya pake biznet. sayangnya biznet okenya di jkt dan sekitarnya aja","1935319449772736636","","","in","","0","0","0","https://x.com/undefined/status/1935319449772736636","2258200598",
"1935292801635455356","Wed Jun 18 12:51:05 +0000 2025","0","@maujadikucingg DM nya sdh dicek ya Kak. Maaf atas kendala yg dialaminya Apakah lampu LED modemnya mati semua Kak? Infoin detailnya via DM @IndiHome ya supaya bisa dibantu lebih lanjut. -Draken","1935319357346955623","","maujadikucingg","in","","0","0","0","https://x.com/undefined/status/1935319357346955623","1075673058931806208",
"1935319248655761548","Wed Jun 18 12:50:40 +0000 2025","0","indihome lagi jelek ya","1935319248655761548","","","in","","0","0","0","https://x.com/undefined/status/1935319248655761548","1743490375569076224",
"1935319031130857792","Wed Jun 18 12:49:48 +0000 2025","1","INDIHOME TOLOL (GAUSAH BALES LU ADMIN)","1935319031130857792","","","in","","0","4","0","https://x.com/undefined/status/1935319031130857792","997114783638863875",
"1935285559636934697","Wed Jun 18 12:48:28 +0000 2025","0","@ddonfgc Maafin Kakkk Apakah terdapat LOS merah pada modemnya? Infoin detailnya via DM @IndiHome ya supaya bisa dibantu lebih lanjut. -Draken","1935318697952137704","","ddonfgc","in","","0","0","0","https://x.com/undefined/status/1935318697952137704","1075673058931806208",
"1935318672677158966","Wed Jun 18 12:48:22 +0000 2025","0","` funfact aku baru dapet ilmu kalau indihome emang lemah jaringan upload karena dia jagoin di download. kalau mau yang perbandingan upload sama downloadnya 1:1 itu bizznet (teknisi baru)","1935318672677158966","","","in","","0","0","9","https://x.com/undefined/status/1935318672677158966","2258200598",
"1935318653769236702","Wed Jun 18 12:48:18 +0000 2025","0","@IndiHome cek dm min","1935318653769236702","","IndiHome","in","","0","1","0","https://x.com/undefined/status/1935318653769236702","844977540892573697",
"1935318127136620574","Wed Jun 18 12:46:12 +0000 2025","0","Cek dm wifi gangguan lagi butuh buat kerja sma skripsian @IndiHomeCare @IndiHome","1935318127136620574","","","in","","0","0","0","https://x.com/undefined/status/1935318127136620574","1200281970573365249",
"1935318096367247433","Wed Jun 18 12:46:05 +0000 2025","1","&lt;&gt; Buset indihome sebusuk itu. Dengerin remix by jaringan nih kita? ️","1935318096367247433","","","in","","0","1","1","https://x.com/undefined/status/1935318096367247433","1678129187868270592",
"1935316425901752787","Wed Jun 18 12:39:27 +0000 2025","0","Bapuk banget lu indihome","1935316425901752787","","","in","","0","1","0","https://x.com/undefined/status/1935316425901752787","1548520437621014528",
"1935315954113855964","Wed Jun 18 12:37:34 +0000 2025","0","indihome sekali eror bikin emosi ya lama banget benerinnya","1935315954113855964","","","in","","0","1","0","https://x.com/undefined/status/1935315954113855964","73607968",
"1935314664050827463","Wed Jun 18 12:35:22 +0000 2025","0","@meloncholis_ @meloncholis_ Baik. Mohon tunggu konfirmasi selanjutnya via DM yaa. Makasih :) -Dero","1935315399706558931","","meloncholis_","in","","0","1","0","https://x.com/undefined/status/1935315399706558931","1075673058931806208",
"1935267177197875545","Wed Jun 18 12:32:29 +0000 2025","0","@SarahMeutia5 @IndiHome Iyah min punya saya juga udb dari sabtu penangananan cuman restar2 ga ada efeknya","1935314674402410888","","SarahMeutia5","in","","0","1","0","https://x.com/undefined/status/1935314674402410888","563838651",
"1935314664050827463","Wed Jun 18 12:32:26 +0000 2025","0","@IndiHome liat dm buru","1935314664050827463","","IndiHome","in","","0","1","0","https://x.com/undefined/status/1935314664050827463","1082986143535095809",
"1935310782486692190","Wed Jun 18 12:28:12 +0000 2025","0","@IndiHome Min Check DM Jaringan Wifi bermasalah","1935313598064247091","","IndiHome","in","","0","1","0","https://x.com/undefined/status/1935313598064247091","4658901342",
"1935313558621012057","Wed Jun 18 12:28:03 +0000 2025","0","%. Maaf kalau macet-macetan ya Indihome mambu sangit soale rek.","1935313558621012057","","","in","","0","2","1","https://x.com/undefined/status/1935313558621012057","1922257912329863168",
"1935311172636729714","Wed Jun 18 12:18:34 +0000 2025","2"," Masih pakai internet shared buat kantor? https://t.co/QfETD3bcdl https://t.co/x7LitZ4iaP #InternetCepat #DedicatedInternet #InternetKantor #TeknisiWifi #WiFiStabil #FYP #internetlemot #UpgradeWiFi #JaringanCepat #InternetBisnis #IndiHome #Indibiz #Telkomsel","1935311172636729714","","","in","","0","2","0","https://x.com/undefined/status/1935311172636729714","1287736481520291840",
"1935311043007566099","Wed Jun 18 12:18:03 +0000 2025","2"," Masih pakai internet shared buat kantor? https://t.co/A4heEpCSJv https://t.co/Bi9bd2ItO3 #InternetCepat #DedicatedInternet #InternetKantor #TeknisiWifi #WiFiStabil #FYP #internetlemot #UpgradeWiFi #JaringanCepat #InternetBisnis #IndiHome #Indibiz #Telkomsel","1935311043007566099","","","in","","0","0","0","https://x.com/undefined/status/1935311043007566099","1393764075532742662",
"1935310898702467163","Wed Jun 18 12:17:29 +0000 2025","2"," Masih pakai internet shared buat kantor? https://t.co/Jd0EUfc5lC https://t.co/01Wxgnaybx #InternetCepat #DedicatedInternet #InternetKantor #TeknisiWifi #WiFiStabil #FYP #internetlemot #UpgradeWiFi #JaringanCepat #InternetBisnis #IndiHome #Indibiz #Telkomsel","1935310898702467163","","","in","","0","0","0","https://x.com/undefined/status/1935310898702467163","1330130989922791424",
"1935310782486692190","Wed Jun 18 12:17:01 +0000 2025","0","Healing gak perlu mahal! Dengan langganan VIU via IndiHome Ibu bisa keliling Indonesia Jepang Korea bahkan Cina lewat tayangan-tayangan yang bikin keseharian Ibu makin seruu Mau? Cek di IG story IndiHome yaa Sobat! #IndiHomebyTelkomsel #DariRumahTanpaBatas https://t.co/TiwroZSUMP","1935310782486692190","https://pbs.twimg.com/media/Gtua3sHXYAIZM_9.jpg","","in","","0","19","0","https://x.com/undefined/status/1935310782486692190","1075673058931806208",
"1935297686447751526","Wed Jun 18 12:16:38 +0000 2025","0","@seaaeyi Kok tau sih mau bagi² sertifikat rumah juga? Dyeem anak indihome ya kamu??","1935310683882799455","","seaaeyi","in","","0","1","0","https://x.com/undefined/status/1935310683882799455","1510290898189717506",
"1935309872586965463","Wed Jun 18 12:13:24 +0000 2025","0","woi indihome kalian kalau chat lama kali bisa setengah jam baru balas kalian kerja apa tidur @IndiHome #perbaikinlayanankalian #boikotindihome https://t.co/XFB0xnsZwD","1935309872586965463","https://pbs.twimg.com/media/GtuZbXzWoAAvAjO.png","","in","","0","1","0","https://x.com/undefined/status/1935309872586965463","4831116133",
"1935305450913947742","Wed Jun 18 12:10:30 +0000 2025","0","@whoismeid @whoismeid Siaap Kak ditunggu ya rekan Zyad akan bantu Kakak. Makasih :) -Zyad","1935309143075864607","","whoismeid","in","","0","0","0","https://x.com/undefined/status/1935309143075864607","1075673058931806208",
"1935307587970548086","Wed Jun 18 12:08:32 +0000 2025","0","@ramushyie lah ia ya ((indihome punya twt gua serang dh))","1935308647917310193","","ramushyie","in","","0","0","0","https://x.com/undefined/status/1935308647917310193","1534804475109871617",
"1935308520251150567","Wed Jun 18 12:08:02 +0000 2025","0","@IndiHome min cek dm mau pengaduan terkait mutasi","1935308520251150567","","IndiHome","in","","0","1","0","https://x.com/undefined/status/1935308520251150567","1661935952594608129",
"1935305450913947742","Wed Jun 18 12:06:36 +0000 2025","0","@IndiHome Ditunggu. Wifi ane ga bisa dipakai dari sore","1935308160585318629","","IndiHome","in","","0","1","0","https://x.com/undefined/status/1935308160585318629","165782420",
"1935308100099256568","Wed Jun 18 12:06:22 +0000 2025","0","@IndiHome @IndiHomeCare BISA BALES CHAT GAK???? DARI PAGI GUE CHAT NIH","1935308100099256568","","IndiHome","in","","0","0","0","https://x.com/undefined/status/1935308100099256568","376501634",
"1935291554320810388","Wed Jun 18 12:06:01 +0000 2025","0","@lumutcomberan Maafin ya Kak @lumutcomberan . Yuk lanjutin di DM ya. Tks -Ardhan","1935308013101089055","","lumutcomberan","in","","0","0","0","https://x.com/undefined/status/1935308013101089055","1075673058931806208",
"1935267177197875545","Wed Jun 18 12:05:19 +0000 2025","0","@SarahMeutia5 @SarahMeutia5 Okeeey Kak Sarah ditunggu ya balesan rekan Zyad selanjutnya di DM. Makasih :) -Zyad","1935307836378202290","","SarahMeutia5","in","","0","0","0","https://x.com/undefined/status/1935307836378202290","1075673058931806208",
"1935287411816415505","Wed Jun 18 12:03:41 +0000 2025","0","@noxkks Gaskeun Kak @noxkks . Ditunggu ya pasti di bales DMnya. Tks -Ardhan","1935307428595384678","","noxkks","in","","0","0","0","https://x.com/undefined/status/1935307428595384678","1075673058931806208",
"1935267177197875545","Wed Jun 18 12:02:56 +0000 2025","0","@IndiHome Min balas udah di DM","1935307236148117602","","IndiHome","in","","0","1","0","https://x.com/undefined/status/1935307236148117602","1107994739498872832",
"1935305893564068170","Wed Jun 18 12:02:47 +0000 2025","0","@deviken @IndiHome @deviken Maafin Kak Ken :(. Biar dibantu penyesuaian alamat billing nya kuy infoin nomor IndiHome dan juga atas nama ke DM biar dibantu lebih lanjut. Makasih :) -Hugo","1935307201440268403","","deviken","in","","0","0","0","https://x.com/undefined/status/1935307201440268403","255409050",
"1935286639070429612","Wed Jun 18 12:02:29 +0000 2025","0","@adsrmdy Kak @adsrmdy Ardhan cek udah ada DM dari Kakak nih. Lanjutin di DM ya. Tks -Ardhan","1935307123682066737","","adsrmdy","in","","0","0","0","https://x.com/undefined/status/1935307123682066737","1075673058931806208",
"1935229782087905404","Wed Jun 18 12:01:17 +0000 2025","0","@zezelovers13 Kak Eze maaf ya. Coba infoin nomor IndiHome dan atas nama pemilik ke DM. Kami bantu cek lebih lanjut pengajuannya Kak -Darlan","1935306823348969679","","zezelovers13","in","","0","0","0","https://x.com/undefined/status/1935306823348969679","255409050",
"1935171035390996550","Wed Jun 18 12:00:54 +0000 2025","0","@IndiHome @IndiHomeCare Kebiasaan bgt luh. Gua bayar full. Lu seenaknya.","1935306727735599435","","IndiHome","in","","0","0","0","https://x.com/undefined/status/1935306727735599435","854594992567754752",
"1935306671536095454","Wed Jun 18 12:00:41 +0000 2025","0","@IndiHome CEK DM SEGERA","1935306671536095454","","IndiHome","in","","0","1","0","https://x.com/undefined/status/1935306671536095454","1313170560",
"1935264005020692551","Wed Jun 18 11:59:52 +0000 2025","0","@kanbekunta Aduh maafin Kak @kanbekunta jadi keganggu aktivitasnya. Sini-sini Ardhan bantu benerin dulu jaringannya. Boleh infoin nomor IndiHome dan atas nama ke DM biar datanya aman dan terjaga. Tks -Ardhan","1935306465071480913","","quietmaison","in","","0","0","0","https://x.com/undefined/status/1935306465071480913","1075673058931806208",
"1934781475943272754","Wed Jun 18 11:59:20 +0000 2025","0","@kitty_gandalf Dan agus indihome https://t.co/nQzgbXiFqk","1935306333299032332","","kitty_gandalf","in","","0","0","0","https://x.com/undefined/status/1935306333299032332","260608044",
"1935305450913947742","Wed Jun 18 11:57:48 +0000 2025","0","@whoismeid @whoismeid Okayy nanti temen Joan bales DMnya ya Kak :) -Joan","1935305946689061040","","whoismeid","in","","0","1","0","https://x.com/undefined/status/1935305946689061040","1075673058931806208",
"1935305893564068170","Wed Jun 18 11:57:35 +0000 2025","1","Pantes selama ini ga pernah dapet email soal billing ternyata email indihome gue salah total. alamat tagihan kartu halo jg ngarang total. email yg gue terima malah dari no indihome yg udah mati mungkin 6-7 th lalu. bener2 sengarang itu dah kalian @IndiHome @Telkomsel","1935305893564068170","","","in","","0","2","0","https://x.com/undefined/status/1935305893564068170","43625961",
"1935305836596969480","Wed Jun 18 11:57:22 +0000 2025","0","X please do your magic Halo @IndiHome saya mengajukan mutasi hanya tinggal menunggu instalasi kenapa belum dikerjakan oleh teknisi","1935305836596969480","","","in","","0","0","0","https://x.com/undefined/status/1935305836596969480","1661935952594608129",
"1935305721249415263","Wed Jun 18 11:56:54 +0000 2025","0","@IndiHome tolong cek DM bang","1935305721249415263","","IndiHome","in","","0","1","0","https://x.com/undefined/status/1935305721249415263","1166439132236677120",
"1935305698096857346","Wed Jun 18 11:56:49 +0000 2025","0","IndiHome kenapa sih njirr dh 2 hari lemot bgtt buat whatsapp aja pending njir ganggu kerjaaan bgtt ah ","1935305698096857346","","","in","","0","1","0","https://x.com/undefined/status/1935305698096857346","1315818852916187137",
"1904495986405261515","Wed Jun 18 11:56:22 +0000 2025","0","@SebelasTeratai Maafin Kak @SebelasTeratai Buat kendala LOS pastiin kabel yg berwarna hitam/kuning ujung berwarna biru udah terpasang atau tertancap dengan kencang dan benar. Kalo masih ga bisa DMin nomor IndiHome serta atas nama siapa IndiHome nya. Tks -Ardhan","1935305587560169984","","SebelasTeratai","in","","0","0","0","https://x.com/undefined/status/1935305587560169984","1075673058931806208",
"1935276376619368958","Wed Jun 18 11:54:33 +0000 2025","0","@lunarossee Boleh Kak @lunarossee . Lanjutin di DM ya. Tks -Ardhan","1935305126715212176","","lunarossee","in","","0","1","0","https://x.com/undefined/status/1935305126715212176","1075673058931806208",
"1935270650563956902","Wed Jun 18 11:51:54 +0000 2025","0","@nadiah_della Siap Kak @nadiah_della cek berkala ya DMnya. Makasih -Ardhan","1935304462240989300","","nadiah_della","in","","0","0","0","https://x.com/undefined/status/1935304462240989300","1075673058931806208",
"1934939292096475371","Wed Jun 18 11:50:37 +0000 2025","0","@DaddyAshari Ardhan seneng Kak @DaddyAshari dengernya kalo udah lancar lagi kalo nanti ada kendala lagi Kakak bisa konfirmasi kembali sama kami ya. Sehat selalu buat keluarga disana -Ardhan","1935304136796553705","","DaddyAshari","in","","0","0","0","https://x.com/undefined/status/1935304136796553705","1075673058931806208",
"1935259942904365418","Wed Jun 18 11:48:21 +0000 2025","0","@Telkomsel Nomor Internet : 11134910**** Atas Nama : WADE KURNIA FONDRARADODO ZEGA No Hp Utama : 081375319999 No Hp Alternatif : 0811641030 Relasi dengan pemilik IndiHome : ANAK KANDUNG Alamat : JLN. M. HATTA II NO.8 KOTA GUNUNGSITOLI Detail keluhan/permintaan : JARINGAN TIDAK STABIL","1935303570146124022","","Telkomsel","in","","0","0","0","https://x.com/undefined/status/1935303570146124022","233281594",
"1935244714762191140","Wed Jun 18 11:48:20 +0000 2025","0","@melatitegugur Siap Kak @melatitegugur . Lanjutin di DM ya. Makasih -Ardhan","1935303561853944290","","melatitegugur","in","","0","0","0","https://x.com/undefined/status/1935303561853944290","1075673058931806208",
"1935266234070876430","Wed Jun 18 11:47:54 +0000 2025","0","@Telkomsel Nomor Internet : 11134910**** Atas Nama : WADE KURNIA FONDRARADODO ZEGA No Hp Utama : 081375319999 No Hp Alternatif : 0811641030 Relasi dengan pemilik IndiHome : ANAK KANDUNG Alamat : JLN. M. HATTA II NO.8 KOTA GUNUNGSITOLI Detail keluhan/permintaan : JARINGAN TIDAK STABIL","1935303454282682566","","Telkomsel","in","","0","1","0","https://x.com/undefined/status/1935303454282682566","233281594",
"1935273345882214472","Wed Jun 18 11:46:45 +0000 2025","0","@Telkomsel Nomor Internet : 11134910**** Atas Nama : WADE KURNIA FONDRARADODO ZEGA No Hp Utama : 081375319999 No Hp Alternatif : 0811641030 Relasi dengan pemilik IndiHome : ANAK KANDUNG Alamat : JLN. M. HATTA II NO.8 KORA GUNUNGSITOLI Detail keluhan/permintaan : JARINGAN TIDAK STABIL","1935303165425135661","","Telkomsel","in","","0","1","0","https://x.com/undefined/status/1935303165425135661","233281594",
"1935148773350756562","Wed Jun 18 11:46:14 +0000 2025","0","@tbltbllz Kak @tbltbllz Ardhan cek udah ada percakapan di DM. Lanjutin di DM ya. Tks -Ardhan","1935303035389190581","","tbltbllz","in","","0","0","0","https://x.com/undefined/status/1935303035389190581","1075673058931806208",
"1935279962891985083","Wed Jun 18 11:46:08 +0000 2025","0","@Telkomsel Nomor Internet : 11134910**** Atas Nama : WADE KURNIA FONDRARADODO ZEGA No Hp Utama : 081375319999 No Hp Alternatif : 0811641030 Relasi dengan pemilik IndiHome : ANAK KANDUNG Alamat : JLN. M. HATTA II NO.8 KORA GUNUNGSITOLI Detail keluhan/permintaan : JARINGAN TIDAK STABIL","1935303010558820683","","Telkomsel","in","","0","0","0","https://x.com/undefined/status/1935303010558820683","233281594",
"1934987547257766238","Wed Jun 18 11:44:38 +0000 2025","0","@Infproom Okey Kak @Infproom . Yuk lanjutin di DM ya. Tks -Ardhan","1935302631754449410","","Infproom","in","","0","0","0","https://x.com/undefined/status/1935302631754449410","1075673058931806208",
"1935126039942082827","Wed Jun 18 11:42:07 +0000 2025","0","@lleemarzk Yah :( maaf banget Kak @lleemarzk udah bikin gak nyaman. Ardhan bantu benerin dulu jaringannya. Boleh infoin dulu nomor IndiHome dan atas nama ke DM biar aman dan terjaga datanya. Tks -Ardhan","1935301997802226097","","lleemarzk","in","","0","0","0","https://x.com/undefined/status/1935301997802226097","1075673058931806208",
"1935271769390334202","Wed Jun 18 11:41:14 +0000 2025","0","@nuralka @nuralka Saat ini untuk semua interaksi akan dibantu melalui akun @indihome yaa. Dicek DM dari Kak Nur udah masuk antrian dan akan dibalas secepatnya :) -Joan","1935301775579562056","","nuralka","in","","0","0","0","https://x.com/undefined/status/1935301775579562056","1075673058931806208",
"1934990667442503806","Wed Jun 18 11:40:30 +0000 2025","0","@_dark_r0ses indihome : apa hubungannya sm gw","1935301592640851997","","_dark_r0ses","in","","0","2","0","https://x.com/undefined/status/1935301592640851997","1501273642277109761",
"1935271769390334202","Wed Jun 18 11:39:07 +0000 2025","0","@IndiHome sudah di DM ke akun indihomecare juga instagram juga tolong dicek. terima kasih","1935301243301507134","","IndiHome","in","","0","1","0","https://x.com/undefined/status/1935301243301507134","73607968",
"1934788024526856689","Wed Jun 18 11:38:56 +0000 2025","0","@peppermintevaa Yuhu Kak @peppermintevaa Sama-sama ya. Ardhan seneng dengernya. Nanti kalo ada kendala lagi jangan sungkan hubungi kami ya. Sehat selalu buat keluarga disana Kak -Ardhan","1935301197554180136","","peppermintevaa","in","","0","0","0","https://x.com/undefined/status/1935301197554180136","1075673058931806208",
"1935135373522501987","Wed Jun 18 11:36:24 +0000 2025","0","@haechanpecel Siap Kak @haechanpecel . Ditunggu ya dan cek berkala juga DMnya. Tks -Ardhan","1935300562108694876","","haechanpecel","in","","0","0","0","https://x.com/undefined/status/1935300562108694876","1075673058931806208",
"1935297873425678738","Wed Jun 18 11:34:46 +0000 2025","0","@piesusukeju Kak maafin jadi terganggu bermain game nya Kurang optimalnya sejak kapan? Yuk sini dibantu cek jaringan IndiHome-nya. -Draken","1935300150244819439","","piesusukeju","in","","0","0","0","https://x.com/undefined/status/1935300150244819439","1075673058931806208",
"1935110303664177431","Wed Jun 18 11:34:40 +0000 2025","1","@IndiHome Telat bang w udah selesai kerja","1935300124051390560","","IndiHome","in","","0","2","0","https://x.com/undefined/status/1935300124051390560","1686538514119475201",
"1935295230112366734","Wed Jun 18 11:33:33 +0000 2025","0","@ecxellsso Yuhuuuu enjoy terus bersama layanan IndiHome-nya ya Kak -Draken","1935299842156433461","","ecxellsso","in","","0","0","0","https://x.com/undefined/status/1935299842156433461","1075673058931806208",
"1934865884105068698","Wed Jun 18 11:33:16 +0000 2025","0","@cattoluf Boleh Kak @cattoluf . Yuk lanjutin di DM ya. Tks -Ardhan","1935299773701259723","","cattoluf","in","","0","0","0","https://x.com/undefined/status/1935299773701259723","1075673058931806208",
"1935294214893625521","Wed Jun 18 11:32:15 +0000 2025","0","@irasprtk Huftt kurang optimalnya saat akses apa saja Kak? Yuk sini dibantu cek -Draken","1935299518096097755","","irasprtk","in","","0","0","0","https://x.com/undefined/status/1935299518096097755","1075673058931806208",
"1935110303664177431","Wed Jun 18 11:31:04 +0000 2025","0","@laptop_asuss @laptop_asuss Huhu maafin ya Kak Dino udah bikin gak nyaman. Ardhan bantu benerin dulu jaringannya. Yuk infoin nomor IndiHome dan atas nama ke DM biar datanya aman dan terjaga. Tks -Ardhan","1935299217049927775","","laptop_asuss","in","","0","1","0","https://x.com/undefined/status/1935299217049927775","1075673058931806208",
"1935291510968434855","Wed Jun 18 11:30:49 +0000 2025","0","@jiiiver Kakkkkk Jangan bilang Kakak mau beralih dari IndiHome? Huhu jangan tinggalin mimin plis Kakk -Draken","1935299156677116261","","jiiiver","in","","0","0","0","https://x.com/undefined/status/1935299156677116261","1075673058931806208",
"1935290973854253530","Wed Jun 18 11:28:34 +0000 2025","0","@Haye76644 Maaf ya jadi buat Kakak menunggu. DM Kakak sdh direspons nih yuk dicek kembali -Draken","1935298590760693977","","Haye76644","in","","0","0","0","https://x.com/undefined/status/1935298590760693977","1075673058931806208",
"1935289619136004416","Wed Jun 18 11:27:17 +0000 2025","0","@lovespideyy Aaaa maafin Kakk Kurang optimalnya saat akses apa saja Kak? Yuk sini dibantu cek. -Draken","1935298268176728350","","lovespideyy","in","","0","0","0","https://x.com/undefined/status/1935298268176728350","1075673058931806208",
"1935298095866331437","Wed Jun 18 11:26:36 +0000 2025","0","@IndiHome tolong dong internet di rumah orang tua saya mati lampu indikator LOS berwarna merah . Sudah coba matikan &amp; nyalakan kembali modemnya masih belum berhasil.","1935298095866331437","","IndiHome","in","","0","0","0","https://x.com/undefined/status/1935298095866331437","91019279",
"1935289002418127302","Wed Jun 18 11:26:15 +0000 2025","0","@jjjjjongieeeee Diharap tetap berhati-hati dengan oknum yg mengatasnamakan IndiHome ya Kak. Jika Kakak butuh bantuan lebih lanjut bisa hubungi mimin via DM ya -Draken","1935298007043555477","","jjjjjongieeeee","in","","0","0","0","https://x.com/undefined/status/1935298007043555477","1075673058931806208",
"1931338324867957022","Wed Jun 18 11:26:02 +0000 2025","0","@rfk_rvld Kalo Kak @rfk_rvld berlangganan belum 12 bulan Kakak terkena denda ya. Biar Ardhan bisa bantu cek juga boleh infoin nomor IndiHome dan atas nama ke DM ya biar aman datanya. Tks -Ardhan","1935297951154454830","","rfk_rvld","in","","0","1","0","https://x.com/undefined/status/1935297951154454830","1075673058931806208",
"1935191155475628476","Wed Jun 18 11:23:32 +0000 2025","0","@IndiHome sudaah cek dm yaa","1935297324756124114","","IndiHome","in","","0","0","0","https://x.com/undefined/status/1935297324756124114","1324360270412607488",
"1934077615742308477","Wed Jun 18 11:20:55 +0000 2025","0","@anothersideme23 Huhu Kak @anothersideme23 maafin udah bikin kesel. Buat kendala LOS pastiin kabel yg berwarna hitam/kuning ujung berwarna biru udah terpasang atau tertancap dengan kencang dan benar. Kalo masih ga bisa DMin nomor IndiHome serta atas nama siapa IndiHome nya. Tks -Ardhan","1935296663301812332","","anothersideme23","in","","0","0","0","https://x.com/undefined/status/1935296663301812332","1075673058931806208",
"1934988854840488408","Wed Jun 18 11:18:14 +0000 2025","0","@Subsub317 Kak @Subsub317 maafin udah bikin bete nih. Buat kendala LOS pastiin kabel yg berwarna hitam/kuning ujung berwarna biru udah terpasang atau tertancap dengan kencang dan benar. Kalo masih ga bisa DMin nomor IndiHome serta atas nama siapa IndiHome nya. Tks -Ardhan","1935295987951747263","","Subsub317","in","","0","0","0","https://x.com/undefined/status/1935295987951747263","1075673058931806208",
"1935295230112366734","Wed Jun 18 11:15:13 +0000 2025","0","indihome tobat jir kemarin 2 5 MB/s sekarang tembus 5 MB/s https://t.co/F9jxMrVvny","1935295230112366734","https://pbs.twimg.com/media/GtuMvtEaQAAhhRu.jpg","","in","","0","1","0","https://x.com/undefined/status/1935295230112366734","1562056779554779137",
"1935190626066420210","Wed Jun 18 11:14:01 +0000 2025","0","@IndiHome Ga mau mau aku putusin aja ini","1935294925987528932","","IndiHome","in","","0","0","0","https://x.com/undefined/status/1935294925987528932","1308804470042628097",
"1935190072154014011","Wed Jun 18 11:11:05 +0000 2025","0","@Taempyn Kenapa nih Kak @Taempyn akses internetnya gak bisa akses atau lambat? Coba infoin detailnya serta infoin juga nomor IndiHome dan atas nama biar datanya aman dan terjaga. Tks -Ardhan","1935294191124496799","","Taempyn","in","","0","1","0","https://x.com/undefined/status/1935294191124496799","1075673058931806208",
"1935190626066420210","Wed Jun 18 11:08:38 +0000 2025","0","@itsjrooms Ardhan cek belum ada DM dari Kak @itsjrooms nih. Boleh lanjutin di DM ya. Tks -Ardhan","1935293571470680413","","itsjrooms","in","","0","1","0","https://x.com/undefined/status/1935293571470680413","1075673058931806208",
"1935169357006655538","Wed Jun 18 11:04:33 +0000 2025","0","@ccacon Boleh Kak @ccacon . Yuk lanjutin di DM ya. Tks -Ardhan","1935292545258729644","","hutjawa","in","","0","0","0","https://x.com/undefined/status/1935292545258729644","1075673058931806208",
"1935291718720700537","Wed Jun 18 11:03:10 +0000 2025","0","@YSRNUCU @YSRNUCU Oke Kak ditunggu ya balasan DM-nya -Darlan","1935292196221252095","","YSRNUCU","in","","0","0","0","https://x.com/undefined/status/1935292196221252095","1075673058931806208",
"1935010410564112574","Wed Jun 18 11:03:09 +0000 2025","1","@UpikLucifer Kak @UpikLucifer . Kalo ada kendala IndiHOme nanti konfirmasi aja ya Kak sama Ardhan. Tks -Ardhan","1935292191896912226","","UpikLucifer","in","","0","0","0","https://x.com/undefined/status/1935292191896912226","1075673058931806208",
"1935291928633127418","Wed Jun 18 11:02:06 +0000 2025","0","@IndiHome min dah dari jam 10 ini masih lost","1935291928633127418","","IndiHome","in","","0","0","0","https://x.com/undefined/status/1935291928633127418","1070836289052655616",
"1935291718720700537","Wed Jun 18 11:01:16 +0000 2025","0","@IndiHome mohon cek DM untuk laporan keluhan saya. teirma kasih","1935291718720700537","","IndiHome","in","","0","1","0","https://x.com/undefined/status/1935291718720700537","101359138",
"1935290844254466546","Wed Jun 18 11:00:48 +0000 2025","0","@ccimeeng Sebel bgt ga Telkomsel ga indihome sama aja nyebelin","1935291599774495059","","ccimeeng","in","","0","1","0","https://x.com/undefined/status/1935291599774495059","950266131171823616",
"1935291510968434855","Wed Jun 18 11:00:26 +0000 2025","1","Lagi tanya2 soal wifi myrepublik mau ketik indihome malah indigo https://t.co/uMm40Dv3gf","1935291510968434855","https://pbs.twimg.com/media/GtuJXj8W8AE_M6Y.jpg","","in","","0","2","0","https://x.com/undefined/status/1935291510968434855","1169902615179583489",
"1935145950143725779","Wed Jun 18 11:00:05 +0000 2025","0","@kajeess27 Sini Kak @kajeess27 curhatin yuk kalo ada kendala IndiHome -Ardhan","1935291420744806911","","ccicilaw27","in","","0","0","0","https://x.com/undefined/status/1935291420744806911","1075673058931806208",
"1935280993545621799","Wed Jun 18 10:56:27 +0000 2025","0","@IndiHome Bukan minnn maksudnya series india typo min","1935290505283461439","","IndiHome","in","","0","0","0","https://x.com/undefined/status/1935290505283461439","1744233242415546368",
"1935289529012994204","Wed Jun 18 10:54:18 +0000 2025","0","@AlexsHakim @IndiHome @AlexsHakim Kak Alexs maaf ya. Coba infoin nomor HP lokasi (kelurahan kecamatan kota) dan nomor Telkomsel lain berkendala sama lewat DM. Nanti dibantu cek kendala jaringannya -Darlan","1935289966084637090","","AlexsHakim","in","","0","0","0","https://x.com/undefined/status/1935289966084637090","255409050",
"1935130534805651954","Wed Jun 18 10:53:49 +0000 2025","0","@wikuwibi Ardhan cek udah ada percakapan di DM nih Kak @wikuwibi . Yuk lanjutin di DM ya. Tks -Ardhan","1935289844017807824","","wikuwibi","in","","0","0","0","https://x.com/undefined/status/1935289844017807824","1075673058931806208",
"1935289509811470797","Wed Jun 18 10:53:27 +0000 2025","0","@simise_c @simise_c Baik. Ditunggu konfirmasi selanjutnya melalui DM yaa. Makasih :) -Dero","1935289752628215941","","simise_c","in","","0","0","0","https://x.com/undefined/status/1935289752628215941","1075673058931806208",
"1935224320269414721","Wed Jun 18 10:53:19 +0000 2025","0","@inddrrraaaa Okey Kak Indra. Sudah direspon dan lanjut interaksinya di DM ya makasih. -Nabil","1935289717005894078","","inddrrraaaa","in","","0","0","0","https://x.com/undefined/status/1935289717005894078","1075673058931806208",
"1935289619136004416","Wed Jun 18 10:52:55 +0000 2025","0","indihome lemot bgtttt ajgg kenapa dah","1935289619136004416","","","in","","0","1","0","https://x.com/undefined/status/1935289619136004416","1101264334984904704",
"1935216573821886805","Wed Jun 18 10:52:40 +0000 2025","0","@mhsdnr Aman Kak Mahesa. Sudah direspon dan lanjut interaksinya di DM ya makasih. -Nabil","1935289554032017431","","mhsdnr","in","","0","0","0","https://x.com/undefined/status/1935289554032017431","1075673058931806208",
"1935289529012994204","Wed Jun 18 10:52:34 +0000 2025","0","Mohon maaf nih @Telkomsel kok jaringan saya hilang dari siang ya. Padahal wifi @IndiHome by telkomsel bisa https://t.co/u7B0JcjJty","1935289529012994204","https://pbs.twimg.com/media/GtuHkjIbAAAL4Ec.jpg","","in","","0","1","0","https://x.com/undefined/status/1935289529012994204","1516613238112538627",
"1935289509811470797","Wed Jun 18 10:52:29 +0000 2025","0","@IndiHome kk cdm","1935289509811470797","","IndiHome","in","","0","1","0","https://x.com/undefined/status/1935289509811470797","1562811201767473153",
"1934937064052760958","Wed Jun 18 10:51:37 +0000 2025","0","@kiosmisyar Ardhan cek udah ada percakapan di DM nih Kak @kiosmisyar . Lanjutin di DM ya. Tks -Ardhan","1935289290847903938","","kiosmisyar","in","","1","0","0","https://x.com/undefined/status/1935289290847903938","1075673058931806208",
"1935289002418127302","Wed Jun 18 10:50:28 +0000 2025","0","Woi gua mau daftar indihome tapi ke-close tab review kontrak dan berakhir gabisa ngapa ngapain. Tapi ini banyak bngt yang ngechat buat bantu. Trusted kh","1935289002418127302","","","in","","0","1","0","https://x.com/undefined/status/1935289002418127302","1150976361562959874",
"1935106884303995199","Wed Jun 18 10:50:00 +0000 2025","0","@melatitegugur Okey Kak @melatitegugur . Yuk lanjutin di DM ya. Tks -Ardhan","1935288882863690095","","melatitegugur","in","","0","0","0","https://x.com/undefined/status/1935288882863690095","1075673058931806208",
"1935240349716464034","Wed Jun 18 10:49:30 +0000 2025","0","@labu6sj Aman Kak Aika. Sudah direspon dan lanjut interaksinya di DM ya makasih. -Nabil","1935288759672844326","","labu6sj","in","","0","0","0","https://x.com/undefined/status/1935288759672844326","1075673058931806208",
"1935271769390334202","Wed Jun 18 10:48:06 +0000 2025","0","@nuralka @nuralka Maapin ya Kak Nur :( Boleh dong konfirmasi kembali ke DM biar dibantu follow up dan rahasia data lebih terjaga. Makasih :) -Dero","1935288403739959299","","nuralka","in","","0","1","0","https://x.com/undefined/status/1935288403739959299","1075673058931806208",
"1935213368622923862","Wed Jun 18 10:47:39 +0000 2025","0","@dedenwahyudi @thestoryofnaa Sudah kami bantu follow up percepatan penanganan dan respon DM segera ya Kak Deden -Nabil","1935288292616061137","","dedenwahyudi","in","","0","0","0","https://x.com/undefined/status/1935288292616061137","1075673058931806208",
"1935242891418649037","Wed Jun 18 10:46:53 +0000 2025","0","@ichinomiyaki Siap Kak @ichinomiyaki. Sudah direspon dan lanjut interaksinya di DM ya makasih. -Nabil","1935288099766157741","","ichinomiyaki","in","","0","0","0","https://x.com/undefined/status/1935288099766157741","1075673058931806208",
"1935236701347266706","Wed Jun 18 10:46:27 +0000 2025","3","@LambeResing Info untuk pengguna jalur tulang ikan: sehubungan dengan konser Allobank yang ditayangkan di jam 7 malam ke atas maka MotoGP GP Italia hari Minggu disiarkan secara tunda... Alternative untuk menayangkan Race MotoGP Mugello: Vidio sama SPOTV (KVision MNC Indihome) https://t.co/CyTwaVJ97v","1935287990710157657","https://pbs.twimg.com/media/GtuGK9aWoAA2KDG.jpg","LambeResing","in","","0","0","2","https://x.com/undefined/status/1935287990710157657","711121638322872321",
"1935238961586389033","Wed Jun 18 10:46:05 +0000 2025","0","@dckchoi Aman Kak @dckchoi. Sudah direspon dan lanjut interaksinya di DM ya makasih. -Nabil","1935287897944637769","","dckchoi","in","","0","0","0","https://x.com/undefined/status/1935287897944637769","1075673058931806208",
"1935233629770428682","Wed Jun 18 10:45:16 +0000 2025","0","@wilonaanastasia Halo Kak Wilona. Infoin ke DM rincian aduan nomor IndiHome dan atas nama ya kami bantu lebih lanjut makasih. -Nabil","1935287694755770696","","aylabelleluv","in","","0","0","0","https://x.com/undefined/status/1935287694755770696","1075673058931806208",
"1935271769390334202","Wed Jun 18 10:45:05 +0000 2025","0","@IndiHome masih menyala merah. tadi pagi ada chat dari WA kalau teknisi datang sampai sekarang tidak ada kemajuan","1935287648463241367","","IndiHome","in","","0","1","0","https://x.com/undefined/status/1935287648463241367","73607968",
"1935238474078240805","Wed Jun 18 10:44:29 +0000 2025","0","@valeriavxy Hi Kak Valerie. Maaf ya Langkah awal pastikan terlebih dahulu kabel patch cord sudah terpasang atau tertancap dengan benar. Jika masih terkendala yuk infoin nomor IndiHome dan atas nama ke DM ya makasih. -Nabil","1935287493664080080","","valeriavxy","in","","0","0","0","https://x.com/undefined/status/1935287493664080080","1075673058931806208",
"1935287411816415505","Wed Jun 18 10:44:09 +0000 2025","0","Cek DM min @IndiHome","1935287411816415505","","","in","","0","1","0","https://x.com/undefined/status/1935287411816415505","819197594010124288",
"1935244300650189015","Wed Jun 18 10:44:05 +0000 2025","0","@friedamn Aman Kak Frieda. Sudah direspon dan lanjut interaksinya di DM ya makasih. -Nabil","1935287393067929893","","friedamn","in","","0","0","0","https://x.com/undefined/status/1935287393067929893","1075673058931806208",
"1935287076297273817","Wed Jun 18 10:42:49 +0000 2025","0","Saya abis pasang Indihome katanya free langganan prime video bisa disambungin ke tv. Tapi ini pas login tv ga bisa ditonton film2nya harus upgrade paket prime video. Gimana sih? @IndiHome @IndiHomeCare","1935287076297273817","","","in","","0","1","0","https://x.com/undefined/status/1935287076297273817","1710547656723120128",
"1935286639070429612","Wed Jun 18 10:41:05 +0000 2025","0","@IndiHome ka permisi boleh tolong di tindak lanjuti tidak ya? Internet saya dari hari sabtu kmrn lemot bgt. Pdhl harga tagihannya naik dari yg sblmnya. Saya juga sudah bayar tapi malah ga bisa di pake wifinya+jadi ngeluarin uang lagi buat beli paketan di HP.","1935286639070429612","","IndiHome","in","","0","1","0","https://x.com/undefined/status/1935286639070429612","165392332",
"1935285097290494325","Wed Jun 18 10:34:57 +0000 2025","0","@IndiHome @IndiHomeCare Internet gangguan. Sdh DM masih blm direspon. Makin jelek dan lemot layanannya.","1935285097290494325","","IndiHome","in","","0","0","0","https://x.com/undefined/status/1935285097290494325","3602547012",
"1935280993545621799","Wed Jun 18 10:32:21 +0000 2025","0","@fluffindaily Wuihh series apa tuh Kak? Pasti seru bgt yaa Enjoy terus bersama layanan IndiHome-nya ya Kak. -Draken","1935284443058683998","","fluffindaily","in","","0","1","0","https://x.com/undefined/status/1935284443058683998","1075673058931806208",
"1935276376619368958","Wed Jun 18 10:32:05 +0000 2025","0","@IndiHome udh kak udh aku dim gitu terus masalahnya","1935284374347645439","","IndiHome","in","","0","1","0","https://x.com/undefined/status/1935284374347645439","1673598824798130177",
"1935264005020692551","Wed Jun 18 10:29:25 +0000 2025","0","@IndiHome Lama responnya","1935283705255518679","","IndiHome","in","","0","0","0","https://x.com/undefined/status/1935283705255518679","3602547012",
"1935264005020692551","Wed Jun 18 10:29:14 +0000 2025","0","@IndiHome Blm direspon","1935283658203742685","","IndiHome","in","","0","0","0","https://x.com/undefined/status/1935283658203742685","3602547012",
"1935264005020692551","Wed Jun 18 10:27:03 +0000 2025","0","@IndiHome Cek dm","1935283107151888621","","IndiHome","tr","","0","0","0","https://x.com/undefined/status/1935283107151888621","3602547012",
"1935281368260596024","Wed Jun 18 10:25:14 +0000 2025","0","@shalalaitsu @shalalaitsu Hallo Kak Windy. Pelanggan IndiHome bisa ikut ya program Undi-Undi Hepi Kakak bisa tukarkan POIN melalui aplikasi MyTelkomsel dan untuk pemenang akan dihubungi ke nomor yang terdaftar. Semoga beruntung Kak -Zyad","1935282651826635130","","shalalaitsu","in","","0","0","0","https://x.com/undefined/status/1935282651826635130","255409050",
"1934882271854776493","Wed Jun 18 10:24:10 +0000 2025","0","@IndiHome Respon internet gangguan Jgn posting yg ngga jelas","1935282383638643078","","IndiHome","in","","0","1","0","https://x.com/undefined/status/1935282383638643078","3602547012",
"1935264005020692551","Wed Jun 18 10:22:32 +0000 2025","0","@dewa_hh @dewa_hh Maaf Kak Dewa. Mengenai kendala jaringan IndiHome coba infoin dulu yuk ke DM nomor IndiHome sama atas nama biar dibantu cek serta privasi data tetap terjaga. Makasih :) -Zyad","1935281970952683617","","dewa_hh","in","","0","3","0","https://x.com/undefined/status/1935281970952683617","1075673058931806208",
"1935164512568754391","Wed Jun 18 10:20:20 +0000 2025","0","@IndiHome Layanan internet gangguan Mhn direspon","1935281416998400211","","IndiHome","in","","0","0","0","https://x.com/undefined/status/1935281416998400211","3602547012",
"1935279962891985083","Wed Jun 18 10:19:37 +0000 2025","0","@nino_fredi @IndiHome @nino_fredi Maaf ya Kak :( Yuk konfirmasi ke DM kembali biar dibantu follow up dan rahasia data lebih terjaga. Makasih :) -Dero","1935281239147299287","","nino_fredi","in","","0","0","0","https://x.com/undefined/status/1935281239147299287","255409050",
"1935264005020692551","Wed Jun 18 10:19:36 +0000 2025","0","@IndiHome Internet gangguan.. Tlg dibantu","1935281235523436631","","IndiHome","in","","0","1","0","https://x.com/undefined/status/1935281235523436631","3602547012",
"1935276376619368958","Wed Jun 18 10:19:01 +0000 2025","0","@lunarossee Huhu maafin Kakkk Apakah terdapat LOS merah pada modemnya? Yuk sini dibantu cek jaringan IndiHome-nya. -Draken","1935281088039108687","","lunarossee","in","","0","1","0","https://x.com/undefined/status/1935281088039108687","1075673058931806208",
"1935280993545621799","Wed Jun 18 10:18:39 +0000 2025","0","Baru buka sosmed lagi gara2 marathon series indihome aca aca wkwk bener2 dahh ini yg series pertama stop dulu nyari series india lainnya","1935280993545621799","","","in","","0","1","0","https://x.com/undefined/status/1935280993545621799","1744233242415546368",
"1935279962891985083","Wed Jun 18 10:15:09 +0000 2025","0","@Telkomsel Upgrade @IndiHome hampir sebulan ga naik2 solusinya?","1935280112217506074","","Telkomsel","in","","0","1","0","https://x.com/undefined/status/1935280112217506074","423181381",
"1904495986405261515","Wed Jun 18 10:13:20 +0000 2025","0","@IndiHomeCare @IndiHome Cek DM udah dari pagi no respon","1935279655713653161","","IndiHomeCare","in","","0","0","0","https://x.com/undefined/status/1935279655713653161","755136236696711168",
"1935279245724631454","Wed Jun 18 10:11:42 +0000 2025","0","Meskipun x ini cm bs dpt cat 2 tp yg penting aku sdh berjuang dgn inet indihome yg yah gt d ","1935279245724631454","","","in","","0","0","0","https://x.com/undefined/status/1935279245724631454","1423686443738615810",
"1935140875094655377","Wed Jun 18 10:08:40 +0000 2025","0","@Hi_GenZi Huhuh maaf Kak. Boleh dishare rincian aduan no IndiHome dan atas nama ke DM kami bantu maksimal penanganannya. -Nabil","1935278482994642992","","Hi_GenZi","in","","0","0","0","https://x.com/undefined/status/1935278482994642992","1075673058931806208",
"1935171266794897574","Wed Jun 18 10:07:18 +0000 2025","0","@parkjjeongz Okey Kak Asya. Sudah dibantu follow up percepatan dan penanganan aduannya ya. -Nabil","1935278137463685247","","parkjjeongz","in","","0","0","0","https://x.com/undefined/status/1935278137463685247","1075673058931806208",
"1935173808388026666","Wed Jun 18 10:05:23 +0000 2025","0","@LagibotakBro Kak maaf ya salah satu penyebab koneksi tidak stabil adalah banyak device terhubung. Kami bantu tindak lanjuti yuk infoin nomor IndiHome dan atas nama ke DM makasih. -Nabil","1935277654187606375","","LagibotakBro","in","","0","0","0","https://x.com/undefined/status/1935277654187606375","1075673058931806208",
"1935171170183299344","Wed Jun 18 10:03:59 +0000 2025","0","@michiramyeon Siaap Kak lanjut interaksinya di DM ya Kak -Nabil","1935277305338937550","","michiramyeon","in","","0","0","0","https://x.com/undefined/status/1935277305338937550","1075673058931806208",
"1935198533935841630","Wed Jun 18 10:03:33 +0000 2025","0","@mukakuluvcu Mohon maaf Kak Buat keamanan data bisa hapus postingan karena ada no IndiHomenya. Bisa lanjut interaksinya di DM untuk penanganan lebih lanjut makasih. -Nabil","1935277192336003531","","mukakuluvcu","in","","0","0","0","https://x.com/undefined/status/1935277192336003531","1075673058931806208",
"1935275073918947368","Wed Jun 18 10:02:46 +0000 2025","0","@AllIWantIsYG Huhu maafin Kakk Kurang optimalnya saat akses apa saja? Infoin detailnya via DM @IndiHome ya supaya bisa dibantu tindaklanjuti. -Draken","1935276997770711508","","AllIWantIsYG","in","","0","0","0","https://x.com/undefined/status/1935276997770711508","1075673058931806208",
"1935271769390334202","Wed Jun 18 10:01:18 +0000 2025","0","@nuralka DM nya sdh dicek ya Kak. Maaf atas kejadian yg dialaminya Jika sudah memastikan kabel patchcord nya terpasang dengan benar dan kencang tapi masih tdk bisa. Penanganan selanjutnya hubungi Draken via DM @IndiHome ya. -Draken","1935276627317125517","","nuralka","in","","0","1","0","https://x.com/undefined/status/1935276627317125517","1075673058931806208",
"1935197596945170437","Wed Jun 18 10:00:27 +0000 2025","0","@fIavourt Aman Kak @fIavourt. Lanjut interaksinya di DM ya makasih -Nabil","1935276412828852328","","fIavourt","in","","0","0","0","https://x.com/undefined/status/1935276412828852328","1075673058931806208",
"1935276376619368958","Wed Jun 18 10:00:18 +0000 2025","0","INDIHOME KNP SIH BERMASALAH MULU","1935276376619368958","","","in","","0","1","0","https://x.com/undefined/status/1935276376619368958","1673598824798130177",
"1934841454918291790","Wed Jun 18 09:59:18 +0000 2025","0","@nyaankonyaan Maaf Kak kami bantu cek dan atasi aduannya. Yuk infoin nomor IndiHome dan atas nama ke DM makasih. -Nabil","1935276123006583228","","nyaankonyaan","in","","0","0","0","https://x.com/undefined/status/1935276123006583228","1075673058931806208",
"1935276014105772045","Wed Jun 18 09:58:52 +0000 2025","0","@IndiHome @IndiHomeCare Halo kenapa akhir akhir ini jaringan indihome suka loss ya? tolong bebenah dong cape bgt asal gangguan sore gini terus sampe malam. Ntar baru datang teknisi nya Besok mohon bantuannya. Saya sudah DM no internet saya.","1935276014105772045","","IndiHome","in","","0","0","0","https://x.com/undefined/status/1935276014105772045","1673598824798130177",
"1935274623496786412","Wed Jun 18 09:58:09 +0000 2025","0","@pelangi_0807 @pelangi_0807 Hallo Kak mengenai email yang terdaftar lupa passwordnya coba Kakak infoin dulu yuk ke DM nomor IndiHome sama atas nama biar dibantu cek serta privasi data terjaga. Makasih :) -Zyad","1935275837022159324","","pelangi_0807","in","","0","0","0","https://x.com/undefined/status/1935275837022159324","1075673058931806208",
"1935200145311744355","Wed Jun 18 09:57:54 +0000 2025","0","@ecaatuhh Helo Kak. Kami himbau untuk tetap hati hati dengan pihak yg mengatasnamakan IndiHome ya. Kakak bisa abaikan karena sudah tidak berlangganan IndiHome. -Nabil","1935275774250242249","","ecaatuhh","in","","0","0","0","https://x.com/undefined/status/1935275774250242249","1075673058931806208",
"1935188998169006332","Wed Jun 18 09:57:49 +0000 2025","1","@bimoheryprabowo Mimin sdh baca thread Kakak nih informatif bgt Kakk Kalau nantinya terdapat pertanyaan seputar layanan IndiHome Kakak bisa lho langsung tanya-tanya mimin di DM -Draken","1935275752179777925","","bimoheryprabowo","in","","0","0","0","https://x.com/undefined/status/1935275752179777925","1075673058931806208",
"1935275307864572342","Wed Jun 18 09:56:03 +0000 2025","0","Kapan direspon sih? Lama banget @IndiHome @IndiHomeCare","1935275307864572342","","","in","","0","0","0","https://x.com/undefined/status/1935275307864572342","1918640208532369408",
"1935275301191434471","Wed Jun 18 09:56:02 +0000 2025","0","@primevideoid kak saya habis selesai migrasi paket indihome. dapat gratis OTT prime video nah email saya yg terdaftar sudah lupa kata sandi dan tidak aktif. Solusinya bagaimana supaya bisa akses apk tsb ka?","1935275301191434471","","primevideoid","in","","0","0","0","https://x.com/undefined/status/1935275301191434471","1644064939882188800",
"1935191132813803757","Wed Jun 18 09:55:51 +0000 2025","0","@ravynzy_ Maafin Kak Kami bantu cek dan tindaklanjutim silakan infokan nomor internet dan atas nama ke DM makasih. -Nabil","1935275258350813433","","ravynzy_","in","","0","0","0","https://x.com/undefined/status/1935275258350813433","1075673058931806208",
"1935001708524114008","Wed Jun 18 09:54:35 +0000 2025","0","@adonankue31 Aman Kak. Lanjut interaksinya di DM ya makasih -Nabil","1935274938908434770","","adonankue31","in","","0","0","0","https://x.com/undefined/status/1935274938908434770","1075673058931806208",
"1935192674539315623","Wed Jun 18 09:54:27 +0000 2025","0","@NSaysInX Maafin jadi terganggu bermain game nya Kak Jaringan IndiHome-nya berkendala sejak kapan Kak? Yuk infoin detailnya supaya bisa dibantu lebih lanjut. -Draken","1935274905517658517","","NSaysInX","in","","0","0","0","https://x.com/undefined/status/1935274905517658517","1075673058931806208",
"1935274623496786412","Wed Jun 18 09:53:20 +0000 2025","0","@IndiHome kak saya habis selesai migrasi paket dapat gratis OTT prime video nah email saya yg terdaftar sudah lupa kata sandi dan tidak aktif. Solusinya bagaimana supaya bisa akses OTT tsb ka?","1935274623496786412","","IndiHome","in","","0","1","0","https://x.com/undefined/status/1935274623496786412","1644064939882188800",
"1934982812068978943","Wed Jun 18 09:52:57 +0000 2025","0","@RidwanSaputrra Okeyy Kak Ridwan. Lanjut interaksinya disana ya -Nabil","1935274524972552357","","RidwanSaputrra","in","","0","0","0","https://x.com/undefined/status/1935274524972552357","1075673058931806208",
"1935207650033287361","Wed Jun 18 09:52:03 +0000 2025","0","@AankInsani @AankInsani Mohon maaf ya Kak Aank. Kakak bisa konfirmasi lagi melalui DM ya biar rekan Zyad bantu penanganan dan follow up lebih lanjut lagi. Makasih :) -Zyad","1935274302162755714","","AankInsani","in","","0","0","0","https://x.com/undefined/status/1935274302162755714","1075673058931806208",
"1935211832626880633","Wed Jun 18 09:51:43 +0000 2025","0","@idedek Pastikan devicenya tidak jauh dari sinyal modem ya Kak. Jika masih terkendala cuzz DM nomor internetnya untuk dicek lebih lanjut -Indah","1935274216036958331","","idedek","in","","0","0","0","https://x.com/undefined/status/1935274216036958331","1075673058931806208",
"1935220770411790811","Wed Jun 18 09:51:42 +0000 2025","0","@vierraism Huhu maafin Kakk Yuk sini sini Draken bantu cek jaringan IndiHome-nya -Draken","1935274212140474730","","vierraism","in","","0","0","0","https://x.com/undefined/status/1935274212140474730","1075673058931806208",
"1935211832626880633","Wed Jun 18 09:51:06 +0000 2025","0","@zoehyunnie Pastikan devicenya tidak jauh dari sinyal modem ya Kak. Kalo sekarang jaringannya aman aja kan? -Indah","1935274061741048229","","zoehyunnie","in","","0","0","0","https://x.com/undefined/status/1935274061741048229","1075673058931806208",
"1935164512568754391","Wed Jun 18 09:49:56 +0000 2025","0","@ShimSuRyeon15 Siaap Kak Shim kami bantu cek dan tindaklanjuti. Kuy infoin no IndiHome dan atas nama ke DM makasih. -Nabil","1935273768315924697","","ShimSuRyeon15","in","","0","0","0","https://x.com/undefined/status/1935273768315924697","1075673058931806208",
"1935207650033287361","Wed Jun 18 09:48:31 +0000 2025","0","@IndiHome Harus nunggu sampe kapan?","1935273412878024851","","IndiHome","in","","0","1","0","https://x.com/undefined/status/1935273412878024851","3165265970",
"1934939292096475371","Wed Jun 18 09:48:26 +0000 2025","0","@IndiHome Sudah min... Teknisi juga sudah datang n koneksi kembali lancar","1935273392078471298","","IndiHome","in","","0","1","0","https://x.com/undefined/status/1935273392078471298","798563634",
"1935164512568754391","Wed Jun 18 09:48:13 +0000 2025","0","@a_iwank Siap Kak Iwank sudah ya. Lanjut interaksinya disana makasih. -Nabil","1935273334813725147","","a_iwank","in","","0","0","0","https://x.com/undefined/status/1935273334813725147","1075673058931806208",
"1935264644916281504","Wed Jun 18 09:48:02 +0000 2025","0","@ikeumgt Maafin jadi terhambat aktivitasnya Kak Apakah terdapat LOS merah pada modemnya? Infoin detail kendalanya via DM @IndiHome ya supaya bisa dibantu lebih lanjut. -Draken","1935273291524227419","","ikeumgt","in","","0","0","0","https://x.com/undefined/status/1935273291524227419","1075673058931806208",
"1935164512568754391","Wed Jun 18 09:46:59 +0000 2025","0","@KrisnaKris65944 Helo Kak Kris. Kami bantu cek ya infoin nomor IndiHome dan atas nama ke DM makasih. -Nabil","1935273023445287065","","KrisnaKris65944","in","","0","0","0","https://x.com/undefined/status/1935273023445287065","1075673058931806208",
"1935264607670833466","Wed Jun 18 09:46:30 +0000 2025","0","@mbak_galz Maaf jadi terganggu aktivitasnya Kak Jika sudah memastikan kabel patchcordnya terpasang dengan benar dan kencang tapi masih tdk bisa. Penanganan selanjutnya hubungi Draken via DM @IndiHome ya. -Draken","1935272903182008474","","mbak_galz","in","","0","0","0","https://x.com/undefined/status/1935272903182008474","1075673058931806208",
"1935164512568754391","Wed Jun 18 09:46:29 +0000 2025","0","@Nitss_ Huhuh maaf ya Kak Infokan nomor IndiHome dan atas nama ke DM kami bantu cek dan tindaklanjuti -Nabil","1935272900044669277","","Nitss_","in","","0","0","0","https://x.com/undefined/status/1935272900044669277","1075673058931806208",
"1935164512568754391","Wed Jun 18 09:45:40 +0000 2025","0","@SebelasTeratai Hi Kak. Bisa kami bantu aduan IndiHome-nya yuk infokan rincian aduan nomor IndiHome dan atas nama ke DM makasih. -Nabil","1935272693445828651","","SebelasTeratai","in","","0","1","0","https://x.com/undefined/status/1935272693445828651","1075673058931806208",
"1935258960950681978","Wed Jun 18 09:44:53 +0000 2025","0","@Djenhar Maaf atas kendala yg dialaminya ya Kak Supaya Draken bisa bantu tindaklanjuti dari permintaan migrasi paketnya. Penanganan selanjutnya dilanjutkan via DM @IndiHome ya. -Draken","1935272498200989980","","Djenhar","in","","0","1","0","https://x.com/undefined/status/1935272498200989980","1075673058931806208",
"1934939292096475371","Wed Jun 18 09:44:51 +0000 2025","0","@haryfaizals Maafin Kak Hary sudah direspon rekan Nabil DM-nya ya. -Nabil","1935272487828472071","","haryfaizals","in","","0","0","0","https://x.com/undefined/status/1935272487828472071","1075673058931806208",
"1934939292096475371","Wed Jun 18 09:44:15 +0000 2025","0","@ekosuslo Aman Kak Eko Lanjut interaksinya disana ya -Nabil","1935272336636395749","","ekosuslo","in","","0","0","0","https://x.com/undefined/status/1935272336636395749","1075673058931806208",
"1934939292096475371","Wed Jun 18 09:43:32 +0000 2025","0","@Naruu_mee Masama Kak Naru DM sudah direspon dan lanjut interaksinya disana ya Kak makasih -Nabil","1935272156893692302","","Naruu_mee","in","","0","0","0","https://x.com/undefined/status/1935272156893692302","1075673058931806208",
"1904495986405261515","Wed Jun 18 09:43:15 +0000 2025","0","@SebelasTeratai Hi Kak maaf ya atas kendala yg dialaminya Apakah terdapat LOS merah pada modemnya? Interaksinya dilanjutkan via DM @IndiHome ya supaya bisa dibantu lebih lanjut. -Draken","1935272084919435736","","SebelasTeratai","in","","0","1","0","https://x.com/undefined/status/1935272084919435736","1075673058931806208",
"1934939292096475371","Wed Jun 18 09:42:53 +0000 2025","0","@DaddyAshari Kak Deddy halo Sudah direspon ya sama rekan kami DM-nya. -Nabil","1935271994012172352","","DaddyAshari","in","","0","1","0","https://x.com/undefined/status/1935271994012172352","1075673058931806208",
"1934939292096475371","Wed Jun 18 09:42:01 +0000 2025","0","@aksashl Sudah direspon rekan Nabil ya Kak -Nabil","1935271776508068237","","aksashl","in","","0","0","0","https://x.com/undefined/status/1935271776508068237","1075673058931806208",
"1935262303978668439","Wed Jun 18 09:41:36 +0000 2025","0","@azshunstore Maafin jadi terganggu bermain game nya Kak Jaringan IndiHome-nya berkendala sejak kapan? Yuk sini dibantu cek lebih lanjut. -Draken","1935271671570776354","","azshunstore","in","","0","0","0","https://x.com/undefined/status/1935271671570776354","1075673058931806208",
"1934939292096475371","Wed Jun 18 09:41:34 +0000 2025","0","@sarulrdn Halo Kak Bulan Sudah ya lanjut interaksinya di DM makasih. -Nabil","1935271663924560234","","sarulrdn","in","","0","0","0","https://x.com/undefined/status/1935271663924560234","1075673058931806208",
"1934882271854776493","Wed Jun 18 09:40:58 +0000 2025","0","@kktaeee Aman Kak. Sudah direspon DM-nya. -Nabil","1935271509528035681","","kktaeee","in","","0","0","0","https://x.com/undefined/status/1935271509528035681","1075673058931806208",
"1935258532280156449","Wed Jun 18 09:40:25 +0000 2025","0","@dzearest Sabarr Kakkk Kurang optimalnya sejak kapan? Kalau akses aplikasi atau website lain aman gak Kak? Yuk infoin detailnya. -Draken","1935271373175407064","","dzearest","in","","0","0","0","https://x.com/undefined/status/1935271373175407064","1075673058931806208",
"1934882271854776493","Wed Jun 18 09:37:54 +0000 2025","0","@aceptao_ @IndiHomeCare Mohon maaf Kak untuk Aduannya Kakak bisa DM ke akun @IndiHome ya makasih. -Nabil","1935270738711429382","","aceptao_","in","","0","0","0","https://x.com/undefined/status/1935270738711429382","1075673058931806208",
"1934793869234983420","Wed Jun 18 09:37:02 +0000 2025","0","@wolffgang99_ Sudah ya Kak lanjut interaksinya disana terima kasih. -Nabil","1935270519550656997","","wolffgang99_","in","","0","0","0","https://x.com/undefined/status/1935270519550656997","1075673058931806208",
"1935244714762191140","Wed Jun 18 09:36:23 +0000 2025","0","@IndiHome Udah aku DM yaaaaaa. Cepet balas","1935270355976995066","","IndiHome","in","","0","1","0","https://x.com/undefined/status/1935270355976995066","1918640208532369408",
"1934793869234983420","Wed Jun 18 09:34:03 +0000 2025","0","@AKun118034985 Sudah ya Kak mohon ditunggu updatenya -Nabil","1935269769940488238","","AKun118034985","in","","0","0","0","https://x.com/undefined/status/1935269769940488238","1075673058931806208",
"1934793869234983420","Wed Jun 18 09:33:41 +0000 2025","0","@AKun118034985 Permintaan migrasi dalam progres ya Kak sudah difollow up ditunggu updatenya dan lanjut interaksi di DM makasih. -Nabil","1935269678861140089","","AKun118034985","in","","0","0","0","https://x.com/undefined/status/1935269678861140089","1075673058931806208",
"1935268800238424243","Wed Jun 18 09:30:12 +0000 2025","0","@indibizcare hallo min kalo mau daftar indihome an. PT kalau untuk KTP PIC itu apakah bisa pake KTP yg udh pernah daftar indihome?","1935268800238424243","","indibizcare","in","","0","1","0","https://x.com/undefined/status/1935268800238424243","1850521308",
"1935267177197875545","Wed Jun 18 09:26:22 +0000 2025","0","@SarahMeutia5 @SarahMeutia5 Sore Kak Sarah. Maaf kalo sinyalnya masih gak stabil. Disarankan konfirmasi kembali ke DM yuk buat dicek :) -Joan","1935267838010503225","","SarahMeutia5","in","","0","1","0","https://x.com/undefined/status/1935267838010503225","1075673058931806208",
"1935221617527042146","Wed Jun 18 09:25:50 +0000 2025","0","@KevinNovaldo Biar Timi bantu penanganan lebih lanjut DM Timi ke akun @IndiHome ya -Timi","1935267702941405492","","KevinNovaldo","in","","0","0","0","https://x.com/undefined/status/1935267702941405492","1075673058931806208",
"1935258899420168691","Wed Jun 18 09:24:30 +0000 2025","0","@saltforyourtea Maaf ya Kak. Timi informasikan jika Kakak ingin melakukan pemasangan baru untuk layanan Bisnis bisa hubungi rekan kami di akun X @indibizcare -Timi","1935267365786427613","","saltforyourtea","in","","0","0","0","https://x.com/undefined/status/1935267365786427613","1075673058931806208",
"1935267177197875545","Wed Jun 18 09:23:45 +0000 2025","0","@IndiHome min ini kenapa ya sinyal internetnya ilang2 timbul gitu?","1935267177197875545","","IndiHome","in","","0","2","0","https://x.com/undefined/status/1935267177197875545","1107994739498872832",
"1935255608594415947","Wed Jun 18 09:21:46 +0000 2025","0","@nandaradit Maaf ya Kak Nanda. Timi cek jaringannya terindikasi LOS Merah pastikan kabel patch cord (berwarna hitam/kuning ujung berwarna biru) terpasang benar. Tunggu sampai lampu power PON/LINK internet dan WiFi pada modem menyala. Jika masih belum bisa DM ke @IndiHome ya -Timi","1935266677345923430","","nandaradit","in","","0","0","0","https://x.com/undefined/status/1935266677345923430","1075673058931806208",
"1935264005020692551","Wed Jun 18 09:21:43 +0000 2025","0","@IndiHome min ini wifi error dari jam 12 ya Tuhan lagi kerja jadi terhambat","1935266664993722713","","IndiHome","in","","0","1","0","https://x.com/undefined/status/1935266664993722713","1438158782924689416",
"1935244714762191140","Wed Jun 18 09:20:14 +0000 2025","0","@melatitegugur Maaf ya jadi terganggu aktivitasnya Kak. Supaya bisa dibantu tindaklanjuti dari jaringan IndiHome-nya interaksinya dilanjutkan via DM @IndiHome ya Kak -Timi","1935266291566395735","","melatitegugur","in","","0","1","0","https://x.com/undefined/status/1935266291566395735","1075673058931806208",
"1935264005020692551","Wed Jun 18 09:11:08 +0000 2025","1","Daripada kebawa mimpi episode selanjutnya mending lanjut dulu sampe selesai #IndiHomebyTelkomsel #DariRumahTanpaBatas https://t.co/i6uX2zp9Op","1935264005020692551","https://pbs.twimg.com/tweet_video_thumb/GttwWbjXAAErEWp.jpg","","in","","0","7","0","https://x.com/undefined/status/1935264005020692551","1075673058931806208",
"1935175299853160847","Wed Jun 18 09:09:48 +0000 2025","0","@IndiHome @IndiHomeCare @indihomejkt @TelkomIndonesia TANYA KAN KE BOSS ANDA TIDAK PERLU DM CEK iD PERUBAHAN MOk425053105152063301b190 MOk425053105152063301b190","1935263666590597249","","IndiHome","in","","0","0","0","https://x.com/undefined/status/1935263666590597249","68603320",
"1935262973964239206","Wed Jun 18 09:07:03 +0000 2025","0","@IndiHome halo min mau tanya tentang downgrade indihome nih aku chat Vero di mytelkomsel tdk membantu wkwk jdi aku posisi lagi paket 3p 30mbps mau ganti ke 1p 100mbps itu prosedurnya gimana ya?","1935262973964239206","","IndiHome","in","","0","0","0","https://x.com/undefined/status/1935262973964239206","830436459651833856",
"1935175299853160847","Wed Jun 18 09:06:30 +0000 2025","0","@IndiHome @IndiHomeCare @indihomejkt @TelkomIndonesia IndiHome @IndiHomeCare @indihomejkt ID PERMINTAAN MOk425053105152063301b190 APAKAH MASIH KURANG DATA NYA SILAHKAN ANDA CEK PERMINTAAN SEJAK 31 MEI 2025","1935262838299455774","","IndiHome","in","","0","0","0","https://x.com/undefined/status/1935262838299455774","68603320",
"1935175299853160847","Wed Jun 18 09:05:36 +0000 2025","0","@Djenhar @IndiHomeCare @indihomejkt @TelkomIndonesia @Djenhar Kak mohon maaf yaa. Sabil cek DM dari Kakak belum masuk konfirmasi ke DM agar dibantu pengecekan yaa. Kakak bisa hapus nomor di postingan agar privasi terjaga. Makasih ;)-Sabil","1935262612708802965","","Djenhar","in","","0","1","0","https://x.com/undefined/status/1935262612708802965","1075673058931806208",
"1935262303978668439","Wed Jun 18 09:04:23 +0000 2025","0","Indihome taiiii lagi quest malah hilang sinyal jadi ngulang","1935262303978668439","","","in","","0","1","0","https://x.com/undefined/status/1935262303978668439","1720293097190612992",
"1935175299853160847","Wed Jun 18 09:04:09 +0000 2025","0","@Djenhar @IndiHomeCare @indihomejkt @TelkomIndonesia @Djenhar Baik Kak. Mohon ditunggu proses laporannya ya dan bisa dicek berkala prosesnya di MyTelkomsel :) -Joan","1935262246176964809","","Djenhar","in","","0","0","0","https://x.com/undefined/status/1935262246176964809","1075673058931806208",
"1935175299853160847","Wed Jun 18 09:02:54 +0000 2025","0","@IndiHome @IndiHomeCare @indihomejkt @TelkomIndonesia CEK SAJA NO MOk425053105152063301b190","1935261930861842709","","IndiHome","in","","0","1","0","https://x.com/undefined/status/1935261930861842709","68603320",
"1935175299853160847","Wed Jun 18 09:01:26 +0000 2025","0","@IndiHome @IndiHomeCare @indihomejkt @TelkomIndonesia UNTUK APA DM SAYA SUDAH CALL LANGSUNG DAN DATA TICKET SUDAH ADA...JAWABAN KLISE","1935261563562475770","","IndiHome","in","","0","1","0","https://x.com/undefined/status/1935261563562475770","68603320",
"1935175299853160847","Wed Jun 18 09:00:05 +0000 2025","0","@Djenhar @IndiHomeCare @indihomejkt @TelkomIndonesia Maaf Kak @Djenhar terkait perubahan paket boleh DM nomor internet dan atas nama biar dicek updatenya -Nesya","1935261223693725802","","Djenhar","in","","0","1","0","https://x.com/undefined/status/1935261223693725802","1075673058931806208",
"1935175299853160847","Wed Jun 18 08:58:45 +0000 2025","0","@Djenhar @IndiHomeCare @indihomejkt @TelkomIndonesia @Djenhar Kak maaf ya. Sakia tunggu konfirmasinya di DM ya untuk dibantu lebih lanjut. Makasih :) -Sakia","1935260884995293418","","Djenhar","in","","0","2","0","https://x.com/undefined/status/1935260884995293418","1075673058931806208",
"1935175299853160847","Wed Jun 18 08:57:10 +0000 2025","0","@IndiHome @IndiHomeCare @indihomejkt @TelkomIndonesia BAGAIMANA DENGAN PRLANGGAN BARU ATAU YANG AKAN BERLANGGANAN","1935260487375274255","","Djenhar","in","","0","1","0","https://x.com/undefined/status/1935260487375274255","68603320",
"1935175299853160847","Wed Jun 18 08:56:28 +0000 2025","0","@IndiHome @IndiHomeCare @indihomejkt @TelkomIndonesia JAWABAN DAN JANJI YANG SAMA YANG SUDAH DIUCAPKAN LEBIH DARI 5 CS INDIHOME TANPA DIPROSES LEBIH DARI 2 BULAN HANYA UNTUK PERUBAHAN PAKET DARI PELANGGAN YANG SDH LEBIH 7 TAHUN.","1935260310597996682","","IndiHome","in","","0","2","0","https://x.com/undefined/status/1935260310597996682","68603320",
"1935259484747874553","Wed Jun 18 08:53:11 +0000 2025","0","Migrasi Paket IndiHome Sangat Lambat https://t.co/h2EkioGk7u lewat @MediaKonsumenID","1935259484747874553","","","in","","0","0","0","https://x.com/undefined/status/1935259484747874553","1782030006908325888",
"1935258587917599045","Wed Jun 18 08:49:37 +0000 2025","0","Sampai Kapan Saya Harus Menunggu Proses Migrasi IndiHome? https://t.co/JIeR4p94dw lewat @MediaKonsumenID","1935258587917599045","","","in","","0","0","0","https://x.com/undefined/status/1935258587917599045","1782030006908325888",
"1935255608594415947","Wed Jun 18 08:40:16 +0000 2025","0","@IndiHomeCare @IndiHome aku x elu cuma bwt minta maaf aja ya min..?? kasih solusi kek kali²","1935256236519567581","","nandaradit","in","","0","0","0","https://x.com/undefined/status/1935256236519567581","22191280",
"1935254740662992999","Wed Jun 18 08:34:20 +0000 2025","0","@IndiHomeCare @IndihomeJTD @IndiHome WIFI RUMAH TROUBLE HARAP BALAS DM TERIMAKASIH","1935254740662992999","","IndiHomeCare","in","","0","0","0","https://x.com/undefined/status/1935254740662992999","1521396276",
"1935222200640078239","Wed Jun 18 08:33:36 +0000 2025","0","@IndiHome @IndiHomeCare Halooo minnn harap balas DM","1935254558860787752","","IndiHome","in","","0","0","0","https://x.com/undefined/status/1935254558860787752","1521396276",
"1935237678381031610","Wed Jun 18 08:32:00 +0000 2025","0","@IndiHome Cek dm kak","1935254154588602863","","IndiHome","in","","0","0","0","https://x.com/undefined/status/1935254154588602863","1373094436939309058",
"1935254088481943763","Wed Jun 18 08:31:44 +0000 2025","0","Migrasi Paket IndiHome Sangat Lambat | cc @IndiHomeCare https://t.co/Fe0LJugivw","1935254088481943763","","","in","","0","0","0","https://x.com/undefined/status/1935254088481943763","1117529034",
"1935233234444632340","Wed Jun 18 08:27:59 +0000 2025","0","@IndiHome terima kasih banyak Timi ","1935253142117167309","","IndiHome","in","","0","0","0","https://x.com/undefined/status/1935253142117167309","1535178443599794176",
"1935224345640714340","Wed Jun 18 08:24:28 +0000 2025","0","@IndiHome @IndiHomeCare Cek dm lagi min","1935252259237159075","","IndiHome","in","","0","0","0","https://x.com/undefined/status/1935252259237159075","1313170560",
"1935153192679154038","Wed Jun 18 08:18:29 +0000 2025","0","@pisangkremesss Halo Kak Gunain IndiHome juga kah? Gimana jaringannya aman aja kan? -Indah","1935250752232112545","","pisangkremesss","in","","0","0","0","https://x.com/undefined/status/1935250752232112545","1075673058931806208",
"1935244300650189015","Wed Jun 18 08:12:28 +0000 2025","0","@IndiHome Done cek dm tolong yqZ ganggu banget kabelnya bahaya banget","1935249237392114122","","IndiHome","in","","0","1","0","https://x.com/undefined/status/1935249237392114122","68348716",
"1935244714762191140","Wed Jun 18 08:09:42 +0000 2025","0","@IndiHomeCare @IndiHome Udah ye modem masih nyala lampu masih merah. Udh direstart segala macem masih aja. Udah gw DM dari tadi subuh bahkan","1935248543016694045","","IndiHomeCare","in","","0","1","0","https://x.com/undefined/status/1935248543016694045","1918640208532369408",
"1935248232831140005","Wed Jun 18 08:08:28 +0000 2025","0","indihome jelek bgtt kalo ujan ajg","1935248232831140005","","","in","","0","1","0","https://x.com/undefined/status/1935248232831140005","1262972913487163393",
"1934925323247997375","Wed Jun 18 08:05:12 +0000 2025","0","@IndiHome Bacot ah dari tdi itu terus sampe skrg aj ga ad tuh hubungi","1935247409598312741","","IndiHome","in","","0","0","0","https://x.com/undefined/status/1935247409598312741","1308804470042628097",
"1935164512568754391","Wed Jun 18 08:03:24 +0000 2025","0","@IndiHome dari pagi internetku nda terhubung ke hp dan tv nih kak padahal lagi terang benderang gak ada hujan badai","1935246959343976696","","IndiHome","in","","0","1","0","https://x.com/undefined/status/1935246959343976696","753013748",
"1935244300650189015","Wed Jun 18 08:01:35 +0000 2025","0","@friedamn Maafin yah Kak Frieda. Biar Timi bantu pengecekan lebih lanjut boleh infokan alamat detail-nya melalui DM @IndiHome? Ditunggu konfirmasi selanjutnya -Timi","1935246498561933568","","friedamn","in","","0","1","0","https://x.com/undefined/status/1935246498561933568","1075673058931806208",
"1935245489571819709","Wed Jun 18 07:57:34 +0000 2025","0","gue beneran najis bgt sama indihome kl ujan","1935245489571819709","","","in","","0","0","0","https://x.com/undefined/status/1935245489571819709","1416966801401942016",
"1935245472345817329","Wed Jun 18 07:57:30 +0000 2025","0","@IndiHome kak mohon maaf bisa cek dm lagi? makasih","1935245472345817329","","IndiHome","in","","0","0","0","https://x.com/undefined/status/1935245472345817329","716423864",
"1935244300650189015","Wed Jun 18 07:52:51 +0000 2025","0","@IndiHomeCare halo ini di Gandul kabel indihome membahayakan banget udah sebulan rendah sering kena truck atau mobil tolonb domg benerin!!! Bikin lemot juga euyy https://t.co/DgonhdptnQ","1935244300650189015","https://pbs.twimg.com/media/GttebgtaQAAsNWo.jpg","IndiHomeCare","in","","0","1","0","https://x.com/undefined/status/1935244300650189015","68348716",
"1935244162720489616","Wed Jun 18 07:52:18 +0000 2025","0","@IndiHome tanggal 20 udah waktunya bayar indihome kalo sampe ntr malem masih lost juga bsk aku gamau payment","1935244162720489616","","IndiHome","in","","0","0","0","https://x.com/undefined/status/1935244162720489616","1070836289052655616",
"1935222429980504520","Wed Jun 18 07:50:54 +0000 2025","0","@noteasyonme Ternyata indihome nya ngadat td","1935243811070034082","","noteasyonme","in","","0","1","0","https://x.com/undefined/status/1935243811070034082","924226674111127552",
"1935200076361834676","Wed Jun 18 07:48:54 +0000 2025","0","@SMsiwi Maaf ya Kak Diupayakan secepatnya kembali normal jika petugas ke lokasi akan dihubungi ke nomor hp yang Kakak informasikan. Terima kasih. -Indah","1935243306470097072","","SMsiwi","in","","0","1","0","https://x.com/undefined/status/1935243306470097072","1075673058931806208",
"1935233234444632340","Wed Jun 18 07:47:33 +0000 2025","1","@canadaboy Wiiii keren banget lho! Timi ikut seneng nih Kakak bisa lancar nge-War tiket G-Dragon! Selamat ya -Timi","1935242966865690722","","canadaboy","in","","0","1","0","https://x.com/undefined/status/1935242966865690722","1075673058931806208",
"1935235578456600914","Wed Jun 18 07:44:24 +0000 2025","0","@IndiHome tolong secepatnya ya min karna sy ada pekerjaan yg mengharuskan menggunakan wiffi","1935242175316639864","","IndiHome","in","","0","0","0","https://x.com/undefined/status/1935242175316639864","1070836289052655616",
"1935235578456600914","Wed Jun 18 07:43:42 +0000 2025","0","@babydeff_ Maafin yah Kak Deff. Timi cek bahwa laporannya sudah ditangani melalui DM. Berkenan menunggu diupayakan segera terselesaikan -Timi","1935242000179281970","","babydeff_","in","","0","1","0","https://x.com/undefined/status/1935242000179281970","1075673058931806208",
"1934925323247997375","Wed Jun 18 07:43:33 +0000 2025","0","@itsjrooms Maafin ya Kak yuk infoin nomor internetnya biar mimin bantu cek dan follow up lebih lanjut -Indah","1935241962728341791","","itsjrooms","in","","0","1","0","https://x.com/undefined/status/1935241962728341791","1075673058931806208",
"1935225879590039812","Wed Jun 18 07:38:52 +0000 2025","0","@siugoal Maafin yah Kak. Sebagai penanganan awal LOS Merah pastikan kabel patch cord (berwarna hitam/kuning ujung berwarna biru) terpasang dengan benar. Tunggu sampai lampu power PON/LINK internet dan WiFi pada modem menyala. Jika masih belum bisa DM ke @IndiHome ya -Timi","1935240784057651271","","siugoal","in","","0","0","0","https://x.com/undefined/status/1935240784057651271","1075673058931806208",
"1935224048117760022","Wed Jun 18 07:38:08 +0000 2025","0","@aiseugeurim Maafin yah Kak Reyya. Silakan infokan nomor internet dan atas nama kepemilikannya ke DM @IndiHome biar dibantu cek jaringannya di lokasi ya! -Timi","1935240598862315887","","aiseugeurim","in","","0","0","0","https://x.com/undefined/status/1935240598862315887","1075673058931806208",
"1935240013161333044","Wed Jun 18 07:37:22 +0000 2025","1","@Andalusia_LG @Andalusia_LG Meluncur DM Kak segera dibalas yuk cek cek. -Chika","1935240405433598399","","Andalusia_LG","in","","0","0","0","https://x.com/undefined/status/1935240405433598399","1075673058931806208",
"1935223815824679273","Wed Jun 18 07:37:04 +0000 2025","0","@xcybrcat Maaf banget Kak. Silakan infokan nomor internet dan atas nama kepemilikannya ke DM @IndiHome biar dibantu cek jaringannya di lokasi ya! -Timi","1935240329688662040","","xcybrcat","in","","0","0","0","https://x.com/undefined/status/1935240329688662040","1075673058931806208",
"1935240013161333044","Wed Jun 18 07:35:48 +0000 2025","0","Cek DM min @IndiHome","1935240013161333044","","","in","","0","1","0","https://x.com/undefined/status/1935240013161333044","984252132445450241",
"1935239272875126976","Wed Jun 18 07:34:20 +0000 2025","0","@andicubi @andicubi DM Kak Umar bakalan dibales sama temen Micha ya mohon ditunggu-Micha","1935239641097212136","","andicubi","in","","0","0","0","https://x.com/undefined/status/1935239641097212136","1075673058931806208",
"1935217526042149271","Wed Jun 18 07:32:57 +0000 2025","0","@aditmoetam Wah Timi ikut senang nih kalau jaringan Kakak di lokasi lancar. Selamat menikmati layanan IndiHome-nya ya Kak Adit -Timi","1935239296342180014","","aditmoetam","in","","0","0","0","https://x.com/undefined/status/1935239296342180014","1075673058931806208",
"1935239272875126976","Wed Jun 18 07:32:52 +0000 2025","0","@IndiHome min cek DM...","1935239272875126976","","IndiHome","in","","0","1","0","https://x.com/undefined/status/1935239272875126976","49258437",
"1935238961586389033","Wed Jun 18 07:31:38 +0000 2025","0","@IndiHome minnn tolong cek DM dongggg. Urgentt!!!","1935238961586389033","","IndiHome","in","","0","1","0","https://x.com/undefined/status/1935238961586389033","1297777380157566977",
"1935203252905328832","Wed Jun 18 07:31:02 +0000 2025","0","@IndiHome iya dimaafin cm shock aja ","1935238813070352636","","IndiHome","in","","0","0","0","https://x.com/undefined/status/1935238813070352636","1925037366353526784",
"1935233234444632340","Wed Jun 18 07:30:35 +0000 2025","0","@chilldreamrk SKSKSKSKSK MAKASIW aku pake wifi indihome barusan aku cek mbpsnya cuma segituan sih gak yg kenceng bgt https://t.co/hXwk8tytaB","1935238697533981167","https://pbs.twimg.com/media/GttZVcIWgAYjugW.jpg","chilldreamrk","in","","0","2","0","https://x.com/undefined/status/1935238697533981167","1535178443599794176",
"1935238474078240805","Wed Jun 18 07:29:41 +0000 2025","0","@IndiHome halooo min tolongg wifi rumahku gakk bisa jalan indikator LOS nya merah kedap kedip. Jgn nyuruh restart router ya pls udh dilakuin tp ttp sama","1935238474078240805","","IndiHome","in","","0","1","0","https://x.com/undefined/status/1935238474078240805","1139933945284329472",
"1935235214311309444","Wed Jun 18 07:29:26 +0000 2025","0","@wilonaanastasia Maaf yah Kak Wilona. Timi bantu cek jaringan Kakak sudah dibantu refresh melalui sistem. Apakah saat ini Kakak sudah dapat menggunakan jaringannya dengan maksimal? Timi tunggu kabar baiknya ya -Timi","1935238409129476113","","aylabelleluv","in","","0","0","0","https://x.com/undefined/status/1935238409129476113","1075673058931806208",
"1935203538420072632","Wed Jun 18 07:27:29 +0000 2025","0","@IndiHome @Torpaz Cek DM kak","1935237918375006266","","IndiHome","in","","0","0","0","https://x.com/undefined/status/1935237918375006266","1373094436939309058",
"1935207761710825754","Wed Jun 18 07:23:51 +0000 2025","0","@najmasalss Maaf yaaa. Kalo sekarang masih kendala engga Kak? Lokasinya di mana? Biar mimin cek lebih dulu kondisi jaringan di sekitar lokasi Kakak -Tammy","1935237005987958804","","najmasalss","in","","0","0","0","https://x.com/undefined/status/1935237005987958804","1075673058931806208",
"1935231894796587062","Wed Jun 18 07:23:20 +0000 2025","0","@rifkamj02 Maaf yah Kak Rifka. Timi bantu cek jaringan Kakak saat ini menunjukkan perangkat modem tidak mendapat catuan listrik. Pastikan adaptor terpasang dengan benar dapat mengeluarkan listrik dan tidak dalam keadaan listrik padam. Jika masih belum bisa DM ke @IndiHome ya -Timi","1935236873548706076","","rifkamj02","in","","0","0","0","https://x.com/undefined/status/1935236873548706076","1075673058931806208",
"1935203538420072632","Wed Jun 18 07:22:52 +0000 2025","0","@Torpaz Ntappp. Aman ya Kak? -Tammy","1935236758616293635","","Torpaz","in","","0","1","0","https://x.com/undefined/status/1935236758616293635","1075673058931806208",
"1934996843567743348","Wed Jun 18 07:21:19 +0000 2025","0","@poplarthree @poplarthree Okeyy wait ya Kak -Micha","1935236366117523633","","poplarthree","tl","","0","0","0","https://x.com/undefined/status/1935236366117523633","1075673058931806208",
"1934996843567743348","Wed Jun 18 07:19:35 +0000 2025","0","@IndiHome Cek dm min","1935235932149678157","","IndiHome","in","","0","1","0","https://x.com/undefined/status/1935235932149678157","971058740068626433",
"1935235578456600914","Wed Jun 18 07:18:11 +0000 2025","0","merasa lelah dengan indihome","1935235578456600914","","","in","","0","1","0","https://x.com/undefined/status/1935235578456600914","1070836289052655616",
"1935231306545381575","Wed Jun 18 07:17:30 +0000 2025","0","@IndiHome @IndiHomeCare udah aku dm tolong di cek ya kabel aman","1935235406288797823","","IndiHome","in","","0","0","0","https://x.com/undefined/status/1935235406288797823","1070836289052655616",
"1935231306545381575","Wed Jun 18 07:17:05 +0000 2025","0","@babydeff_ @IndiHomeCare Maaf yah Kak Def. Timi cek jaringannya terindikasi LOS Merah pastikan kabel patch cord (berwarna hitam/kuning ujung berwarna biru) terpasang benar. Tunggu sampai lampu power PON/LINK internet dan WiFi pada modem menyala. Jika masih belum bisa DM ke @IndiHome ya -Timi","1935235299640275262","","babydeff_","in","","0","1","0","https://x.com/undefined/status/1935235299640275262","1075673058931806208",
"1935234630447456700","Wed Jun 18 07:16:21 +0000 2025","0","@killingshepherd @killingshepherd Nesya cek DM Kak Killy udah masuk nih. Tungguin dulu balasannya ya -Nesya","1935235117955563649","","killingshepherd","in","","0","0","0","https://x.com/undefined/status/1935235117955563649","1075673058931806208",
"1935224345640714340","Wed Jun 18 07:14:08 +0000 2025","0","@Nebulaaaxyz @IndiHomeCare Maaf ya Kak Nebula. Timi bantu cek jaringan Kakak saat ini tidak terkoneksi. Guna dibantu lebih lanjut silakan informasikan nomor ponsel alternatifnya ke DM @IndiHome ya -Timi","1935234560654196961","","Nebulaaaxyz","in","","0","1","0","https://x.com/undefined/status/1935234560654196961","1075673058931806208",
"1935234050362638785","Wed Jun 18 07:12:07 +0000 2025","0","@IndiHome kak ayo tolong cek dm akuu tolong di restart biar ga lost merah","1935234050362638785","","IndiHome","in","","0","0","0","https://x.com/undefined/status/1935234050362638785","1070836289052655616",
"1935233534752641351","Wed Jun 18 07:10:04 +0000 2025","0","@IndiHome hi ka bole tlg cek dm? https://t.co/2vSP75blZq","1935233534752641351","https://pbs.twimg.com/media/GttUo2ibwAA1sFJ.jpg","IndiHome","in","","0","0","0","https://x.com/undefined/status/1935233534752641351","1070836289052655616",
"1935166702817624360","Wed Jun 18 07:06:56 +0000 2025","0","@sheseesseas Maafin Kak IndiHomenya kenapa? Apakah lampu PON/LOS-nya berkedip merah kah? Lambat? Apa putus-putus Kak? -Indah","1935232746458333638","","sheseesseas","in","","0","0","0","https://x.com/undefined/status/1935232746458333638","1075673058931806208",
"1935222200640078239","Wed Jun 18 07:06:46 +0000 2025","0","@haiangelaa @IndiHomeCare Maafin yah Kak. Timi cek jaringan Kakak LOS Merah pastikan kabel patch cord (berwarna hitam/kuning ujung berwarna biru) terpasang dengan benar. Tunggu sampai lampu power PON/LINK internet dan WiFi pada modem menyala. Jika masih belum bisa DM ke @IndiHome ya -Timi","1935232704536261023","","haiangelaa","in","","0","1","0","https://x.com/undefined/status/1935232704536261023","1075673058931806208",
"1935231807949259137","Wed Jun 18 07:03:12 +0000 2025","1","@IndiHome cek dm","1935231807949259137","","IndiHome","tr","","0","0","0","https://x.com/undefined/status/1935231807949259137","156213038",
"1935213368622923862","Wed Jun 18 07:02:25 +0000 2025","0","@IndiHome @thestoryofnaa Tolong cek dm mksh","1935231612436050080","","IndiHome","in","","0","1","0","https://x.com/undefined/status/1935231612436050080","475625936",
"1935221617527042146","Wed Jun 18 07:00:08 +0000 2025","0","@KevinNovaldo Maaf yah Kak Kevin. Sebagai penanganan awal LOS Merah pastikan kabel patch cord (berwarna hitam/kuning ujung berwarna biru) terpasang dengan benar. Tunggu sampai lampu power PON/LINK internet dan WiFi pada modem menyala. Jika masih belum bisa DM ke @IndiHome ya -Timi","1935231036159574455","","KevinNovaldo","in","","0","0","0","https://x.com/undefined/status/1935231036159574455","1075673058931806208",
"1935213368622923862","Wed Jun 18 06:59:23 +0000 2025","0","@IndiHome udh bisa demhg min","1935230849366245719","","IndiHome","in","","0","0","0","https://x.com/undefined/status/1935230849366245719","1415668716612644864",
"1935213368622923862","Wed Jun 18 06:58:17 +0000 2025","0","@IndiHome boleh","1935230571627884624","","IndiHome","in","","0","0","0","https://x.com/undefined/status/1935230571627884624","1415668716612644864",
"1935217953420837208","Wed Jun 18 06:57:20 +0000 2025","0","@Haye76644 Maafin yah Kak. Sebagai penanganan awal LOS Merah pastikan kabel patch cord (berwarna hitam/kuning ujung berwarna biru) terpasang dengan benar. Tunggu sampai lampu power PON/LINK internet dan WiFi pada modem menyala. Jika masih belum bisa DM ke @IndiHome ya -Timi","1935230329520013361","","Haye76644","in","","0","0","0","https://x.com/undefined/status/1935230329520013361","1075673058931806208",
"1935229364385493383","Wed Jun 18 06:53:29 +0000 2025","1","ga suka pokonya tiap moment teknisi indihome visit ke rumah buat benerin wifi tuh soalnya pas dimintain pw aku malu setengah mampus krn pw nya kpop alay","1935229364385493383","","","in","","0","0","0","https://x.com/undefined/status/1935229364385493383","1382933771872210949",
"1935212792048681208","Wed Jun 18 06:49:56 +0000 2025","0","@IndiHome @IndiHomeCare cek dm","1935228469031616645","","IndiHome","tr","","0","0","0","https://x.com/undefined/status/1935228469031616645","1320323845060845570",
"1935228064751042868","Wed Jun 18 06:48:20 +0000 2025","0","@IndiHome kak tolong cek dm makasii","1935228064751042868","","IndiHome","in","","0","0","0","https://x.com/undefined/status/1935228064751042868","716423864",
"1935213368622923862","Wed Jun 18 06:47:29 +0000 2025","0","@thestoryofnaa Maaf yah Kak. Timi cek jaringan Kakak saat ini terpantau terkoneksi. Jika dirasa kurang maksimal akan dibantu refresh melalui sistem. Namun hal ini akan menyebabkan jaringannya mati sejenak. Apakah berkenan? -Timi","1935227850824761427","","thestoryofnaa","in","","0","3","0","https://x.com/undefined/status/1935227850824761427","1075673058931806208",
"1935166702817624360","Wed Jun 18 06:45:01 +0000 2025","0","@stradivearius Siapp Kak ️ Mimin cek koneksinya sudah kembali normal. Selamat menikmati layanan IndiHomenya kembali -Indah","1935227233561722898","","stradivearius","in","","0","0","0","https://x.com/undefined/status/1935227233561722898","1075673058931806208",
"1935212792048681208","Wed Jun 18 06:42:20 +0000 2025","0","@LiliCuseyo @IndiHomeCare Maafin yah Kak. Biar dibantu pengecekan lebih lanjut terkait jaringannya di lokasi silakan infokan nomor internet dan atas nama kepemilikannya melalui DM ke akun @IndiHome. Ditunggu ya -Timi","1935226557540483436","","LiliCuseyo","in","","0","1","0","https://x.com/undefined/status/1935226557540483436","1075673058931806208",
"1935144762925047940","Wed Jun 18 06:41:28 +0000 2025","0","@IndiHome manaa min? bales dong yaAllah","1935226337842839825","","IndiHome","in","","0","0","0","https://x.com/undefined/status/1935226337842839825","376501634",
"1935210915370287374","Wed Jun 18 06:39:41 +0000 2025","0","@Uleterbang @IndiHomeCare Maafin yah Kak Ary. Terkait syarat dan ketentuan pemasangan baru IndiHome-nya bisa Timi bantu cek lebih lanjut. Silakan DM ke @IndiHome ya! -Timi","1935225888750416066","","Uleterbang","in","","0","0","0","https://x.com/undefined/status/1935225888750416066","1075673058931806208",
"1935225879590039812","Wed Jun 18 06:39:39 +0000 2025","0","Aduh Indihome Los seharian ini","1935225879590039812","","","in","","0","1","0","https://x.com/undefined/status/1935225879590039812","1494591382412939264",
"1935225228558524500","Wed Jun 18 06:37:03 +0000 2025","0","Tolong di bantu terjadi mati jaringan Indihome kedungcino RT 15 RW 05 Jepara urgent @IndiHomeCare @IndiHome","1935225228558524500","","","in","","0","0","0","https://x.com/undefined/status/1935225228558524500","1180976053",
"1935210192419045435","Wed Jun 18 06:35:27 +0000 2025","0","@WinAjaDuluYuk @IndiHomeCare Maaf yah Kak. Biar Timi bantu cek jaringannya di lokasi silakan infokan nomor internet dan atas nama kepemilikannya melalui DM @IndiHome. Ditunggu ya -Timi","1935224824009511412","","0xWinDulu0101","in","","0","0","0","https://x.com/undefined/status/1935224824009511412","1075673058931806208",
"1935153192679154038","Wed Jun 18 06:34:07 +0000 2025","1","@IlhamSalman_ @IndiHome kerenla diwaro indihome","1935224488024846365","","IlhamSalman_","in","","0","1","0","https://x.com/undefined/status/1935224488024846365","1636162418169745414",
"1935210075133812976","Wed Jun 18 06:32:39 +0000 2025","0","@baeeemax2 Maafin yah Kak. Sebagai penanganan awal LOS Merah pastikan kabel patch cord (berwarna hitam/kuning ujung berwarna biru) terpasang dengan benar. Tunggu sampai lampu power PON/LINK internet dan WiFi pada modem menyala. Jika masih belum bisa DM ke @IndiHome ya -Timi","1935224117554446366","","baeeemax2","in","","0","0","0","https://x.com/undefined/status/1935224117554446366","1075673058931806208",
"1935224048117760022","Wed Jun 18 06:32:22 +0000 2025","0","Indihome pliss lah jelek banget lu kalo ujan","1935224048117760022","","","in","","0","1","0","https://x.com/undefined/status/1935224048117760022","1375804239822290945",
"1935205783878386121","Wed Jun 18 06:30:43 +0000 2025","0","@ayuieoooo @IndiHomeCare Maafin yah Kak Ayu. Terkait permintaan berhenti berlangganan IndiHome-nya bisa dibantu melalui DM @IndiHome ditunggu DM-nya ya -Timi","1935223633959645405","","ayuieoooo","in","","0","0","0","https://x.com/undefined/status/1935223633959645405","1075673058931806208",
"1935222598696353815","Wed Jun 18 06:26:36 +0000 2025","0","gangguan mulu anjir indihome @IndiHomeCare","1935222598696353815","","","in","","0","1","0","https://x.com/undefined/status/1935222598696353815","1405424721496207363",
"1935221926353584479","Wed Jun 18 06:23:56 +0000 2025","0","Jelek banget indihome akhir-akhir ini ih","1935221926353584479","","","in","","0","1","0","https://x.com/undefined/status/1935221926353584479","1901327152643264512",
"1935220770411790811","Wed Jun 18 06:19:20 +0000 2025","0","AKKKRRGGGJHHHH INDIHOME KENAPA GANGGUAN KUOTA KU HABIS AAKKRRGGHHHHHHHBJISKS","1935220770411790811","","","in","","0","2","0","https://x.com/undefined/status/1935220770411790811","1433002160757739521",
"1934726215300157603","Wed Jun 18 06:17:34 +0000 2025","0","@riapratiwip Kak @riapratiwip Jika ada kendala dan ada yg ingin ditanyakan jangan sungkan hubungi kami kembali. -Dya","1935220324859281899","","riapratiwip","in","","0","0","0","https://x.com/undefined/status/1935220324859281899","1075673058931806208",
"1934793869234983420","Wed Jun 18 06:10:48 +0000 2025","0","@Despionase Kak @Despionase Dya cek saat ini keluhannya sudah ada pelaporan ya. Perbaikan dilakukan melalui sisi sentral terlebih dahulu. Jika teknisi datang ke lokasi akan menghubngi nomor terdaftar. Makasih. -Dya","1935218622345134158","","Despionase","in","","0","0","0","https://x.com/undefined/status/1935218622345134158","1075673058931806208",
"1935218376345010471","Wed Jun 18 06:09:50 +0000 2025","0","@IndiHomeCare ni gangguan indihome ny udah dari jam 10 pagi kabel semua bagus udah di restart masih juga https://t.co/xETdpeSWJk","1935218376345010471","https://pbs.twimg.com/tweet_video_thumb/GttG1_HaQAQTCqc.jpg","IndiHomeCare","in","","0","0","0","https://x.com/undefined/status/1935218376345010471","110676056",
"1934586450659643573","Wed Jun 18 06:04:50 +0000 2025","0","@IndiHome cek dm aku kak @IndiHome","1935217117420564516","","IndiHome","in","","0","0","0","https://x.com/undefined/status/1935217117420564516","1409536465",
"1935216573821886805","Wed Jun 18 06:02:40 +0000 2025","0","@IndiHome sibuk ga? saya mau dm","1935216573821886805","","IndiHome","in","","0","1","0","https://x.com/undefined/status/1935216573821886805","1604718179938631680",
"1934831177745223984","Wed Jun 18 06:02:39 +0000 2025","0","@vhintzthekid Kak @vhintzthekid terkait keluhannya Dya bantu follow up ya. Mohon ditunggu. Makasih. -Dya","1935216570651000976","","vhintzthekid","in","","0","0","0","https://x.com/undefined/status/1935216570651000976","1075673058931806208",
"1934823969968017436","Wed Jun 18 05:58:14 +0000 2025","0","@ngacukiii Ihhh jangan marah ya . Kak @ngacukiii Dya bantu cek jaringannya ya. Infoin atas nama dan nomor layanan ke Dm. Makasih. -Dya","1935215457235267980","","ngacukiii","in","","0","0","0","https://x.com/undefined/status/1935215457235267980","1075673058931806208",
"1934821546088104238","Wed Jun 18 05:54:51 +0000 2025","0","@jessforjoasa Hai Kak @jessforjoasa. Apakah ada yg bisa Dya bantu terkait layanan dan produk IndiHome-nya? -Dya","1935214607150498019","","jessforjoasa","in","","0","0","0","https://x.com/undefined/status/1935214607150498019","1075673058931806208",
"1935212968243036299","Wed Jun 18 05:48:20 +0000 2025","0","min @IndiHome indihome rumahku udah dari kemaren gangguannnnnn","1935212968243036299","","","in","","0","0","0","https://x.com/undefined/status/1935212968243036299","1320323845060845570",
"1935212792048681208","Wed Jun 18 05:47:38 +0000 2025","0","siang @IndiHomeCare ini kenapa internet di rumah saya gangguan terus ya? udah dari kemaren. udah coba WA indihome care juga no respon","1935212792048681208","","","in","","0","1","0","https://x.com/undefined/status/1935212792048681208","1320323845060845570",
"1935211832626880633","Wed Jun 18 05:47:14 +0000 2025","0","@zoehyunnie @IndiHome IYAA banget. udah nyoba di geser-geser pun tetep sama aja. kayaknya emang dari sananya lagi bermasalah ","1935212689149837472","","zoehyunnie","in","","0","1","0","https://x.com/undefined/status/1935212689149837472","1292125154269523968",
"1935211832626880633","Wed Jun 18 05:46:02 +0000 2025","0","@idedek @IndiHome lgi ngelag kah? aku jg lelet bgt sumpah","1935212389634556087","","idedek","in","","0","2","0","https://x.com/undefined/status/1935212389634556087","1791999133299224576",
"1935205152291721408","Wed Jun 18 05:45:37 +0000 2025","0","@kyeder__ @IndiHomeCare Maafin ya Kak Kyeder. Biar Timi bantu cek jaringannya di lokasi silakan DM ke @IndiHome dengan infokan nomor internet dan atas nama kepemilikannya. Ditunggu ya -Timi","1935212281455071604","","kyeder__","in","","0","0","0","https://x.com/undefined/status/1935212281455071604","1075673058931806208",
"1935211832626880633","Wed Jun 18 05:43:50 +0000 2025","0","bang aku mau main x sama nonton youtube aja susah banget bang. tolong dibenerin @IndiHome","1935211832626880633","","","in","","0","2","0","https://x.com/undefined/status/1935211832626880633","1292125154269523968",
"1935199477502996686","Wed Jun 18 05:42:04 +0000 2025","0","@ecaatuhh @IndiHomeCare Maaf banget yah Kak Eca. Biar Timi bantu pengecekan lebih lanjut silakan DM ke @IndiHome dengan menginformasikan nomor internet dan atas nama kepemilikannya. Timi sarankan hapus postingan yang berisi data pribadi agar tidak disalah gunakan ya -Timi","1935211390551343424","","ecaatuhh","in","","0","0","0","https://x.com/undefined/status/1935211390551343424","1075673058931806208",
"1935210318118142453","Wed Jun 18 05:37:48 +0000 2025","0","mau ngerjain skripsi tp dari pagi indihome nya no internet et dah tumben bgt gangguan","1935210318118142453","","","in","","0","0","0","https://x.com/undefined/status/1935210318118142453","1382933771872210949",
"1935203252905328832","Wed Jun 18 05:37:47 +0000 2025","0","@charameuls Maafin yah Kak Chara. Apakah saat ini Kakak sudah dapat menggunakan jaringannya dengan maksimal? Timi tunggu kabar baiknya ya -Timi","1935210313504407559","","charameuls","in","","0","2","0","https://x.com/undefined/status/1935210313504407559","1075673058931806208",
"1935210192419045435","Wed Jun 18 05:37:18 +0000 2025","0","Dari pagi wifi error terus indihome lagi gangguan kahh min? @IndiHomeCare","1935210192419045435","","","in","","0","1","0","https://x.com/undefined/status/1935210192419045435","1590500764094726144",
"1935195891511791817","Wed Jun 18 05:34:46 +0000 2025","0","@NSaysInX Maafin yah Kak. Biar Timi bantu pengecekan jaringannya di lokasi DM ke @IndiHome yuk untuk nomor internet dan atas nama kepemilikannya. Ditunggu ya -Timi","1935209551302902205","","NSaysInX","in","","0","1","0","https://x.com/undefined/status/1935209551302902205","1075673058931806208",
"1935207650033287361","Wed Jun 18 05:30:15 +0000 2025","1","@AankInsani @AankInsani Kak mohon maaf yaa. Boleh tunggu balasan temen Sabil di DM yaa ;)-Sabil","1935208415867105402","","AankInsani","in","","0","1","0","https://x.com/undefined/status/1935208415867105402","1075673058931806208",
"1935192048589828342","Wed Jun 18 05:28:10 +0000 2025","0","@Cubticles Maafin yah Kak. Biar Timi bantu cek lebih lanjut terkait jaringannya silakan DM ke @IndiHome dengan infokan nomor internet dan atas nama kepemilikannya ya. Ditunggu -Timi","1935207892610875902","","cifrrus","in","","0","0","0","https://x.com/undefined/status/1935207892610875902","1075673058931806208",
"1935207761710825754","Wed Jun 18 05:27:39 +0000 2025","0","indihome lg kenapa ya dr semalem.. ngelag bgt ","1935207761710825754","","","in","","0","3","0","https://x.com/undefined/status/1935207761710825754","1268420857509994496",
"1935207650033287361","Wed Jun 18 05:27:12 +0000 2025","0","Speed internet @IndiHome dirumah saya sudah 2 hari parah bgt.. Speed test 0 18 Mbps gilaaa.. Ga bisa buka apa2 jgn kan youtube buka browsing di HP aja susah bgt Tangerang Selatan","1935207650033287361","","","in","","0","2","0","https://x.com/undefined/status/1935207650033287361","3165265970",
"1935197474064675131","Wed Jun 18 05:23:14 +0000 2025","0","@fIavourt @IndiHomeCare Maaf ya Kak. Sebagai penanganan awal LOS Merah pada modem pastikan kabel patch cord (berwarna hitam/kuning ujung berwarna biru) terpasang dengan benar. Tunggu sampai lampu power PON/LINK internet dan WiFi pada modem menyala. Jika masih belum bisa DM ke @IndiHome ya -Timi","1935206649041666425","","fIavourt","in","","0","0","0","https://x.com/undefined/status/1935206649041666425","1075673058931806208",
"1935197166710251722","Wed Jun 18 05:17:52 +0000 2025","0","@gitanvrn @IndiHomeCare Maafin yah Kak Gita. Biar Timi bantu cek kendala jaringannya silakan DM ke @IndiHome dengan menginfokan nomor internet dan atas nama kepemilikannya. Ditunggu -Timi","1935205298400281092","","gitanvrn","in","","0","2","0","https://x.com/undefined/status/1935205298400281092","1075673058931806208",
"1935197117120921822","Wed Jun 18 05:14:04 +0000 2025","0","@a_iwank @IndiHomeCare Maaf ya Kak Iwank. Timi cek sudah terdapat laporannya mohon tidak memberi imbalan dalam bentuk apapun apabila ada kunjungan ke lokasi oleh tim kami. Pastikan nomor Kakak selalu aktif pengecekan secara mandiri status pelaporan bisa dicek melalui aplikasi MyTelkomsel ya -Timi","1935204343667724477","","a_iwank","in","","0","0","0","https://x.com/undefined/status/1935204343667724477","1075673058931806208",
"1935203252905328832","Wed Jun 18 05:09:44 +0000 2025","0","lg bikin omelette + dasteran tbtb ada mas2 indihome masuk benerin wifi ","1935203252905328832","","","in","","0","2","0","https://x.com/undefined/status/1935203252905328832","1925037366353526784",
"1935192697545052610","Wed Jun 18 05:06:01 +0000 2025","0","@alfidshihab Maafin yah Kak Alfi. Saat ini permintaan berhenti berlangganannya dapat kami bantu reservasi lebih lanjut melalui DM @IndiHome. Timi tunggu DM-nya ya -Timi","1935202316019450306","","alfidshihab","in","","0","0","0","https://x.com/undefined/status/1935202316019450306","1075673058931806208",
"1935202128089456945","Wed Jun 18 05:05:16 +0000 2025","0","@IndiHome cek dm min","1935202128089456945","","IndiHome","in","","0","0","0","https://x.com/undefined/status/1935202128089456945","226488846",
"1935201179853893825","Wed Jun 18 05:01:30 +0000 2025","0","Sumpah random banget wak tiba tiba diwaro indihome","1935201179853893825","","","in","","0","0","0","https://x.com/undefined/status/1935201179853893825","1646921049043537920",
"1933450014413431178","Wed Jun 18 05:01:23 +0000 2025","0","@IniMinNeo A. Bayar tagihan IndiHome #GiveawayIndihomeBorneo #IndiHomeBorneo @FitriYanti925 @rulnf @MuttaqiWira","1935201149617091001","","IniMinNeo","in","","0","0","0","https://x.com/undefined/status/1935201149617091001","374397535",
"1934982812068978943","Wed Jun 18 05:00:30 +0000 2025","0","@IndiHome Sudah di DM kan ya kak","1935200931051880495","","IndiHome","in","","0","1","0","https://x.com/undefined/status/1935200931051880495","1174559588995088385",
"1935200806808207625","Wed Jun 18 05:00:01 +0000 2025","0","Bayar tagihan IndiHome? Yuk ke LinkAja! Ada cashback Rp1.500*. *S&amp;K berlaku Cek informasi lengkap https://t.co/Zf3rsbq7Ra Customer Service: https://t.co/WVrOoo3Ddy https://t.co/QPKaCyueBL","1935200806808207625","https://pbs.twimg.com/media/Gtow-QIa4AAq2N-.jpg","","in","","0","0","0","https://x.com/undefined/status/1935200806808207625","3195998996",
"1935190626066420210","Wed Jun 18 04:59:01 +0000 2025","0","@IndiHome Malas udh 2 kali dihubungi jawabannya tetep aja akan segera hubungi teknisi akan segera hubungi teknisi. Segera segera tuh kapan coba.","1935200558023065817","","IndiHome","in","","0","1","0","https://x.com/undefined/status/1935200558023065817","1308804470042628097",
"1935191155475628476","Wed Jun 18 04:58:34 +0000 2025","0","@KLANDESTllN Maafin yah Kak Odi. Biar Timi bantu cek jaringannya di lokasi silakan infokan nomor internet dan atas nama kepemilikannya melalui DM ke @IndiHome ya. Ditunggu -Timi","1935200443342405641","","KLANDESTllN","in","","0","1","0","https://x.com/undefined/status/1935200443342405641","1075673058931806208",
"1935200076361834676","Wed Jun 18 04:57:07 +0000 2025","0","@IndiHome @YLKI_ID tolong segera datang teknisinya sudah dari kmren jam 2 siang tdk bisa digunakan internet indihome segera dtg jgn cuma sudah disampaikan ke tim terkait tp tdk ada kepastian jawaban!!!","1935200076361834676","","IndiHome","in","","0","1","0","https://x.com/undefined/status/1935200076361834676","1692977708",
"1935190626066420210","Wed Jun 18 04:54:26 +0000 2025","0","@itsjrooms Maaf banget yah Kak. Timi tunggu DM Kakak untuk datanya ke @IndiHome -Timi","1935199404107145501","","itsjrooms","in","","0","1","0","https://x.com/undefined/status/1935199404107145501","1075673058931806208",
"1934841454918291790","Wed Jun 18 04:53:17 +0000 2025","0","@IndiHome lambat ka daerah palembang kemuning dari semalem","1935199113353806127","","IndiHome","in","","0","1","0","https://x.com/undefined/status/1935199113353806127","1586918729363099648",
"1935190428279783704","Wed Jun 18 04:52:08 +0000 2025","0","@itsjrooms Maafin yah Kak. Biar Timi bantu pengecekan lebih lanjut silakan infokan nomor internet dan atas nama kepemilikannya ke DM @IndiHome. Ditunggu ya -Timi","1935198825716793773","","itsjrooms","in","","0","0","0","https://x.com/undefined/status/1935198825716793773","1075673058931806208",
"1935197596945170437","Wed Jun 18 04:47:16 +0000 2025","0","@IndiHome min cek dm","1935197596945170437","","IndiHome","in","","0","1","0","https://x.com/undefined/status/1935197596945170437","1302117352322998273",
"1935164512568754391","Wed Jun 18 04:46:12 +0000 2025","0","@IndiHome Tolong cek dm internet down nih thanks","1935197331504423179","","IndiHome","in","","0","1","0","https://x.com/undefined/status/1935197331504423179","93811228",
"1934925323247997375","Wed Jun 18 04:45:00 +0000 2025","0","@IndiHome KAPAN TEKNISI NYA DATANG ? Sudah dari kmren jam 2 siang internet erorrrrrrr @YLKI_ID tolong dong min penanganan masa lambat gini dihubungi aja engga teknisi juga ga datang2 infonya ga akurat ","1935197028184961103","","IndiHome","in","","0","1","0","https://x.com/undefined/status/1935197028184961103","1692977708",
"1935001708524114008","Wed Jun 18 04:42:39 +0000 2025","0","@IndiHome Cek dm ya Kak","1935196437194866794","","IndiHome","in","","0","1","0","https://x.com/undefined/status/1935196437194866794","1923701956239032325",
"1935027257179025648","Wed Jun 18 04:41:29 +0000 2025","0","@wlimkidiw_ @vemmanov Maafin yah Kak. Jika jaringan Kakak mengalami kendala silakan infokan nomor internet dan atas nama kepemilikannya ke DM @IndiHome -Timi","1935196144717676607","","wlimkidiw_","in","","0","0","0","https://x.com/undefined/status/1935196144717676607","1075673058931806208",
"1935195891511791817","Wed Jun 18 04:40:29 +0000 2025","0","dari kemarin ini Indihome zzz https://t.co/zL96btgloK","1935195891511791817","https://pbs.twimg.com/media/GtsyZ0daQAEzlj8.png","","in","","0","1","0","https://x.com/undefined/status/1935195891511791817","194493478",
"1935193273154343041","Wed Jun 18 04:30:05 +0000 2025","0","Penyambungan Kembali IndiHome yang Diputus | cc @Telkomsel @IndiHomeCare https://t.co/P4AFLUNxfU","1935193273154343041","","","in","","0","0","0","https://x.com/undefined/status/1935193273154343041","1117529034",
"1935192697545052610","Wed Jun 18 04:27:47 +0000 2025","0","@IndiHomeCare cara berhenti langganan indihome bagaimana? DM ga dibales!","1935192697545052610","","IndiHomeCare","in","","0","1","0","https://x.com/undefined/status/1935192697545052610","552468785",
"1935189479352086924","Wed Jun 18 04:26:49 +0000 2025","0","@IndiHome @IndiHomeCare Gak mau maunya telfon &amp; minta datang. Udah pernah di dm &amp; di restart sama indihome tetap aja begini. Udah hampir sebulan kayak gini gak jelas megap2 wifinya.","1935192451129688507","","IndiHome","in","","0","0","0","https://x.com/undefined/status/1935192451129688507","1339803178863190016",
"1935189479352086924","Wed Jun 18 04:25:28 +0000 2025","0","@Akun2Milyar @IndiHomeCare Mohon maaf yah Kak. Biar Timi bantu pengecekan jaringannya di lokasi silakan DM ke @IndiHome dengan infokan nomor internet dan atas nama kepemilikannya. Ditunggu ya -Timi","1935192113869898112","","Akun2Milyar","in","","0","1","0","https://x.com/undefined/status/1935192113869898112","1075673058931806208",
"1935192048589828342","Wed Jun 18 04:25:13 +0000 2025","0","Bahkan wifi mas gua lebih lancar daripada wifi rumah puki. Padahal sama-sama Indihome","1935192048589828342","","","in","","0","1","0","https://x.com/undefined/status/1935192048589828342","1830956204463730688",
"1935192015781961986","Wed Jun 18 04:25:05 +0000 2025","0","Tai @IndiHome ga aplikasi ga jaringan sama ampas nya. Gua lg kerja jaringan lu tolol lapor jg ga solutif babi","1935192015781961986","","","in","","0","0","0","https://x.com/undefined/status/1935192015781961986","1561631651968724992",
"1935189295763272162","Wed Jun 18 04:22:55 +0000 2025","0","@ravynzy_ @IndiHomeCare Maaf yah Kak. Saat ini Kakak bisa hubungi kami melalui DM @IndiHome ya -Timi","1935191469377339684","","ravynzy_","in","","0","0","0","https://x.com/undefined/status/1935191469377339684","1075673058931806208",
"1935191155475628476","Wed Jun 18 04:21:40 +0000 2025","1","ini indihome jelek bgt dah","1935191155475628476","","","in","","0","3","0","https://x.com/undefined/status/1935191155475628476","1324360270412607488",
"1935187526773579781","Wed Jun 18 04:20:39 +0000 2025","0","@ravynzy_ Timi cek jaringannya terindikasi LOS. Pastikan kabel patch cord (berwarna hitam/kuning ujung berwarna biru) terpasang/tertancap dengan kencang &amp; benar. Tunggu lampu power PON/LINK internet dan WiFi pada modem menyala. Jika masih belum bisa silakan DM ke @IndiHome ya -Timi","1935190898742280714","","ravynzy_","in","","0","0","0","https://x.com/undefined/status/1935190898742280714","1075673058931806208",
"1934232271701381219","Wed Jun 18 04:20:00 +0000 2025","0","@dhanangpr @MediaKonsumenID @dhanangpr Kak Dhanang mohon maaf buat pengalaman yang kurang menyenangkan. Kami bantu percepatan dan follow up kembali diupayakan dapat teratasi secepatnya ya. Semoga membantu -Sabil","1935190737035083862","","dhanangpr","in","","0","1","0","https://x.com/undefined/status/1935190737035083862","1075673058931806208",
"1935190626066420210","Wed Jun 18 04:19:34 +0000 2025","0","Infokan provider wifi selain indihome","1935190626066420210","","","in","","0","5","0","https://x.com/undefined/status/1935190626066420210","1308804470042628097",
"1935190428279783704","Wed Jun 18 04:18:46 +0000 2025","0","Indihome ini klo disuruh hubungi teknisi emg lama ap ga dikerjain sih... lama bgt katanya mau menghubungi ak biar bisa perbaiki ini udh 3 hari ga dihubungi samsek","1935190428279783704","","","in","","0","1","0","https://x.com/undefined/status/1935190428279783704","1308804470042628097",
"1935190072154014011","Wed Jun 18 04:17:21 +0000 2025","0","@IndiHome minnn help knp sih internetnya","1935190072154014011","","IndiHome","in","","0","1","0","https://x.com/undefined/status/1935190072154014011","169904340",
"1935189664912261489","Wed Jun 18 04:15:44 +0000 2025","0","@indihome minn kenapasih internetnyaaaaaaa jadi gabisa kerja dr pagi tolong dibantu","1935189664912261489","","IndiHome","in","","0","0","0","https://x.com/undefined/status/1935189664912261489","169904340",
"1934232271701381219","Wed Jun 18 04:15:39 +0000 2025","0","@IndiHome Saya tulis ke @MediaKonsumenID saja ya","1935189641310912721","","IndiHome","in","","0","1","0","https://x.com/undefined/status/1935189641310912721","216600607",
"1935185237417541925","Wed Jun 18 04:13:15 +0000 2025","0","@cundasatria Maaf yah Kak. Biar Timi bantu pengecekan lebih lanjut silakan infokan nomor internet dan atas nama kepemilikannya melalui DM @IndiHome. Timi tunggu ya -Timi","1935189038203552078","","cundasatria","in","","0","0","0","https://x.com/undefined/status/1935189038203552078","1075673058931806208",
"1935188998169006332","Wed Jun 18 04:13:08 +0000 2025","0","Bonus : ternyata sekarang ada biaya tambahan yaitu biaya admin Rp 5.000 Jadi hitungannya : Biaya langganan + pajak + biaya admin #indihome #internet #telkomforyou","1935189009858429132","","bimoheryprabowo","in","","0","0","0","https://x.com/undefined/status/1935189009858429132","71408943",
"1935188998169006332","Wed Jun 18 04:13:05 +0000 2025","9","Mau berhenti langganan Indihome untuk sementara? Ini ceritaku bagaimana request isolir sementara langganan Indihome. ada beberapa hal yang menarik sih cek thread ini ya https://t.co/xwOTsSX3F5","1935188998169006332","https://pbs.twimg.com/media/GtsroAxaQAIcy1b.png","","in","","0","2","1","https://x.com/undefined/status/1935188998169006332","71408943",
"1934232271701381219","Wed Jun 18 04:10:52 +0000 2025","0","@dhanangpr Maafin ya Kak @dhanangpr Aci cek Kakak sudah berinteraksi sama temen Aci di DM. Silakan tunggu balasan berikut nya ya. Makasih -Aci","1935188438787178545","","dhanangpr","in","","0","1","0","https://x.com/undefined/status/1935188438787178545","1075673058931806208",
"1935175299853160847","Wed Jun 18 04:10:48 +0000 2025","0","@Djenhar @IndiHomeCare @indihomejkt @TelkomIndonesia @Djenhar Diusahakan dapat terselesaikan secepatnya ya Kak. Boleh konfirmasi kami lagi ke DM yuk biar dibantu penanganan lebih lanjut Kak. Makasih :) -Sakia","1935188423947796712","","Djenhar","in","","0","1","0","https://x.com/undefined/status/1935188423947796712","1075673058931806208",
"1935183040541794542","Wed Jun 18 04:09:29 +0000 2025","0","@IndiHome @IndiHomeCare Masih lemot kak","1935188089183576316","","IndiHome","in","","0","0","0","https://x.com/undefined/status/1935188089183576316","75503765",
"1935183040541794542","Wed Jun 18 04:08:52 +0000 2025","0","@antonseptiady @IndiHomeCare Mohon maaf atas ketidaknyamannya Kak Anton. Timi bantu cek saat ini jaringan Kakak terkoneksi dan sudah dibantu refresh melalui sistem. Apakah saat ini Kakak sudah dapat menggunakan jaringannya dengan maksimal? Silakan DM ke @IndiHome jika masih mengalami gangguan ya -Timi","1935187935235817788","","antonseptiady","in","","0","1","0","https://x.com/undefined/status/1935187935235817788","1075673058931806208",
"1935027257179025648","Wed Jun 18 04:08:44 +0000 2025","0","@vemmanov Asliiii mbaaaa jaringan indihome malah mbelenekno akhir2 ikii yaAllah garai nyebut mbendino","1935187902843236611","","vemmanov","in","","0","1","0","https://x.com/undefined/status/1935187902843236611","383623243",
"1934232271701381219","Wed Jun 18 04:08:19 +0000 2025","0","@IndiHome Sudah 8x24 jam belum direalisasikan juga.","1935187798761554084","","IndiHome","in","","0","1","0","https://x.com/undefined/status/1935187798761554084","216600607",
"1935175299853160847","Wed Jun 18 04:08:09 +0000 2025","0","@IndiHome @IndiHomeCare @indihomejkt @TelkomIndonesia JAWABAN YANG SAMA DARI LEBIH 5 ORG CUSTOMER SERVICE PROVIDER TERBESAR DI TAHUN 2025 APAKAH MASIH KERJA OFF LINE ? LAPOR HARUS MENGHADAP BOSS TTD HARD COPY MEETING OFF LINE KUNO","1935187756118143335","","IndiHome","in","","0","1","0","https://x.com/undefined/status/1935187756118143335","68603320",
"1935144762925047940","Wed Jun 18 04:06:34 +0000 2025","0","@IndiHome mana bales dong","1935187355385954305","","IndiHome","en","","0","0","0","https://x.com/undefined/status/1935187355385954305","376501634",
"1935113115756282147","Wed Jun 18 04:05:55 +0000 2025","0","@aleyachimeng @euphorikaa @aleyachimeng Maaf dibikin nunggu terkait keluhan sinyal Telkomsel dan IndiHome. Silakan infokan nomor HP nomor internet dan atas nama IndiHome nya ke DM biar langsung dicek lebih lanjut. Makasih -Aci","1935187191552164167","","aleyachimeng","in","","0","1","0","https://x.com/undefined/status/1935187191552164167","255409050",
"1935175299853160847","Wed Jun 18 04:01:23 +0000 2025","0","@Djenhar @IndiHomeCare @indihomejkt @TelkomIndonesia Mohon maaf atas ketidaknyamannya Kak Djenet. Kami bantu cek saat ini permintaannya sudah dalam prioritas kami. Diupayakan segera terealisasikan ya -Timi","1935186052895097196","","Djenhar","in","","0","1","0","https://x.com/undefined/status/1935186052895097196","1075673058931806208",
"1935185315603562567","Wed Jun 18 03:58:27 +0000 2025","0","@Telkomsel min cek dm dung mau lapor ada wilayah yang sinyal provider telkomselnya hilang tapi yg lainnya lancar mana dari pagi lagi ini wifi jadi ga bisa karna pake indihome ","1935185315603562567","","Telkomsel","in","","0","1","0","https://x.com/undefined/status/1935185315603562567","1750070389945081856",
"1935183617166295428","Wed Jun 18 03:51:42 +0000 2025","0","ini kenapa kok sy gabisa pake wifinya @IndiHomeCare @IndiHome","1935183617166295428","","","in","","0","0","0","https://x.com/undefined/status/1935183617166295428","967572648",
"1935183162377945569","Wed Jun 18 03:51:10 +0000 2025","0","@mizanuddin_ @mizanuddin_ Okee Kak Miza. DM-nya segera dibalas yaaa :)-Sabil","1935183482487193894","","mizanuddin_","in","","0","0","0","https://x.com/undefined/status/1935183482487193894","1075673058931806208",
"1935183162377945569","Wed Jun 18 03:49:54 +0000 2025","0","@IndiHome cek dm min","1935183162377945569","","IndiHome","in","","0","1","0","https://x.com/undefined/status/1935183162377945569","752933329",
"1935179277361889516","Wed Jun 18 03:39:26 +0000 2025","0","@Djenhar Mohon maaf buat ketidaknyamanannya ya Kak. Untuk kendala migrasi silakan infoin nomor internet atas nama ke DM ya agar bisa dilakukan pengecekan. Makasih -Micha","1935180528673833376","","Djenhar","in","","0","0","0","https://x.com/undefined/status/1935180528673833376","1075673058931806208",
"1935175299853160847","Wed Jun 18 03:39:09 +0000 2025","0","@IndiHome @IndiHomeCare @indihomejkt IndiHome @IndiHomeCare @indihomejkt @TelkomIndonesia PERUBAHAN/MUTASI MOk425053105152063301b190 SAMPAI KAPAN BISA DISELESAIKAN? SEBELUMNYA SUDAH ADA PERMINTAAN TIDAK DIPROSES SELAMA 1 BULAN CLOSE BY SYSTEM LALU PERMINTAAN ULANG BERJALAN 1 BULAN BELUM/TIDAK ADA PROGRESS !","1935180456544321794","","IndiHome","in","","0","1","0","https://x.com/undefined/status/1935180456544321794","68603320",
"1935179781999595531","Wed Jun 18 03:37:56 +0000 2025","0","@Djenhar @IndiHomeCare @indihomejkt @TelkomIndonesia @Djenhar Kak mohon maaf yaa. Boleh konfirmasi ke DM agar dibantu proses yaa. Kakak bisa hapus postingan nomor agar privasi terjaga makasih :)-Sabil","1935180150620196933","","Djenhar","in","","0","0","0","https://x.com/undefined/status/1935180150620196933","1075673058931806208",
"1935179781999595531","Wed Jun 18 03:36:28 +0000 2025","0","@IndiHome @IndiHomeCare @indihomejkt @TelkomIndonesia PERUBAHAN/MUTASI MOk425053105152063301b190 SAMPAI KAPAN BISA DISELESAIKAN? SEBELUMNYA SUDAH ADA PERMINTAAN TIDAK DIPROSES SELAMA 1 BULAN CLOSE BY SYSTEM LALU PERMINTAAN ULANG BERJALAN 1 BULAN BELUM/TIDAK ADA PROGRESS !","1935179781999595531","","IndiHome","in","","0","1","0","https://x.com/undefined/status/1935179781999595531","68603320",
"1935179277361889516","Wed Jun 18 03:34:28 +0000 2025","0","@IndiHome @IndiHomeCare @indihomejkt @TelkomIndonesia PERUBAHAN/MUTASI MOk425053105152063301b190 SAMPAI KAPAN BISA DISELESAIKAN??? BUTUH WAKTU SETAHUN KAH??? TIDAK NGERTI DENGAN CARA KERJA INDIHOME TELKOMSEL","1935179277361889516","","IndiHome","in","","0","1","0","https://x.com/undefined/status/1935179277361889516","68603320",
"1935176192572932392","Wed Jun 18 03:30:31 +0000 2025","0","@bluwwbrry @IndiHomeCare Maaf banget yah Kak. Biar Timi bantu pengecekan jaringannya di lokasi DM ke @IndiHome nomor internet dan atas nama kepemilikannya ya -Timi","1935178283244732644","","bluwwbrry","in","","0","0","0","https://x.com/undefined/status/1935178283244732644","1075673058931806208",
"1935178270548574232","Wed Jun 18 03:30:28 +0000 2025","0","@IndiHome @IndiHomeCare @indihomejkt PERUBAHAN/MUTASI MOk425053105152063301b190 SAMPAI KAPAN BISA DISELESAIKAN? SEBELUMNYA SUDAH ADA PERMINTAAN TIDAK DILAKSANAKAN SELAMA 1 BULAN DAN CLOSE BY SYSTEM LALU PERMINTAAN ULANG DAN BERJALAN 1 BULAN BELUM DAN TIDAK ADA PROGRESS KUSUT","1935178270548574232","","IndiHome","in","","0","0","0","https://x.com/undefined/status/1935178270548574232","68603320",
"1917709510258614733","Wed Jun 18 03:29:40 +0000 2025","0","@IndiHome @TelkomJabar @IndiHome @IndiHomeCare @indihomejkt PERUBAHAN/MUTASI MOk425053105152063301b190 SAMPAI KAPAN BISA DISELESAIKAN??? SEBELUMNYA SUDAH ADA PERMINTAAN TIDAK DILAKSANAKAN SELAMA 1 BULAN DAN CLOSE BY SYSTEM LALU PERMINTAAN ULANG DAN BERJALAN 1 BULAN BELUM DAN TIDAK ADA PROGRESS","1935178070362915218","","IndiHome","in","","0","0","0","https://x.com/undefined/status/1935178070362915218","68603320",
"1935177321813786956","Wed Jun 18 03:26:42 +0000 2025","0","@IndiHome @IndiHomeCare @indihomejkt PERUBAHAN/MUTASI MOk425053105152063301b190 SAMPAI KAPAN BISA DISELESAIKAN??? SEBELUMNYA SUDAH ADA PERMINTAAN TIDAK DILAKSANAKAN SELAMA 1 BULAN DAN CLOSE BY SYSTEM LALU PERMINTAAN ULANG DAN BERJALAN 1 BULAN BELUM DAN TIDAK ADA PROGRESS","1935177321813786956","","IndiHome","in","","0","0","0","https://x.com/undefined/status/1935177321813786956","68603320",
"1935171170183299344","Wed Jun 18 03:22:55 +0000 2025","0","@IndiHome Sudah ya kak","1935176369870356631","","IndiHome","in","","0","1","0","https://x.com/undefined/status/1935176369870356631","1009386135011844096",
"1935153192679154038","Wed Jun 18 03:21:28 +0000 2025","0","@IndiHome Mantap min nanti ku dm","1935176006865920504","","IndiHome","in","","0","1","0","https://x.com/undefined/status/1935176006865920504","1646921049043537920",
"1935175299853160847","Wed Jun 18 03:21:08 +0000 2025","0","@Djenhar @IndiHomeCare @indihomejkt Maaf dibikin kesel Kak @Djenhar Kakak bisa infokan nomor laporan nya ke DM yuk biar dibantu cek lebih lanjut. Makasih -Aci","1935175924011663504","","Djenhar","in","","0","1","0","https://x.com/undefined/status/1935175924011663504","1075673058931806208",
"1935175299853160847","Wed Jun 18 03:18:39 +0000 2025","0","@IndiHomeCare @IndiHome @indihomejkt PERUBAHAN / MUTASI PAKET INDIHOME SUDAH 2 BULAN TIDAK ADA PROGRESS TIDAK NGERTI CARA KERJA INDIHOME YANG MEMPERSULIT DAN TIDAK NYAMAN DENGAN CARA KERJA NYA. TELPON BER-KALI² JAWABAN SELALU SAMA AKAN KAMI BANTU PERCEPAT ..PARAH","1935175299853160847","","IndiHomeCare","in","","0","1","0","https://x.com/undefined/status/1935175299853160847","68603320",
"1935164512568754391","Wed Jun 18 03:16:49 +0000 2025","0","@iqbalista Kalau Kak @iqbalista sudah tambahkan nomor IndiHome nya nanti menu untuk IndiHome akan muncul diberanda paling depan dibawah nomor Telkomsel ya. Semoga membantu -Aci","1935174838030926319","","iqbalista","in","","0","0","0","https://x.com/undefined/status/1935174838030926319","1075673058931806208",
"1935171170183299344","Wed Jun 18 03:16:38 +0000 2025","0","@michiramyeon Maaf yah Kak. Terkait permintaan ganti/migrasi paketnya bisa dibantu dengan infokan nomor internet dan atas kepemilikannya ke DM @IndiHome -Timi","1935174788353507724","","michiramyeon","in","","0","1","0","https://x.com/undefined/status/1935174788353507724","1075673058931806208",
"1935164512568754391","Wed Jun 18 03:15:21 +0000 2025","0","@IndiHome Bagaimana kah cara lihat Indihome kita lewat app my Telkomsel koq saya tambah bingung min .. mau verifikasi data koq gagal terus https://t.co/9shwVUt0fd","1935174465694089315","https://pbs.twimg.com/media/Gtse64PbUAAsiKA.jpg","IndiHome","in","","0","1","0","https://x.com/undefined/status/1935174465694089315","163794044",
"1935171035390996550","Wed Jun 18 03:13:20 +0000 2025","0","@salahmuludweh @IndiHomeCare Maaf banget yah Kak. Biar Timi bantu cek jaringannya di lokasi silakan DM ke @IndiHome dengan infokan nomor internet dan atas nama kepemilikannya ya -Timi","1935173960364343518","","salahmuludweh","in","","0","1","0","https://x.com/undefined/status/1935173960364343518","1075673058931806208",
"1935173808388026666","Wed Jun 18 03:12:44 +0000 2025","0","@IndiHome min ini kenapa lagg bener ya wifi?","1935173808388026666","","IndiHome","in","","0","1","0","https://x.com/undefined/status/1935173808388026666","1252857103116460034",
"1935169357006655538","Wed Jun 18 03:11:30 +0000 2025","0","@IndiHome Udh dm kaa","1935173499179647160","","IndiHome","in","","0","1","0","https://x.com/undefined/status/1935173499179647160","55173265",
"1935170981666111613","Wed Jun 18 03:08:19 +0000 2025","0","@parkjjeongz Mohon maaf yah Kak. Terkait kendala tidak bisa add on speed wifi-nya bisa dibantu lebih lanjut melalui DM @IndiHome -Timi","1935172696532463811","","parkjjeongz","in","","0","0","0","https://x.com/undefined/status/1935172696532463811","1075673058931806208",
"1935171439927378321","Wed Jun 18 03:03:19 +0000 2025","0","@IndiHome min internet saya dari subuh error tidak ada jaringan untuk routernya berkedip lampu merah terus tolong dibantu ya","1935171439927378321","","IndiHome","in","","0","0","0","https://x.com/undefined/status/1935171439927378321","107886025",
"1935171266794897574","Wed Jun 18 03:02:38 +0000 2025","0","@IndiHome min cek dm","1935171266794897574","","IndiHome","in","","0","1","0","https://x.com/undefined/status/1935171266794897574","1076315096819744768",
"1935169357006655538","Wed Jun 18 03:01:38 +0000 2025","0","@ccacon Maaf banget yah Kak. Timi bantu cek jaringannya di lokasi ya silakan infokan nomor internet dan atas nama kepemilikannya ke DM @IndiHome. Ditunggu -Timi","1935171013828034647","","hutjawa","in","","0","1","0","https://x.com/undefined/status/1935171013828034647","1075673058931806208",
"1934980817446735894","Wed Jun 18 02:59:52 +0000 2025","0","@IndiHome kuning semua kok padahal ni sampe sekarang juga masih begitu trs min","1935170572394336609","","IndiHome","in","","0","0","0","https://x.com/undefined/status/1935170572394336609","1447959434441883650",
"1935144762925047940","Wed Jun 18 02:59:24 +0000 2025","0","@ohvuro @ohvuro Orait Kak. DMnya akan dibalas kok. Tunggu dulu ya Kak. :) -Sakia","1935170454337253420","","ohvuro","in","","0","2","0","https://x.com/undefined/status/1935170454337253420","1075673058931806208",
"1935167642035437617","Wed Jun 18 02:58:33 +0000 2025","1","@siakunaon_ Maafin yah Kak. Biar bisa Timi bantu cek jaringannya di lokasi silakan DM ke @IndiHome dengan infokan nomor internet dan atas nama kepemilikannya. Timi tunggu ya -Timi","1935170240184528962","","siakunaon_","in","","0","0","0","https://x.com/undefined/status/1935170240184528962","1075673058931806208",
"1935144762925047940","Wed Jun 18 02:56:59 +0000 2025","0","@IndiHome Udah di DM ulang bales dong!","1935169844141514981","","IndiHome","in","","0","1","0","https://x.com/undefined/status/1935169844141514981","376501634",
"1935169357006655538","Wed Jun 18 02:55:03 +0000 2025","0","Cokkk kantor kalian pake provider apa yaaa aku pake indihome ampas banget udah semingguan pake hotspot dari hape ","1935169357006655538","","","in","","0","2","0","https://x.com/undefined/status/1935169357006655538","55173265",
"1935166702817624360","Wed Jun 18 02:54:12 +0000 2025","0","@IndiHome ok kak cek dm","1935169144695177265","","IndiHome","in","","0","1","0","https://x.com/undefined/status/1935169144695177265","1269506315761508352",
"1935166702817624360","Wed Jun 18 02:51:55 +0000 2025","0","@stradivearius Maaf banget yah Kak Del. Terkait penanganan gangguan jaringannya sudah Timi DM ya. Silakan dicek Timi tunggu respon selanjutnya -Timi","1935168568595026226","","stradivearius","in","","0","1","0","https://x.com/undefined/status/1935168568595026226","1075673058931806208",
"1935167642035437617","Wed Jun 18 02:48:14 +0000 2025","0","Indihome tuh kalau telat bayar selalu kena denda tapi juga kalau bayar tepat waktu lemot nya bikin gua naik darah ","1935167642035437617","","","in","","0","3","0","https://x.com/undefined/status/1935167642035437617","1664992935220514816",
"1935146444694159382","Wed Jun 18 02:47:13 +0000 2025","0","@Delynn_JKT48 Gus? Agus sedih? Agus No Hand? Agus cemburu? Agus piano? Agus vs Agus? Agus bakar kantor? Agus Indihome? Agus es teh?","1935167386019356814","","Delynn_JKT48","in","","0","0","0","https://x.com/undefined/status/1935167386019356814","1807053561148362753",
"1935166702817624360","Wed Jun 18 02:44:30 +0000 2025","1","masih pagi indihome udah error aja","1935166702817624360","","","in","","0","2","0","https://x.com/undefined/status/1935166702817624360","1269506315761508352",
"1935166634643333559","Wed Jun 18 02:44:14 +0000 2025","0","min ini tumben banget indihome saya lag? gangguan atau gimana ya? @IndiHomeCare @IndiHome","1935166634643333559","","","in","","0","1","0","https://x.com/undefined/status/1935166634643333559","1496786891609604097",
"1935164512568754391","Wed Jun 18 02:36:23 +0000 2025","1","IndiHome sudah pakai teknologi fiber optik buat pastikan internet kamu tetap stabil kapan pun. Jadi Sobat nggak perlu khawatir soal cuaca lagi. Mau koneksi lancar? IndiHome jawabannya! ","1935164661655290222","","IndiHome","in","","0","3","0","https://x.com/undefined/status/1935164661655290222","1075673058931806208",
"1935164512568754391","Wed Jun 18 02:36:15 +0000 2025","0","Fiber optik juga lebih tahan terhadap gangguan fisik atau medan. Jadi sinyal lebih konsisten baik buat streaming gaming sampai meeting kerjaan.","1935164628922925108","","IndiHome","in","","0","2","0","https://x.com/undefined/status/1935164628922925108","1075673058931806208",
"1935164512568754391","Wed Jun 18 02:36:07 +0000 2025","0","Beda sama kabel konvensional fiber optik tetap stabil walau cuaca berubah-ubah. Cocok banget buat Sobat yang tinggal di daerah dengan cuaca dinamis atau sering hujan deras. ️","1935164593225228329","","IndiHome","in","","0","1","0","https://x.com/undefined/status/1935164593225228329","1075673058931806208",
"1935164512568754391","Wed Jun 18 02:35:59 +0000 2025","0","Teknologi fiber optik menggunakan cahaya untuk mengirim data bukan arus listrik. Artinya? Nggak terpengaruh gangguan elektromagnetik dari perangkat lain atau cuaca ekstrem.","1935164561969267172","","IndiHome","in","","0","1","0","https://x.com/undefined/status/1935164561969267172","1075673058931806208",
"1935164512568754391","Wed Jun 18 02:35:48 +0000 2025","1","Sobat pernah penasaran kenapa ada WiFi yang tetap stabil meski cuaca lagi nggak bersahabat? ️Jawabannya bisa jadi karena pakai fiber optik. Yuk bahas bareng! #IndiHomebyTelkomsel #DariRumahTanpaBatas","1935164512568754391","","","in","","0","12","1","https://x.com/undefined/status/1935164512568754391","1075673058931806208",
"1934939292096475371","Wed Jun 18 02:34:23 +0000 2025","0","@IndiHome Pagi min DM ku direspon ya min","1935164156472344786","","IndiHome","in","","0","1","0","https://x.com/undefined/status/1935164156472344786","798563634",
"1934939292096475371","Wed Jun 18 02:34:05 +0000 2025","0","@IndiHome cek dm min terimakasih","1935164082434490798","","IndiHome","in","","0","1","0","https://x.com/undefined/status/1935164082434490798","1644661645170581506",
"1935162573495919036","Wed Jun 18 02:32:13 +0000 2025","0","@Telkomsel Tidak mau penanganan indihome aja via dm dibalas 2 hari kemudian kok.","1935163611418333207","","Telkomsel","in","","0","1","0","https://x.com/undefined/status/1935163611418333207","793730672",
"1935159260348039278","Wed Jun 18 02:31:47 +0000 2025","0","@wikuwibi Timi bantu cek kembali saat ini jaringan Kakak terpantau online dan terkoneksi. Jika masih dirasa belum maksimal akan dibantu refresh melalui sistem. Namun hal ini akan menyebabkan jaringannya mati sejenak. Apakah berkenan? -Timi","1935163504362930283","","wikuwibi","in","","0","0","0","https://x.com/undefined/status/1935163504362930283","1075673058931806208",
"1934973748307718486","Wed Jun 18 02:28:16 +0000 2025","2","@FactsThatBurn @IsraelDefenseF Udah kayak router Indihome aja bang ","1935162617578012921","","FactsThatBurn","in","","0","1","0","https://x.com/undefined/status/1935162617578012921","1604985138328219648",
"1935157298873438317","Wed Jun 18 02:23:11 +0000 2025","0","@ohvuro Maaf banget Kak. Timi cek belum ada data Kakak nih yang masuk ke DM pastiin Kakak DM-nya ke akun @IndiHome ya️ -Timi","1935161337988137317","","ohvuro","in","","0","0","0","https://x.com/undefined/status/1935161337988137317","1075673058931806208",
"1935153192679154038","Wed Jun 18 02:18:00 +0000 2025","0","@IlhamSalman_ Kak Ilham pake IndiHome juga? Maaf ya kalau jaringannya kurang maksimal. DM Timi juga yuk ke akun @IndiHome dengan infoin nomor internet dan atas nama kepemilikannya biar dibantu cek jaringannya -Timi","1935160033404403824","","IlhamSalman_","in","","1","1","0","https://x.com/undefined/status/1935160033404403824","1075673058931806208",
"1935153192679154038","Wed Jun 18 02:14:59 +0000 2025","0","@urfavboiiss Maafin yah Kak Tama. DM Timi ke akun @IndiHome dengan infoin nomor internet dan atas nama kepemilikannya yuk biar dibantu cek jaringannya di lokasi -Timi","1935159277200814448","","urfavboiiss","in","","0","0","0","https://x.com/undefined/status/1935159277200814448","1075673058931806208",
"1935159260348039278","Wed Jun 18 02:14:55 +0000 2025","0","Nih bgini nih mati nyalah mati nyalah lagi sinyalnya https://t.co/nq0eEm9nzo","1935159260348039278","https://pbs.twimg.com/amplify_video_thumb/1935159034052755457/img/PIaZTclNuG4y2-bE.jpg","","in","","0","1","0","https://x.com/undefined/status/1935159260348039278","563838651",
"1935152563898433831","Wed Jun 18 02:12:06 +0000 2025","0","@iitsworld Maafin yah Kak Pingki. Biar Timi bantu cek jaringannya DM Timi ke @IndiHome dengan infokan nomor internet dan atas nama kepemilikannya. Ditunggu -Timi","1935158548197163261","","iitsworld","in","","0","0","0","https://x.com/undefined/status/1935158548197163261","1075673058931806208",
"1935158190498570397","Wed Jun 18 02:10:40 +0000 2025","0","Kalo memang karena sabtu kemaren angin kencang dan ada ganguan di tiang indihome mohon di periksa... karena wifi saya normal. Hanya saja jaringannya mati nyalah mati nyalah mohon di periksa ya","1935158190498570397","","","in","","0","0","0","https://x.com/undefined/status/1935158190498570397","563838651",
"1935149513813143882","Wed Jun 18 02:07:40 +0000 2025","0","@driftsaint Yaaah Kakak jadi gabisa internetan dengan nyaman ya? Maafin yaaa. Biar Timi bantu penanganan lebih lanjut DM ke @IndiHome dengan melampirkan capture/gambar kabelnya nomor internet dan atas nama kepemilikannya ya -Timi","1935157434177438121","","driftsaint","in","","0","0","0","https://x.com/undefined/status/1935157434177438121","1075673058931806208",
"1935157385922052592","Wed Jun 18 02:07:28 +0000 2025","0","Apa karena sambungan kabel yg ke tiang indihome ya .. karena hari sabtu kemaren sempat ada angin kencang di jakarta utara apakah mempengaruhi sambungan kabel yg berada di tiang indihome","1935157385922052592","","","in","","0","0","0","https://x.com/undefined/status/1935157385922052592","563838651",
"1935145950143725779","Wed Jun 18 02:05:44 +0000 2025","0","@IndiHome eh jadi ga enak gini","1935156947835326512","","IndiHome","in","","0","1","0","https://x.com/undefined/status/1935156947835326512","1692103422898774016",
"1935144762925047940","Wed Jun 18 02:05:23 +0000 2025","0","@ohvuro @ohvuro Maaf Kak setelah dicek kembali belum ada DM dari Kakak. Yuk infokan dan kirimkan DM-nya ke akun @IndiHome ya Kak. Agar bisa dibantu cek dan tindak lanjuti. -Haura","1935156859993997338","","ohvuro","in","","0","1","0","https://x.com/undefined/status/1935156859993997338","1075673058931806208",
"1935156097280786470","Wed Jun 18 02:02:21 +0000 2025","0","@IndiHome cek dm dong","1935156097280786470","","IndiHome","in","","0","0","0","https://x.com/undefined/status/1935156097280786470","1251108747008552961",
"1935155861938389410","Wed Jun 18 02:01:25 +0000 2025","0","Adaptor terpasang ko menyala cuma sinyalnya ilang mati ilang mati lagi","1935155861938389410","","","in","","0","0","0","https://x.com/undefined/status/1935155861938389410","563838651",
"1935010410564112574","Wed Jun 18 02:00:56 +0000 2025","0","@IndiHome nggak pernah ada masalah ","1935155737875071057","","IndiHome","in","","0","1","0","https://x.com/undefined/status/1935155737875071057","18550471",
"1935155037543743837","Wed Jun 18 01:58:09 +0000 2025","0","waktu sma aku pernah sebangku sm anak indihome trus kalo lg belajar dia tiba tiba suka ngomong sendiri atau kaget sendiri aku tanya kenapa dia jawab ada ngeliat anak kecil lah lari depan kelas biasanya juga anak kecil ini sering nongki dibawah pohon ada cewek lah dll","1935155037543743837","","","in","","0","1","0","https://x.com/undefined/status/1935155037543743837","1096387426254110721",
"1935150394721845347","Wed Jun 18 01:56:25 +0000 2025","0","@winterqin Timi cek dari gambarnya Kakak dapet Loyalty dari IndiHome berupa penambahan kecepatan jadi 100 Mbps. Loyalty akan hilang jika Kakak melakukan modifikasi paket. Biar lebih pasti DM Timi di @IndiHome dengan infokan nomor internet dan atas nama kepemilikannya ya -Timi","1935154602690887784","","winterqin","in","","0","0","0","https://x.com/undefined/status/1935154602690887784","1075673058931806208",
"1935144762925047940","Wed Jun 18 01:50:25 +0000 2025","0","@ohvuro @ohvuro Halo Kak dicek belum ada DM dari Kakak. Yuk infokan kembali DM-nya agar bisa dibantu cek lebih lanjut. -Haura","1935153093697749470","","ohvuro","in","","0","0","0","https://x.com/undefined/status/1935153093697749470","1075673058931806208",
"1935148375785226364","Wed Jun 18 01:46:50 +0000 2025","0","@aloraaluna @IndiHomeCare Maaf banget yah Kak. Biar Timi bantu cek jaringan Kakak di lokasi silakan DM Timi di akun @IndiHome dengan infokan nomor internet dan atas nama kepemilikannya ya. Timi tunggu -Timi","1935152189942677645","","aloraaluna","in","","0","0","0","https://x.com/undefined/status/1935152189942677645","1075673058931806208",
"1935144762925047940","Wed Jun 18 01:46:23 +0000 2025","0","@IndiHome udah DM bales dongg","1935152076704923687","","IndiHome","in","","0","2","0","https://x.com/undefined/status/1935152076704923687","376501634",
"1935144762925047940","Wed Jun 18 01:43:14 +0000 2025","0","@ohvuro Maaf ya Kak. Apakah Kakak ingin melakukan permintaan migrasi/ganti paket? DM Timi di akun @IndiHome untuk dibantu lebih lanjut ya. Ditunggu -Timi","1935151286099570737","","ohvuro","in","","0","1","0","https://x.com/undefined/status/1935151286099570737","1075673058931806208",
"1934939292096475371","Wed Jun 18 01:40:53 +0000 2025","0","@IndiHome Cek DM","1935150694782337248","","IndiHome","tr","","0","1","0","https://x.com/undefined/status/1935150694782337248","965952567380357120",
"1935149775906816291","Wed Jun 18 01:37:14 +0000 2025","0","@IndiHome halo kak maaf mengganggu waktunya. Router wifi kami kabelnya putus kak. Apa bisa dibantu perbaiki?alamat kantor kami di Komplek Ruko Astrio Blk. B No.08 Kepuh Betro Sedati Sidoarjo Regency East Java 61253. Minta tolong dibantu kak. Terimakasih sebelumnya kak","1935149775906816291","","IndiHome","in","","0","0","0","https://x.com/undefined/status/1935149775906816291","1437498618",
"1935149513813143882","Wed Jun 18 01:36:12 +0000 2025","0","Indihome.. tikus rumah gigitin kabel wifi...skrg gd sinyal","1935149513813143882","","","in","","0","1","0","https://x.com/undefined/status/1935149513813143882","1599078955419832320",
"1935143131152015678","Wed Jun 18 01:36:10 +0000 2025","0","@kethemils @IndiHomeCare Maaf ya Kak. Timi cek jaringan Kakak di lokasi saat ini terpantau terkoneksi. Jika dirasa kurang maksimal akan Timi bantu refresh melalui sistem. Namun hal ini akan menyebabkan jaringan Kakak mati sejenak. Apakah berkenan? -Timi","1935149505487454341","","kethemils","in","","0","0","0","https://x.com/undefined/status/1935149505487454341","1075673058931806208",
"1935148714194280579","Wed Jun 18 01:35:23 +0000 2025","0","@windhiat35 Kak @windhiat35 Dm-nya akan segera dibalas. Mohon ditunggu -Dya","1935149309248643160","","windhiat35","in","","0","0","0","https://x.com/undefined/status/1935149309248643160","1075673058931806208",
"1935148773350756562","Wed Jun 18 01:33:15 +0000 2025","0","@IndiHome min ini kenapa dari kemarin sampe sekarang jaringan wifi saya lemot ya? tolong bantu di cek","1935148773350756562","","IndiHome","in","","0","1","0","https://x.com/undefined/status/1935148773350756562","1377580752225722375",
"1935148714194280579","Wed Jun 18 01:33:01 +0000 2025","0","@IndiHome cek dm min","1935148714194280579","","IndiHome","in","","0","1","0","https://x.com/undefined/status/1935148714194280579","255425744",
"1935147293935571437","Wed Jun 18 01:27:22 +0000 2025","0","Sampai Kapan Saya Harus Menunggu Proses Migrasi IndiHome? | CC @Telkomsel @IndiHomeCare https://t.co/BmoREAflie","1935147293935571437","","","in","","0","0","0","https://x.com/undefined/status/1935147293935571437","1117529034",
"1935145950143725779","Wed Jun 18 01:25:16 +0000 2025","0","@kajeess27 Yaah kenapa nih Kak Cila? Sebelumnya Timi minta maaf ya. Kalau Kakak berlangganan IndiHome dan sedang mengalami kendala. Ceritain detailnya yuk biar Timi bantu solusikan -Timi","1935146765856162176","","ccicilaw27","in","","0","1","0","https://x.com/undefined/status/1935146765856162176","1075673058931806208",
"1935145950143725779","Wed Jun 18 01:22:02 +0000 2025","0","guyss minta rekomendasi wifi di makassar selain indihome dong","1935145950143725779","","","in","","0","2","0","https://x.com/undefined/status/1935145950143725779","1692103422898774016",
"1935010410564112574","Wed Jun 18 01:21:02 +0000 2025","0","@UpikLucifer Kak Lucifer berlangganan IndiHome ya? Lagi ada kendala gak? -Timi","1935145699425030354","","UpikLucifer","in","","0","2","0","https://x.com/undefined/status/1935145699425030354","1075673058931806208",
"1935144814850503031","Wed Jun 18 01:17:31 +0000 2025","0","@IndiHome cek dm","1935144814850503031","","IndiHome","tr","","0","0","0","https://x.com/undefined/status/1935144814850503031","1067700796983148544",
"1935132984006557842","Wed Jun 18 01:16:54 +0000 2025","0","@maisikrit Maafin yah Kak. DM Timi dengan infokan nomor internet dan atas nama kepemilikannya yuk biar dibantu pengecekan jaringannya di lokasi. Ditunggu ya -Timi","1935144657463427567","","maisikrit","in","","0","0","0","https://x.com/undefined/status/1935144657463427567","1075673058931806208",
"1935131593406038497","Wed Jun 18 01:13:25 +0000 2025","0","@fyochrarall Maafin ya Kak. Kenapa nih sama IndiHome-nya? Infoin lebih detail yuk biar Timi bantu solusikan -Timi","1935143781038424575","","fyochrarall","in","","0","0","0","https://x.com/undefined/status/1935143781038424575","1075673058931806208",
"1934987547257766238","Wed Jun 18 01:10:05 +0000 2025","0","@IndiHome Cek dm ya kak ini saya mau tanya dulu ya","1935142943020695829","","IndiHome","in","","0","1","0","https://x.com/undefined/status/1935142943020695829","1679823761179279360",
"1934939292096475371","Wed Jun 18 01:05:17 +0000 2025","0","@IndiHome Cek dm jaringan lu kek tai lama lama","1935141735430242659","","IndiHome","in","","0","1","0","https://x.com/undefined/status/1935141735430242659","1561631651968724992",
"1935133809772740848","Wed Jun 18 01:01:28 +0000 2025","0","@haechanpecel Kak Elsa buat layanan Prime Video-nya akan Timi bantu pengecekan terlebih dahulu ya. Silakan DM Timi di @IndiHome dengan infokan nomor internet dan atas nama kepemilikannya. Timi tunggu -Timi","1935140775291154830","","haechanpecel","in","","0","0","0","https://x.com/undefined/status/1935140775291154830","1075673058931806208",
"1935130195104776376","Wed Jun 18 00:50:05 +0000 2025","0","@wikuwibi Maafin yah Kak Wiku. Timi cek jaringannya menunjukan perangkat modem tidak mendapat catuan listrik nih. Pastikan adaptor terpasang dengan benar dapat mengeluarkan listrik dan tidak dalam keadaan listrik padam. DM Timi di @IndiHome untuk penanganan lebih lanjut ya!-Timi","1935137908362723447","","wikuwibi","in","","1","0","0","https://x.com/undefined/status/1935137908362723447","1075673058931806208",
"1935010410564112574","Wed Jun 18 00:40:57 +0000 2025","2","@SugengMjd @Starlink mending langganan Indihome premium 50 Kbps 750rb/bln. Kuenceeng luar biasa ","1935135611503132885","","SugengMjd","in","","0","10","0","https://x.com/undefined/status/1935135611503132885","18550471",
"1935135373522501987","Wed Jun 18 00:40:00 +0000 2025","0","@IndiHome min cek dm","1935135373522501987","","IndiHome","in","","0","1","0","https://x.com/undefined/status/1935135373522501987","1755298245235085312",
"1935108942285463974","Wed Jun 18 00:33:25 +0000 2025","0","@SultonMhmad Maaf banget yah Kak Sulton. Biar Timi bantu pengecekan jaringannya di lokasi silakan DM Timi ke akun @IndiHome untuk nomor internet dan atas nama kepemilikannya. Timi tunggu ya -Timi","1935133714889195875","","SultonMhmad","in","","0","0","0","https://x.com/undefined/status/1935133714889195875","1075673058931806208",
"1935132984006557842","Wed Jun 18 00:30:31 +0000 2025","0","Yaelah IndiHome pagi-pagi begini gangguan. Bgst.","1935132984006557842","","","in","","0","1","0","https://x.com/undefined/status/1935132984006557842","4333731500",
"1935130534805651954","Wed Jun 18 00:20:47 +0000 2025","0","@IndiHome halo saya sudah dm saya menanyakan kenapa sinyal wifi saya sudah dua hari mati nyalah mati nyalah. Apakah ada ganguan mohon informasinya terimakasih","1935130534805651954","","IndiHome","in","","0","1","0","https://x.com/undefined/status/1935130534805651954","563838651",
"1935130195104776376","Wed Jun 18 00:19:26 +0000 2025","0","@IndiHomeCare mau tanya sinyal indihome saya dari dua hari lalu mati nyalah mati nyalah kenapa ya.. apakah ada ganguan","1935130195104776376","","IndiHomeCare","in","","0","1","0","https://x.com/undefined/status/1935130195104776376","563838651",
"1934939292096475371","Wed Jun 18 00:15:49 +0000 2025","0","@IndiHome Min please Cek DM Terimakasih","1935129285548982366","","IniBukanBadak_A","in","","0","0","0","https://x.com/undefined/status/1935129285548982366","1542780827746324481",
"1935128790344286612","Wed Jun 18 00:13:51 +0000 2025","0","@IndiHomeCare @IndiHome halo min daritadi malam wifi saya lambat banget. Tolong bantuannya untuk dicek no layanan: 122207470980. Thank you","1935128790344286612","","IndiHomeCare","in","","0","1","0","https://x.com/undefined/status/1935128790344286612","584714303",
"1934939292096475371","Tue Jun 17 23:57:42 +0000 2025","0","@IndiHome Min Cek DM","1935124729180078159","","IndiHome","in","","0","1","0","https://x.com/undefined/status/1935124729180078159","1542780827746324481",
"1934987186707046562","Tue Jun 17 23:54:56 +0000 2025","0","@IndiHome telat aih","1935124032489406694","","IndiHome","in","","0","0","0","https://x.com/undefined/status/1935124032489406694","1806242802910851072",
"1935119995094409701","Tue Jun 17 23:53:34 +0000 2025","0","@IndiHome kabel Patch Cord sudah terpasang dengan benar tolong segera ditindak lanjuti laporan saya!! saya bayar rutin tapi koneksi indihome nya gangguan melulu!!","1935123686316720519","","IndiHome","in","","0","0","0","https://x.com/undefined/status/1935123686316720519","1381898572682076165",
"1935119995094409701","Tue Jun 17 23:44:34 +0000 2025","0","@misszelyanti Kak @misszelyanti Jika lampu Los berwarna merah hal tersebut terjadi biasanya dikarenakan kabel Patch Cord yang longgar. Pastikan kabel patch cord terpasang dengan benar. Dm-nya akan segera dibalas ya. Mohon ditunggu -Dya","1935121421677773039","","misszelyanti","in","","0","1","0","https://x.com/undefined/status/1935121421677773039","1075673058931806208",
"1935119995094409701","Tue Jun 17 23:38:54 +0000 2025","0","@IndiHome halo kak tolong DM saya segera direspon ya internet saya gangguan dari hari minggu kemarin sampai hari ini lampu indikator LOS masih menyala merah.","1935119995094409701","","IndiHome","in","","0","1","0","https://x.com/undefined/status/1935119995094409701","1381898572682076165",
"1934865884105068698","Tue Jun 17 23:28:48 +0000 2025","0","@IndiHome cek dm min","1935117454180778010","","IndiHome","in","","0","1","0","https://x.com/undefined/status/1935117454180778010","2289775982",
"1931338324867957022","Tue Jun 17 23:03:07 +0000 2025","0","@IndiHome Min apa benar jika ingin berhenti menggunakan indihome akan ada dikenakan biaya pencabutan instalasi ? Saya lokasi di kolaka sulawesi tenggara.","1935110989038678271","","IndiHome","in","","0","1","0","https://x.com/undefined/status/1935110989038678271","223048648",
"1935110303664177431","Tue Jun 17 23:00:23 +0000 2025","2","@IndiHome bang masih pagi ah masa udah ngadat","1935110303664177431","","IndiHome","in","","0","2","0","https://x.com/undefined/status/1935110303664177431","1686538514119475201",
"1935107994901196954","Tue Jun 17 22:52:53 +0000 2025","0","@sleepyhaneul Maaf dibikin nunggu Kak @sleepyhaneul DM nya akan segera dibalas ya -Aci","1935108414658724118","","sleepyhaneul","in","","0","1","0","https://x.com/undefined/status/1935108414658724118","1075673058931806208",
"1935107994901196954","Tue Jun 17 22:51:13 +0000 2025","0","Mana cek dm @IndiHome","1935107994901196954","","","tr","","0","1","0","https://x.com/undefined/status/1935107994901196954","617937935",
"1935106884303995199","Tue Jun 17 22:49:52 +0000 2025","0","@IndiHome Iyes cek DM ya udah aku DM","1935107657133867310","","IndiHome","in","","0","1","0","https://x.com/undefined/status/1935107657133867310","1918640208532369408",
"1935106884303995199","Tue Jun 17 22:49:33 +0000 2025","0","@melatitegugur Kak untuk kendalanya apakah muncul kedip merah di modem-nya? -Anggi","1935107578079625678","","melatitegugur","in","","0","1","0","https://x.com/undefined/status/1935107578079625678","1075673058931806208",
"1935106884303995199","Tue Jun 17 22:46:48 +0000 2025","0","Bepagian hari Indihome gangguan heh","1935106884303995199","","","in","","0","1","0","https://x.com/undefined/status/1935106884303995199","1918640208532369408",
"1935010410564112574","Tue Jun 17 22:43:27 +0000 2025","231","@Starlink scam kayak indihome.. 6 bulan pertama doang bagus abis itu gitulah. posisi kerja di tambang buat wifi di mess","1935106042817548739","","Starlink","in","","1","25","16","https://x.com/undefined/status/1935106042817548739","620582869",
"1935099199613452565","Tue Jun 17 22:16:16 +0000 2025","0","bapuk bgt indihome","1935099199613452565","","","in","","0","0","0","https://x.com/undefined/status/1935099199613452565","1198119602259021824",
"1934077615742308477","Tue Jun 17 22:15:29 +0000 2025","0","@IndiHome iya min","1935099003848560926","","IndiHome","in","","0","1","0","https://x.com/undefined/status/1935099003848560926","1419826091779248132",
"1934988854840488408","Tue Jun 17 22:06:08 +0000 2025","0","@IndiHome kemarin iya los merah sekarang sinyalnya mati tidak ada nyala sama sekali","1935096649589928278","","IndiHome","in","","0","1","0","https://x.com/undefined/status/1935096649589928278","1386892511872839680",
"1935080040158605439","Tue Jun 17 21:00:08 +0000 2025","0","@IndiHome tolong cek DM kak","1935080040158605439","","IndiHome","in","","0","0","0","https://x.com/undefined/status/1935080040158605439","85748346",
"1935079029775942057","Tue Jun 17 20:56:07 +0000 2025","0","@IndiHomeCare @IndiHome tolong sinyal di daerah ketapang kota tangerang emg ilang kah? wifiku gabisa nyala krn abis ujan deres bgt dr sore sampe malem bgt ga berhenti2","1935079029775942057","","IndiHomeCare","in","","0","1","0","https://x.com/undefined/status/1935079029775942057","768503436090290177",
"1935065173385224511","Tue Jun 17 20:46:04 +0000 2025","0","@SintiaHadriani Kakak udah pastiin belum jarak pakai wifinya gak terlalu jauh dari modem? -Anggi","1935076500816150700","","SintiaHadriani","in","","0","0","0","https://x.com/undefined/status/1935076500816150700","1075673058931806208",
"1935057673785090254","Tue Jun 17 20:45:17 +0000 2025","0","@RazakIbnu Kenapa nih Kak sama IndiHome-nya? Sini sini ceritain yuk. -Anggi","1935076303302181008","","RazakIbnu","in","","0","0","0","https://x.com/undefined/status/1935076303302181008","1075673058931806208",
"1935065173385224511","Tue Jun 17 20:01:03 +0000 2025","0","wifi #indihome malam ini kenapa lemot bngt ya?? Arghh","1935065173385224511","","","in","","0","1","0","https://x.com/undefined/status/1935065173385224511","1977231092",
"1935049927010435252","Tue Jun 17 19:24:30 +0000 2025","0","@priasessat Kendalanya kalau boleh tau saat mengakses apa nih Kak? -Anggi","1935055973997232619","","priasessat","in","","0","0","0","https://x.com/undefined/status/1935055973997232619","1075673058931806208",
"1935049927010435252","Tue Jun 17 19:00:28 +0000 2025","0","indihome anjing tbtb jelek jaringan ga jelas. tadi fine fine aja knp tbtb banget ngedrop tai","1935049927010435252","","","in","","0","1","0","https://x.com/undefined/status/1935049927010435252","1101424007163736066",
"1935021478480937207","Tue Jun 17 18:52:48 +0000 2025","0","@KuahMisop @skotengs @IndiHome @KuahMisop Ada yang bisa Rasya bantu terkait produk dan layanan Telkomsel Kak? :) -Rasya","1935047997865476118","","KuahMisop","in","","0","0","0","https://x.com/undefined/status/1935047997865476118","255409050",
"1935021478480937207","Tue Jun 17 18:51:50 +0000 2025","0","@KuahMisop @Telkomsel @IndiHome bro memilih 2","1935047753526341742","","KuahMisop","in","","0","0","0","https://x.com/undefined/status/1935047753526341742","1183189572743622656",
"1935021478480937207","Tue Jun 17 18:47:18 +0000 2025","0","@skotengs @Telkomsel @IndiHome @Telkomsel mn kok ilang","1935046613237629350","","skotengs","in","","0","2","0","https://x.com/undefined/status/1935046613237629350","1090937828836438016",
"1935021478480937207","Tue Jun 17 18:46:51 +0000 2025","0","@KuahMisop @Telkomsel @IndiHome ud butuh x ni","1935046498242494851","","KuahMisop","in","","0","1","0","https://x.com/undefined/status/1935046498242494851","1183189572743622656",
"1934939292096475371","Tue Jun 17 18:40:00 +0000 2025","0","@IndiHome min cek dm","1935044775234912346","","IndiHome","in","","0","1","0","https://x.com/undefined/status/1935044775234912346","1334542233681362944",
"1934939292096475371","Tue Jun 17 18:31:11 +0000 2025","0","@IndiHome halo cek dm","1935042556536177122","","IndiHome","in","","0","1","0","https://x.com/undefined/status/1935042556536177122","1110507971123920899",
"1935023430610698584","Tue Jun 17 18:30:47 +0000 2025","0","@IndiHome cek dm","1935042454304211100","","IndiHome","tr","","0","0","0","https://x.com/undefined/status/1935042454304211100","123892024",
"1934865884105068698","Tue Jun 17 18:29:11 +0000 2025","0","@cattoluf Maaf Kak Sa. Boleh DM in ID akun IndiHome sama nama lengkap pemilik yuk biar dibantu penanganan lebih lanjut. Sehat selalu :) -Rasya","1935042052892594338","","cattoluf","in","","0","1","0","https://x.com/undefined/status/1935042052892594338","1075673058931806208",
"1935041727909462506","Tue Jun 17 18:27:53 +0000 2025","1","heh pepek @IndiHomeCare @IndiHome gangguan aja terus sampe kiamat monyettt!","1935041727909462506","","","in","","0","1","0","https://x.com/undefined/status/1935041727909462506","1362346113622183936",
"1935003166015430768","Tue Jun 17 18:26:58 +0000 2025","0","@din9d0ng_ Kak Tatha maaf untuk kendalanya. DM in ID akun IndiHome sama nama lengkap pemilik biar dibantu penanganan lebih lanjut. Sehat selalu :) -Rasya","1935041493569560950","","din9d0ng_","in","","0","0","0","https://x.com/undefined/status/1935041493569560950","1075673058931806208",
"1934939292096475371","Tue Jun 17 18:26:15 +0000 2025","0","@Ellay_JKT48 Done Kak Imam :) -Rasya","1935041315202547823","","Ellay_JKT48","in","","0","0","0","https://x.com/undefined/status/1935041315202547823","1075673058931806208",
"1934973715533779372","Tue Jun 17 18:25:12 +0000 2025","0","@4priyans Oke Kak Fer. Kalo butuh bantuan lagi jangan sungkan senggol kami. Have a nice dream ️-Rasya","1935041049774407936","","4priyans","in","","0","0","0","https://x.com/undefined/status/1935041049774407936","1075673058931806208",
"1934976521145655796","Tue Jun 17 18:24:07 +0000 2025","0","@sayasch_ Maaf dilanjut penanganan kembali via DM yuk Kak. Sehat selalu :) -Rasya","1935040779292180695","","sayasch_","in","","0","0","0","https://x.com/undefined/status/1935040779292180695","1075673058931806208",
"1934982812068978943","Tue Jun 17 18:23:06 +0000 2025","0","@RidwanSaputrra Untuk proses berhenti berlangganan saat ini dapat kami bantu reservasi agar Kak Ridwan dihubungi oleh 188 maksimal 1x24 jam sehingga tidak perlu terpotong pulsa saat proses berlangsung. Yuk lanjut di DM. Makasih :) -Rasya","1935040523942899858","","RidwanSaputrra","in","","0","1","0","https://x.com/undefined/status/1935040523942899858","1075673058931806208",
"1935038678176514249","Tue Jun 17 18:22:00 +0000 2025","0","@leowasheree Kakak maaf kira-kira untuk jarak pakai wifinya jauh dari modem gak nih? :) -Anggi","1935040246829432887","","leowasheree","in","","0","0","0","https://x.com/undefined/status/1935040246829432887","1075673058931806208",
"1934988835538309305","Tue Jun 17 18:21:40 +0000 2025","0","@efgha0332 Done yah Kak. Yuk lanjut lagi via DM. Sehat selalu :) --Rasya","1935040161932525930","","efgha0332","in","","0","0","0","https://x.com/undefined/status/1935040161932525930","1075673058931806208",
"1934976236478214329","Tue Jun 17 18:19:55 +0000 2025","0","@Almon1714 Maaf yah Kak Flentina. Pastikan kabel Patch Cord terpasang dengan benar. DM in ID akun IndiHome sama nama lengkap pemilik biar dibantu penanganan lebih lanjut. Sehat selalu :) -Rasya","1935039719756509592","","Almon1714","in","","0","0","0","https://x.com/undefined/status/1935039719756509592","1075673058931806208",
"1934991290154053649","Tue Jun 17 18:18:42 +0000 2025","0","@barcoys Kak kenapa nih sama IndiHome-nya? Sini ceritain biar mimin bantu ya. -Anggi","1935039416894111853","","barcoys","in","","0","0","0","https://x.com/undefined/status/1935039416894111853","1075673058931806208",
"1934976231788958138","Tue Jun 17 18:18:41 +0000 2025","0","@menyruput Maaf ya Kak Vinn. Rasya bantu cari solusi biar jaringan kenceng lagi. DM in ID akun IndiHome sama nama lengkap pemilik yuk. Sehat selalu :) -Rasya","1935039410212614563","","menyruput","in","","0","0","0","https://x.com/undefined/status/1935039410212614563","1075673058931806208",
"1934944336556491068","Tue Jun 17 18:18:07 +0000 2025","0","@IndiHome cek lagi ya","1935039268206035445","","IndiHome","in","","0","1","0","https://x.com/undefined/status/1935039268206035445","60816163",
"1934990584420434152","Tue Jun 17 18:17:56 +0000 2025","0","@caloncikgu Kendalanya pada saat akses Tiktok aja Kak? Maaf ya Kak. -Anggi","1935039221741535589","","caloncikgu","in","","0","0","0","https://x.com/undefined/status/1935039221741535589","1075673058931806208",
"1934987547257766238","Tue Jun 17 18:17:42 +0000 2025","0","@Infproom Untuk proses migrasi paket Kak El DM in ID akun IndiHome nama lengkap pemilik sama relasi kepemilikan yuk. Sehat selalu :) -Rasya","1935039162778009727","","Infproom","in","","0","1","0","https://x.com/undefined/status/1935039162778009727","1075673058931806208",
"1934989094922445034","Tue Jun 17 18:17:17 +0000 2025","0","@sxftjim Diupayakan secepatnya segera solved ya Kak kendalanya. Ditunggu progressnya Kak. -Anggi","1935039060520980782","","sxftjim","in","","0","0","0","https://x.com/undefined/status/1935039060520980782","1075673058931806208",
"1934956316835082366","Tue Jun 17 18:16:30 +0000 2025","0","@PerahuAwan__ Duh maaf banget Kak. Biar mimin optimalin lagi akses internetnya boleh Kakak infoin nomor internetnya via DM Kak. -Anggi","1935038860549108178","","PerahuAwan__","in","","0","0","0","https://x.com/undefined/status/1935038860549108178","1075673058931806208",
"1935038678176514249","Tue Jun 17 18:15:46 +0000 2025","0","indihome kamu kenapa?? superrr lemotzzzz ","1935038678176514249","","","in","","0","1","0","https://x.com/undefined/status/1935038678176514249","1488358097332551681",
"1929892695750619287","Tue Jun 17 18:15:23 +0000 2025","0","@asmodeuoz Kalau Kakaknya pakai IndiHome juga kah? -Anggi","1935038579589398824","","asmodeuoz","in","","0","0","0","https://x.com/undefined/status/1935038579589398824","1075673058931806208",
"1934831158031994909","Tue Jun 17 18:14:07 +0000 2025","0","@tokyouenji Untuk sekarang apakah sudah kembali normal akses internetnya Kak? -Anggi","1935038260990066768","","tokyouenji","in","","0","0","0","https://x.com/undefined/status/1935038260990066768","1075673058931806208",
"1934795075252572304","Tue Jun 17 18:13:11 +0000 2025","0","@hepptagon Hi Kak jika Kakak butuh bantuan soal IndiHome bisa langsung DM mimin ya. :) -Anggi","1935038025291153528","","hepptagon","in","","0","0","0","https://x.com/undefined/status/1935038025291153528","1075673058931806208",
"1935035848204165531","Tue Jun 17 18:08:46 +0000 2025","0","@maul_ull @maul_ull Halo Kak Maulana. Untuk cek terkait pembelian produk Loyalty Speed Indihome yang dimaksud mohon infokan terlebih dahulu nomor internet sama atas nama pemilik ke DM biar dibantu pengecekan lebih lanjut ya -Rai","1935036916556247267","","maul_ull","in","","0","0","0","https://x.com/undefined/status/1935036916556247267","255409050",
"1935023430610698584","Tue Jun 17 18:06:40 +0000 2025","0","@_matarx Maaf atas gangguan yang Kakak alami Coba pastikan jarak perangkat dan modem nggak terlalu jauh atau terhalang tembok. Kalau masih gangguan boleh DM ke @IndiHome ya biar kami bantu lebih lanjut. -Anggi","1935036386098430033","","_matarx","in","","0","1","0","https://x.com/undefined/status/1935036386098430033","1075673058931806208",
"1935035848204165531","Tue Jun 17 18:04:32 +0000 2025","0","@Telkomsel min mau tanya soal loyalty speed indihome kemarin tgl 12 ada pembelian loyalty speed indihome rp.0 (gratis) dan tiba2 FUP saya reset apakah itu free dari telkom ? Jika iya apakah berlaku ke bulan depan ?","1935035848204165531","","Telkomsel","in","","0","1","0","https://x.com/undefined/status/1935035848204165531","578740842",
"1935035273072755021","Tue Jun 17 18:02:14 +0000 2025","4","Kayaknya anak indihome fix seenggknya km beneran manusiaa bukan dari planet lain ","1935035273072755021","","","in","","0","0","1","https://x.com/undefined/status/1935035273072755021","120423572",
"1935029657029755133","Tue Jun 17 18:01:10 +0000 2025","0","@mahaeciumn Eh maaf Kak kalau sekarang udah lancar belum? -Anggi","1935035004020736002","","mahaeciumn","in","","0","0","0","https://x.com/undefined/status/1935035004020736002","1075673058931806208",
"1935024197530767708","Tue Jun 17 17:59:56 +0000 2025","0","@bukanpresiden01 Maaf banget ya Kak. Biar mimin bantu cek boleh Kakak infokan data yang dibutuhkan via DM. -Anggi","1935034693520613724","","bukanpresiden01","in","","0","0","0","https://x.com/undefined/status/1935034693520613724","1075673058931806208",
"1934968639649894764","Tue Jun 17 17:59:31 +0000 2025","0","@kucingorenlucuk Maaf yah Kak. Kalo saat ini masih kendala Kakak bisa lanjut via DM biar segera dibantu cari solusi. Sehat selalu :) -Rasya","1935034589459923305","","kucingorenlucuk","in","","0","0","0","https://x.com/undefined/status/1935034589459923305","1075673058931806208",
"1935024082283901212","Tue Jun 17 17:58:26 +0000 2025","0","@emiliasarchive Sekarang apakah sudah kembali normal akses internetnya Kak? -Anggi","1935034316494618790","","emiliasarchive","in","","0","0","0","https://x.com/undefined/status/1935034316494618790","1075673058931806208",
"1935021478480937207","Tue Jun 17 17:54:37 +0000 2025","0","@Telkomsel @skotengs @IndiHome Tolong bantu dlu bos 100 aj","1935033353486614771","","Telkomsel","in","","0","1","0","https://x.com/undefined/status/1935033353486614771","1090937828836438016",
"1934525698242470184","Tue Jun 17 17:54:18 +0000 2025","0","@yenitamala Maaf Kak. Rekan kami akan lanjut penanganan lagi via DM. Sehat selalu :) -Rasya","1935033273887113701","","yenitamala","in","","0","2","0","https://x.com/undefined/status/1935033273887113701","1075673058931806208",
"1935021478480937207","Tue Jun 17 17:53:15 +0000 2025","0","@KuahMisop @skotengs @IndiHome @KuahMisop Hallo Kak. Ada yang bisa Zyad bantu? infoin lebih detail lagi yuk pertanyaan atau keluhannya biar dibantu solusi yang tepat. Makasih :) -Zyad","1935033009989894613","","KuahMisop","in","","0","1","0","https://x.com/undefined/status/1935033009989894613","255409050",
"1934953729591263570","Tue Jun 17 17:52:49 +0000 2025","0","@g_giggs Maaf banget yah Kak Gegik. Rekan kami akan segera lanjut penanganan via DM. Sehat selalu :) -Rasya","1935032901676200427","","g_giggs","in","","0","0","0","https://x.com/undefined/status/1935032901676200427","1075673058931806208",
"1934979746443772012","Tue Jun 17 17:51:59 +0000 2025","0","@iheartgyuv Maaf yah Kak. Dilanjut penanganan via DM yuk. Sehat selalu :) -Rasya","1935032691839447095","","iheartgyuv","in","","0","0","0","https://x.com/undefined/status/1935032691839447095","1075673058931806208",
"1934984655440376164","Tue Jun 17 17:51:24 +0000 2025","0","@rotiunyil3012 Maaf ya Kak Oggy. Udah dibantu penanganan via DM yah. Sehat selalu :) -Rasya","1935032542849286380","","rotiunyil3012","in","","0","0","0","https://x.com/undefined/status/1935032542849286380","1075673058931806208",
"1934939292096475371","Tue Jun 17 17:50:39 +0000 2025","0","@TurtleNoMuscle Maaf untuk kendalanya Kak. DM in ID akun IndiHome sama nama lengkap pemilik yuk biar dibantu penanganan lebih lanjut. Sehat selalu :) -Rasya","1935032355334537279","","TurtleNoMuscle","in","","0","0","0","https://x.com/undefined/status/1935032355334537279","1075673058931806208",
"1934980863672115660","Tue Jun 17 17:49:39 +0000 2025","0","@iheartgyuv Maaf yah Kak. Rasya bantu cari solusi biar jaringan stabil lagi. DM in ID akun IndiHome sama nama lengkap pemilik yuk. Sehat selalu :) -Rasya","1935032103076511813","","iheartgyuv","in","","0","0","0","https://x.com/undefined/status/1935032103076511813","1075673058931806208",
"1934895829912842573","Tue Jun 17 17:48:26 +0000 2025","0","@timiest Mantap Kak. Makasih udah terus setia sama IndiHome. Sehat dan bahagia selalu️-Rasya","1935031798532292747","","timiest","in","","0","0","0","https://x.com/undefined/status/1935031798532292747","1075673058931806208",
"1935021478480937207","Tue Jun 17 17:47:20 +0000 2025","0","@skotengs @IndiHome @Telkomsel Terbaik lah","1935031520437354754","","skotengs","in","","0","1","0","https://x.com/undefined/status/1935031520437354754","1090937828836438016",
"1934874583657807942","Tue Jun 17 17:45:45 +0000 2025","0","@tetaphidupyh polisi kan udah digaji kenapa kita keluar uang lagi? mas mas indihome sama damkar aja ngga perlu bayar lagi","1935031122741838301","","tetaphidupyh","in","","0","0","0","https://x.com/undefined/status/1935031122741838301","1491140055439900675",
"1934952487414579527","Tue Jun 17 17:45:43 +0000 2025","0","@chillormatcha Mantap Kak. Kalo butuh bantuan lagi jangan sungkan senggol kami yah. Makasih udah terus setia sama IndiHome. Sehat dan bahagia selalu️-Rasya","1935031113568895225","","chillormatcha","in","","0","0","0","https://x.com/undefined/status/1935031113568895225","1075673058931806208",
"1934967241373786438","Tue Jun 17 17:42:40 +0000 2025","0","@apxi_ble Maaf yah Kak. Rekan kami akan lanjut penanganan lagi via DM. Sehat selalu :) -Rasya","1935030347533807974","","apxi_ble","in","","0","0","0","https://x.com/undefined/status/1935030347533807974","1075673058931806208",
"1935028985756586244","Tue Jun 17 17:41:52 +0000 2025","0","@justfarissss @IndiHomeCare @justfarissss Maaf Kak Faris. Mengenai kendala jaringan gak stabil coba infoin dulu yuk ke DM nomor IndiHome sama atas nana biar dibantu cek serta privasi data terjaga. Makasih :) -Zyad","1935030146949627917","","justfarissss","in","","0","0","0","https://x.com/undefined/status/1935030146949627917","1075673058931806208",
"1934648587549598079","Tue Jun 17 17:41:42 +0000 2025","0","@snicz Done Kak. Dilanjut lagi via DM yuk. Sehat selalu :) -Rasya","1935030103110771142","","snicz","in","","0","0","0","https://x.com/undefined/status/1935030103110771142","1075673058931806208",
"1935028985756586244","Tue Jun 17 17:37:15 +0000 2025","0","woy @IndiHomeCare @IndiHome minimal benerin kek pelayanan busuk gini anj kek kontol tau gak? minimal kalo punya kek ginian dijaga kek tolol https://t.co/hDAVSJ2ZiJ","1935028985756586244","https://pbs.twimg.com/media/Gtqae68bwAAQdqE.jpg","","in","","0","1","0","https://x.com/undefined/status/1935028985756586244","1349636645063069696",
"1935026286478639577","Tue Jun 17 17:26:32 +0000 2025","0","indihome plis bertobat dan kembali lah menjadi jaringan yang lurus ","1935026286478639577","","","in","","0","2","0","https://x.com/undefined/status/1935026286478639577","1251029536822550528",
"1934971243746513232","Tue Jun 17 17:23:22 +0000 2025","0","@ningerum Done yah Kak Ningrum. Makasih udah terus setia sama IndiHome. Sehat dan bahagia selalu️-Rasya","1935025488042577939","","ningerum","in","","0","0","0","https://x.com/undefined/status/1935025488042577939","1075673058931806208",
"1934969968057340177","Tue Jun 17 17:22:33 +0000 2025","0","@dabluedw Maaf ya Kak Nana. Rasya bantu cari solusi biar jaringan kenceng lagi. DM in iID akun IndiHome sama nama lengkap pemilik yuk. Sehat selalu :) -Rasya","1935025285927518370","","dabluedw","in","","0","0","0","https://x.com/undefined/status/1935025285927518370","1075673058931806208",
"1934960388967469082","Tue Jun 17 17:21:42 +0000 2025","0","@biyl_lo Maaf yah Kak Bila. DM in ID akun IndiHome sama nama lengkap pemilik yuk biar dibantu penanganan lebih lanjut. Sehat selalu :) -Rasya","1935025071149694988","","biyl_lo","in","","0","0","0","https://x.com/undefined/status/1935025071149694988","1075673058931806208",
"1934966914096517413","Tue Jun 17 17:20:20 +0000 2025","0","@gather33915 Maaf ya Kak Albion. DM in ID akun IndiHome sama nama lengkap pemilikuk biar dibantu penanganan lebih lanjut. Sehat selalu :) -Rasya","1935024727128686889","","gather33915","in","","0","0","0","https://x.com/undefined/status/1935024727128686889","1075673058931806208",
"1934882271854776493","Tue Jun 17 17:19:13 +0000 2025","0","@IrhamArrazzaq Udah dibantu penanganan via DM yah Kak Irham. Sehat selalu :) -Rasya","1935024444340322395","","IrhamArrazzaq","in","","0","0","0","https://x.com/undefined/status/1935024444340322395","1075673058931806208",
"1935024082283901212","Tue Jun 17 17:17:46 +0000 2025","0","indihome lemot bgttt coongggg stresss ","1935024082283901212","","","in","","0","1","0","https://x.com/undefined/status/1935024082283901212","1251029536822550528",
"1934965125603344660","Tue Jun 17 17:17:36 +0000 2025","0","@starboyytr Maaf yah Kak. Rekan kami akan segera lanjut penanganan via DM. Sehat selalu :) -Rasya","1935024037023080712","","prropchy","in","","0","0","0","https://x.com/undefined/status/1935024037023080712","1075673058931806208",
"1934964067854401806","Tue Jun 17 17:16:42 +0000 2025","0","@strespkpm Maaf Kak Isabel. Rasya bantu cari solusi biar jaringan kenceng lagi. DM in ID akun IndiHome sama nama lengkap pemilik yuk. Sehat selalu :) -Rasya","1935023811289825314","","strespkpm","in","","0","0","0","https://x.com/undefined/status/1935023811289825314","1075673058931806208",
"1934969097533681809","Tue Jun 17 17:15:46 +0000 2025","0","@woopykid Maaf ya Kak. Udah dibantu penanganan via DM yah. Sehat selalu :) -Rasya","1935023577537069122","","woopykid","in","","0","0","0","https://x.com/undefined/status/1935023577537069122","1075673058931806208",
"1934882271854776493","Tue Jun 17 17:14:48 +0000 2025","0","@IrhamArrazzaq Maaf Kak Irham. Udah dibantu penanganan via DM yah. Sehat selalu :) -Rasya","1935023334431019180","","IrhamArrazzaq","in","","0","0","0","https://x.com/undefined/status/1935023334431019180","1075673058931806208",
"1935022982415741375","Tue Jun 17 17:14:30 +0000 2025","0","@ElSuKitFamS Hi Kak kenapa nih sama IndiHome-nya? Yuk infoin detailnya -Draken","1935023260577763542","","ElSuKitFamS","in","","0","0","0","https://x.com/undefined/status/1935023260577763542","1075673058931806208",
"1934863611060736439","Tue Jun 17 17:13:14 +0000 2025","0","@bimabawana Udah dibantu penanganan via DM yah Kak Bima. Sehat selalu :) -Rasya","1935022941407986157","","bimabawana","in","","0","0","0","https://x.com/undefined/status/1935022941407986157","1075673058931806208",
"1935021478480937207","Tue Jun 17 17:12:48 +0000 2025","0","@skotengs @IndiHome Maafin ya Kak @skotengs . Buat kendala akses internet yang dialami coba kirim ke DM nomor Telkomsel lokasi detail nomor IndiHome sama atas nama biar bisa dibantu cek lebih lanjut. Tks :) -Frey","1935022829826896293","","skotengs","in","","0","0","0","https://x.com/undefined/status/1935022829826896293","255409050",
"1935020975713829217","Tue Jun 17 17:11:12 +0000 2025","0","@ciloooooooooook Maaf atas kendala yg dialaminya Kak Draken sarankan untuk dihapus mentionnya karena terdapat nomor layanan yg sifatnya privasi. Supaya data Kakak tetap aman penanganan jaringan internetnya dilanjutkan via DM @IndiHome ya. -Draken","1935022427152728428","","ciloooooooooook","in","","0","0","0","https://x.com/undefined/status/1935022427152728428","1075673058931806208",
"1935021478480937207","Tue Jun 17 17:07:26 +0000 2025","1","lokal pride @IndiHome @Telkomsel emg babi https://t.co/hagk0jPrmA","1935021478480937207","https://pbs.twimg.com/ext_tw_video_thumb/1935021451742167040/pu/img/mf_mU91bkpNtSMqI.jpg","","in","","0","2","0","https://x.com/undefined/status/1935021478480937207","1183189572743622656",
"1935018932081148148","Tue Jun 17 16:59:06 +0000 2025","0","@kpopgurlll @kpopgurlll Kak Baeze maafin ya. Kalo lampu LOS kedip merah pastikan dulu kabel patch cord (hitam/kuning dgn ujung kabel warna biru) terpasang dgn benar. Bila belum bisa infoin no IndiHome dan atas nama ke DM biar dibantu cek ya. -Frey","1935019382041915417","","kpopgurlll","in","","0","0","0","https://x.com/undefined/status/1935019382041915417","255409050",
"1935018932081148148","Tue Jun 17 16:57:18 +0000 2025","0","@Telkomsel ini indihome emang lagi ada masalah ya? Kok di rumah ku ga bisa di pake. Sinyalnya warna merah ga full kuning. Ini yg lain pada gini atau emang di rumah ku aja sih Kayak dulu gara2 SMP di sebelah rumah lg potong pohon kabel wifi ku kena potong juga anjir","1935018932081148148","","Telkomsel","in","","0","2","0","https://x.com/undefined/status/1935018932081148148","1014794348716744705",
"1935018255451881758","Tue Jun 17 16:57:17 +0000 2025","0","@wida_pujiantii Huhu maafin Kakk Pastikan kabel patchcord modemnya terpasang dengan benar dan kencang ya. Jika masih tidak bisa yuk sini dibantu lebih lanjut Kak. -Draken","1935018924481126577","","wida_pujiantii","in","","0","0","0","https://x.com/undefined/status/1935018924481126577","1075673058931806208",
"1935010972512702823","Tue Jun 17 16:55:24 +0000 2025","0","@okiwei88 Aaaa maafin Kakkk Kurang optimalnya saat akses apa saja? Yuk infoin detailnya. -Draken","1935018453888549214","","okiwei88","in","","0","0","0","https://x.com/undefined/status/1935018453888549214","1075673058931806208",
"1935018255451881758","Tue Jun 17 16:54:37 +0000 2025","0","Pulang2 jaringan wifi indihome di rumah malah gk bisa di akses ada lampu merahnya menyala. Males bgt bayar tagihan kalau ginj telat denda tapi jaringannya error seharian gk mau ganti rugi. Hisss","1935018255451881758","","","in","","1","2","0","https://x.com/undefined/status/1935018255451881758","1853355386",
"1935018230801907978","Tue Jun 17 16:54:31 +0000 2025","0","@IndiHome indihome malam ini kenapa tbtb lampu di modemwifi nya kedip ya? tumben","1935018230801907978","","IndiHome","in","","0","0","0","https://x.com/undefined/status/1935018230801907978","1246313390051446785",
"1935010053876285851","Tue Jun 17 16:53:17 +0000 2025","0","@herlinamnrngg Huhu maafin Kakk Apakah terdapat LOS merah pada modemnya? Yuk sini dibantu lebih lanjut. -Draken","1935017918250836319","","herlinamnrngg","in","","0","0","0","https://x.com/undefined/status/1935017918250836319","1075673058931806208",
"1935002794496536883","Tue Jun 17 16:51:58 +0000 2025","0","@vrnnchwe Maafin Kakkk Kurang optimalnya sejak kapan? Yuk infoin detailnya. -Draken","1935017589727723998","","vrnnchwe","in","","0","0","0","https://x.com/undefined/status/1935017589727723998","1075673058931806208",
"1934997590460022996","Tue Jun 17 16:50:22 +0000 2025","0","@ooemje Aduh maafin ya Kak Apakah terdapat LOS merah pada modemnya? Yuk sini dibantu cek jaringan IndiHome-nya. -Draken","1935017185140949187","","ooemje","in","","0","0","0","https://x.com/undefined/status/1935017185140949187","1075673058931806208",
"1934979415793951195","Tue Jun 17 16:47:34 +0000 2025","1","@jjsengui2 Terima kasih karena sudah berlangganan IndiHome Kak. Enjoy terus bersama layanan IndiHome-nya ya -Draken","1935016479197688205","","jjsengui2","in","","0","0","1","https://x.com/undefined/status/1935016479197688205","1075673058931806208",
"1934991294310576430","Tue Jun 17 16:45:24 +0000 2025","0","@gomdoushi Huhu maafin Kakk Kurang optimalnya saat akses apa saja? Yuk sini dibantu cek jaringan IndiHome-nya. -Draken","1935015934701519171","","gomdoushi","in","","0","0","0","https://x.com/undefined/status/1935015934701519171","1075673058931806208",
"1934991294310576430","Tue Jun 17 16:43:27 +0000 2025","0","@bcdipad Aaaa maafin Kakkk Apakah terdapat LOS merah pada modemnya? Yuk sini dibantu cek jaringan IndiHome-nya. -Draken","1935015443770781821","","bcdipad","in","","0","0","0","https://x.com/undefined/status/1935015443770781821","1075673058931806208",
"1934990667442503806","Tue Jun 17 16:41:58 +0000 2025","0","@_dark_r0ses Kak maafin yaaa Yuk sini sini dibantu cek jaringan IndiHome-nya. -Draken","1935015072268738667","","_dark_r0ses","in","","0","0","0","https://x.com/undefined/status/1935015072268738667","1075673058931806208",
"1934986942426591516","Tue Jun 17 16:39:52 +0000 2025","0","@daydoeam Huhu sabarr Kakk. Lokasinya dimana? Lalu kurang optimalnya saat akses apa saja? Yuk sini dibantu cek jaringan IndiHome-nya -Draken","1935014540837900470","","wormIove","in","","0","0","0","https://x.com/undefined/status/1935014540837900470","1075673058931806208",
"1934987186707046562","Tue Jun 17 16:38:33 +0000 2025","0","@ihanmify Maafin jadi terganggu bermain game nya Kak Kurang optimalnya sejak kapan? Yuk sini dibantu cek jaringan IndiHome-nya. -Draken","1935014213162009059","","ihanmify","in","","0","1","0","https://x.com/undefined/status/1935014213162009059","1075673058931806208",
"1934986187212824726","Tue Jun 17 16:37:15 +0000 2025","0","@___zaaa Maaf ya atas kendalanya yg dialaminya Kak Penanganan lebih lanjut dari jaringan internetnya dilanjutkan via DM ya. Karena Draken cek sdh terdapat interaksi ni di DM. -Draken","1935013883279982954","","___zaaa","in","","0","0","0","https://x.com/undefined/status/1935013883279982954","1075673058931806208",
"1934979962030928130","Tue Jun 17 16:30:08 +0000 2025","0","@ttimuttyy Hihihi Kalau Kakak sudah berapa lama nih berlangganan IndiHome? -Draken","1935012091817316554","","ttimuttyy","in","","0","1","0","https://x.com/undefined/status/1935012091817316554","1075673058931806208",
"1935005019205677382","Tue Jun 17 16:26:19 +0000 2025","0","@aerupsi Mengenai laporannya Draken bisa bantu melalui sistem. Yuk infoin nomor internet dan atas namanya via DM @IndiHome ya Kak -Draken","1935011134274507060","","silloine","in","","0","0","0","https://x.com/undefined/status/1935011134274507060","1075673058931806208",
"1935010972512702823","Tue Jun 17 16:25:41 +0000 2025","0","Indihome kenapa lemot banget padahal udah dibenerin kabel pusatnya pas waktu itu ga ada jaringan samsek masa kena scam sih..","1935010972512702823","","","in","","0","1","0","https://x.com/undefined/status/1935010972512702823","1326291729356525570",
"1935009708542423435","Tue Jun 17 16:23:25 +0000 2025","0","Ato dibawa aja di tas ato gmn lah Sm dgn tivi klo bisa ga ada. Apalagi indihome 3. Kegiatan alternatif Pasangan dokter walimurid ku kasih anak nya yg sd eskul robotik(punya duit. Klo sy suruh buka yutub kt pilih sama2 scracth coding mana yg mau beljar) 5 10 menitan aj","1935010403249266733","","Tisceskyhere","in","","0","0","0","https://x.com/undefined/status/1935010403249266733","1920852268347486208",
"1934997377024475392","Tue Jun 17 16:23:16 +0000 2025","0","@dekhufh_ Maafin jadi terganggu aktivitasnya Kak Lokasi Kakak dimana? Yuk sini dibantu cek lebih lanjut dari jaringan IndiHome-nya. Interaksinya dilanjutkan via DM @IndiHome ya. -Draken","1935010363873140799","","dekhufh_","in","","0","0","0","https://x.com/undefined/status/1935010363873140799","1075673058931806208",
"1935010053876285851","Tue Jun 17 16:22:02 +0000 2025","0","indihome babikkk pake mati segala","1935010053876285851","","","in","","0","1","0","https://x.com/undefined/status/1935010053876285851","1896926216256712704",
"1934996387151909085","Tue Jun 17 16:20:53 +0000 2025","0","@poplarthree Boleh dong Kak sdh dicek ya DM nya. Lokasinya dimana Kak? Lalu kurang optimalnya saat akses apa saja? Infoin detailnya via DM @IndiHome ya supaya bisa dibantu lebih lanjut -Draken","1935009767573090496","","poplarthree","in","","0","0","0","https://x.com/undefined/status/1935009767573090496","1075673058931806208",
"1934992192013316125","Tue Jun 17 16:18:47 +0000 2025","0","@Bucinjekey11 DM nya sdh dicek ya Kak. Maaf atas kendala yg dialaminya Jaringan IndiHome-nya berkendala sejak kapan Kak? Infoin detailnya via DM @IndiHome ya supaya bisa dibantu lebih lanjut. -Draken","1935009238298009969","","Bucinjekey11","in","","0","0","0","https://x.com/undefined/status/1935009238298009969","1075673058931806208",
"1934990604985159837","Tue Jun 17 16:16:16 +0000 2025","0","@agung_e_f Maaf ya jadi kurang optimal akses IndiHome-nya Kak Kurang optimalnya saat akses apa saja Kak? Infoin detailnya via DM @IndiHome ya supaya bisa dibantu lebih lanjut. -Draken","1935008602982650350","","agung_e_f","in","","0","0","0","https://x.com/undefined/status/1935008602982650350","1075673058931806208",
"1934988854840488408","Tue Jun 17 16:14:18 +0000 2025","0","@Subsub317 Maafin Kak jadi terganggu aktivitasnya Apakah terdapat LOS merah pada modemnya? Supaya bisa dibantu lebih penanganannya dilanjutkan via DM @IndiHome ya. -Draken","1935008110651036084","","Subsub317","in","","0","1","0","https://x.com/undefined/status/1935008110651036084","1075673058931806208",
"1934970735719846179","Tue Jun 17 16:11:59 +0000 2025","0","@cutiebearries @IndiHome setuju ","1935007525843369989","","songminbgi","in","","0","0","0","https://x.com/undefined/status/1935007525843369989","2757528557",
"1934987835712606355","Tue Jun 17 16:11:57 +0000 2025","0","@JmalMclass Maaf ya Kak. Kurang optimalnya saat akses apa saja? Yuk infoin detailnya via DM @IndiHome Kak -Draken","1935007518163681322","","JmalMclass","in","","0","0","0","https://x.com/undefined/status/1935007518163681322","1075673058931806208",
"1934996843567743348","Tue Jun 17 15:59:17 +0000 2025","0","@uzikbaroroh @uzikbaroroh Baik Kak Baroroh. Mohon ditunggu balasan DM nya ya. Secepatnya pasti kami respons -Rai","1935004331591491885","","uzikbaroroh","in","","0","0","0","https://x.com/undefined/status/1935004331591491885","1075673058931806208",
"1934996843567743348","Tue Jun 17 15:57:37 +0000 2025","0","@IndiHome Cek dm","1935003909401235656","","IndiHome","tr","","0","1","0","https://x.com/undefined/status/1935003909401235656","1536518340",
"1934865884105068698","Tue Jun 17 15:53:58 +0000 2025","0","@IndiHome semua akses min aku jadi ga bisa main roblox sampe bela belain beli kuota buat main roblox bjir kenapa si indihome tiap menuju tanggal estimasi pembayaran selalu jelek jaringannya....","1935002991314268251","","IndiHome","in","","0","1","0","https://x.com/undefined/status/1935002991314268251","2289775982",
"1935002971156418875","Tue Jun 17 15:53:53 +0000 2025","0","tolong sinyal mu jelek banget @IndiHomeCare @IndiHome","1935002971156418875","","","in","","0","0","0","https://x.com/undefined/status/1935002971156418875","1256232329493741568",
"1935002794496536883","Tue Jun 17 15:53:11 +0000 2025","0","indihome yang bener aja... akses pake laptop loading setahun","1935002794496536883","","","in","","0","1","0","https://x.com/undefined/status/1935002794496536883","1256232329493741568",
"1934986128547008622","Tue Jun 17 15:52:23 +0000 2025","0","@jaesxc @IndiHome @IndiHomeCare Jelek kah beib yg baru? Soalnya lebih murah &amp; sama2 Indihome. Di sekitar rumah ku cuma bisa pasang Indihome soalnya","1935002591811027441","","jaesxc","in","","0","0","0","https://x.com/undefined/status/1935002591811027441","1710547656723120128",
"1934986128547008622","Tue Jun 17 15:50:07 +0000 2025","0","@pweetynxi @IndiHome @IndiHomeCare Kejadian juga di aku akhirnya pindah ke my republic","1935002020911714466","","pweetynxi","in","","0","1","0","https://x.com/undefined/status/1935002020911714466","2436416310",
"1935001708524114008","Tue Jun 17 15:48:52 +0000 2025","0","@IndiHome mohon dibantu sudah beberapa hari terakhir internetnya lemot terus. Sudah langgana masa harus di hotspot dari hp. Hmm","1935001708524114008","","IndiHome","in","","0","1","0","https://x.com/undefined/status/1935001708524114008","1923701956239032325",
"1935000357782094042","Tue Jun 17 15:43:30 +0000 2025","0","disa vs indihome ini never ending bjir","1935000357782094042","","","in","","0","1","0","https://x.com/undefined/status/1935000357782094042","1220287315332890624",
"1933450014413431178","Tue Jun 17 15:40:34 +0000 2025","0","@IniMinNeo A. Bayar tagihan Indihome #GiveawayIndihomeBorneo #IndiHomeBorneo ️ @nikenkarim ️ @GoongyoI ️ @Ver02Mar","1934999619894915254","","IniMinNeo","in","","0","0","0","https://x.com/undefined/status/1934999619894915254","1249898376012824576",
"1934996843567743348","Tue Jun 17 15:38:54 +0000 2025","0","@poplarthree Duh maaf banget Kak @poplarthree . Yuk sini infoin nomor IndiHome dan atas nama ke DM biar dibantuin koneksi internetnya ya. Makasih :) -Zidane","1934999199575355550","","poplarthree","in","","0","2","0","https://x.com/undefined/status/1934999199575355550","1075673058931806208",
"1934984215365550142","Tue Jun 17 15:33:49 +0000 2025","0","@sleepyhaneul @sleepyhaneul Okey Kak Haneul. Tungguin balesan dari Kami di DM ya. Makasih :) -Zidane","1934997920778269047","","sleepyhaneul","in","","0","0","0","https://x.com/undefined/status/1934997920778269047","1075673058931806208",
"1934996843567743348","Tue Jun 17 15:29:32 +0000 2025","0","@IndiHome malam min koneksi jaringan saya tidak stabil dari beberapa hari ini boleh tolong dibantu? Terima kasih.","1934996843567743348","","IndiHome","in","","0","1","0","https://x.com/undefined/status/1934996843567743348","971058740068626433",
"1934984215365550142","Tue Jun 17 15:26:36 +0000 2025","0","@IndiHome Cek min di @IndiHome","1934996105210790333","","IndiHome","in","","0","1","0","https://x.com/undefined/status/1934996105210790333","617937935",
"1934944756565701117","Tue Jun 17 15:24:52 +0000 2025","0","@yoursernamee Maaf ya Kak Gizska. DM in ID akun IndiHome sama nama lengkap pemilik yuk biar dibantu penanganan lebih lanjut. Sehat selalu :) -Rasya","1934995667325452523","","yoursernamee","in","","0","0","0","https://x.com/undefined/status/1934995667325452523","1075673058931806208",
"1934939292096475371","Tue Jun 17 15:24:03 +0000 2025","0","@win4x_boomerang Done yah Kak :) -Rasya","1934995461330579928","","win4x_boomerang","in","","0","0","0","https://x.com/undefined/status/1934995461330579928","1075673058931806208",
"1934920500381405340","Tue Jun 17 15:23:50 +0000 2025","1","E that one fcv indihome still make me laugh asik banget coyy. kukira beneran masak² ternyata gooning. kindly oomf ily&lt;3","1934995410395050398","","sagauxnoe","in","","1","1","1","https://x.com/undefined/status/1934995410395050398","1626013070169608192",
"1934979415793951195","Tue Jun 17 15:23:23 +0000 2025","0","@tanyarlfes aku dulu juga hidup dgn kuota makin ke sini pengeluaran makin naek dihitung-hitung udah selisih tipis sama langganan indihome ya udah mending langganan indihome aja sekalian","1934995297052307539","","tanyarlfes","in","","0","1","0","https://x.com/undefined/status/1934995297052307539","1603689598072549377",
"1934227016733344029","Tue Jun 17 15:23:22 +0000 2025","0","@fullcreammyy Maaf Kak. Dilanjut penanganan via DM yuk. Sehat selalu :) -Rasya","1934995290265985254","","fullcreammyy","in","","0","0","0","https://x.com/undefined/status/1934995290265985254","1075673058931806208",
"1934945738771095844","Tue Jun 17 15:22:28 +0000 2025","0","@KrnsySophie Done Kak :) -Rasya","1934995062557143116","","KrnsySophie","in","","0","0","0","https://x.com/undefined/status/1934995062557143116","1075673058931806208",
"1934793869234983420","Tue Jun 17 15:21:44 +0000 2025","0","@Adijaya21Aj Udah dibantu penanganan via DM yah Kak Adi. Makasih udah terus setia sama IndiHome. Sehat dan bahagia selalu️-Rasya","1934994878003605940","","Adijaya21Aj","in","","0","0","0","https://x.com/undefined/status/1934994878003605940","1075673058931806208",
"1934954292747849869","Tue Jun 17 15:20:36 +0000 2025","0","@sweethberrya @IndihomeJTD Maaf ya Kak. DM in ID akun IndiHome sama nama lengkap pemilik yuk biar Rasya cek pelaporan sebelumnya. Sehat selalu :) -Rasya","1934994594648981958","","sweethberrya","in","","0","0","0","https://x.com/undefined/status/1934994594648981958","1075673058931806208",
"1934925323247997375","Tue Jun 17 15:19:36 +0000 2025","0","@SMsiwi Maaf Kak Siwi. Udah dibantu penanganan via DM yah. Sehat selalu :) -Rasya","1934994341732524450","","SMsiwi","in","","0","1","0","https://x.com/undefined/status/1934994341732524450","1075673058931806208",
"1934994179136090280","Tue Jun 17 15:18:57 +0000 2025","0","indihome sering ga stabil akhir akhir ini sekarang malah gaada internetnya sama sekali. bayar mahal-mahal tapi pelayanan kurang gini? @IndiHomeCare","1934994179136090280","","","in","","0","0","0","https://x.com/undefined/status/1934994179136090280","1276348198227898374",
"1934939292096475371","Tue Jun 17 15:18:51 +0000 2025","0","@intanptiwi_ Done Kak Intan. Yuk lanjut via DM lagi. Sehat selalu :) -Rasya","1934994152451903712","","intanptiwi_","in","","0","0","0","https://x.com/undefined/status/1934994152451903712","1075673058931806208",
"1934958246445629674","Tue Jun 17 15:18:00 +0000 2025","0","@jdprsty Done Kak Jud. Makasih udah terus setia sama IndiHome. Sehat dan bahagia selalu️-Rasya","1934993940874498078","","jdprsty","in","","0","0","0","https://x.com/undefined/status/1934993940874498078","1075673058931806208",
"1934944336556491068","Tue Jun 17 15:17:20 +0000 2025","0","@Juned_Arief Rasya cek belum ada DM nya Kak Arief. Yuk lanjut via DM. Sehat selalu :) -Rasya","1934993773576212729","","Juned_Arief","in","","0","1","0","https://x.com/undefined/status/1934993773576212729","1075673058931806208",
"1934991294310576430","Tue Jun 17 15:07:29 +0000 2025","0","indihome lu knp lg tuh kl boleh tau KNP WIFI GUE TIBA2 GAMAU KONEK ANJAY","1934991294310576430","","","in","","0","2","0","https://x.com/undefined/status/1934991294310576430","1569990807939346433",
"1934940577436762184","Tue Jun 17 15:05:22 +0000 2025","0","@apriansuhe Maaf Kak Aprian. Rekan kami akan segera respon DM nya yah. Sehat selalu :) -Rasya","1934990762514792926","","apriansuhe","in","","0","0","0","https://x.com/undefined/status/1934990762514792926","1075673058931806208",
"1934990667442503806","Tue Jun 17 15:05:00 +0000 2025","0","jangan salahkan dunia jika gwe menjadi villain tapi salahkan indihome","1934990667442503806","","","in","","0","5","0","https://x.com/undefined/status/1934990667442503806","1508351139841937408",
"1934990604985159837","Tue Jun 17 15:04:45 +0000 2025","24","Indihome bermasalah ketika hujan turun.. Saran saya : Memang sebaiknya indihome hadir sebagai provider satu²nya di gurun Sahara.. Tidak cocok di Indonesia yg sering hujan.. Sekian... Trims.. @IndiHomeCare","1934990604985159837","","","in","","0","2","6","https://x.com/undefined/status/1934990604985159837","997166923",
"1934930497773392188","Tue Jun 17 15:04:34 +0000 2025","0","@rahajengdewi01 Udah yah Kak Dewi :) -Rasya","1934990560286421356","","rahajengdewi01","in","","0","0","0","https://x.com/undefined/status/1934990560286421356","1075673058931806208",
"1934943066634502579","Tue Jun 17 15:04:09 +0000 2025","0","@KrnsySophie Maaf Kak. Udah dibantu penanganan via DM yah. Sehat selalu :) -Rasya","1934990455575617911","","KrnsySophie","in","","0","0","0","https://x.com/undefined/status/1934990455575617911","1075673058931806208",
"1934930210711064735","Tue Jun 17 15:03:31 +0000 2025","0","@rahajengdewi01 Done yah Kak Dewi :) -Rasya","1934990296519188602","","rahajengdewi01","in","","0","0","0","https://x.com/undefined/status/1934990296519188602","1075673058931806208",
"1934882271854776493","Tue Jun 17 15:02:47 +0000 2025","0","@efa_jannah63732 Done yah Kak Evelyn :) -Rasya","1934990109935640665","","efa_jannah63732","in","","0","0","0","https://x.com/undefined/status/1934990109935640665","1075673058931806208",
"1934933208493400256","Tue Jun 17 15:01:17 +0000 2025","0","@iqbal_ardiansah Maaf yah Kak Iqbal. Dilanjut penanganan via DM yah. Sehat selalu :) -Rasya","1934989731550654730","","iqbal_ardiansah","in","","0","0","0","https://x.com/undefined/status/1934989731550654730","1075673058931806208",
"1934904832487498229","Tue Jun 17 15:00:30 +0000 2025","0","@trincheeraa Maaf Kak. Udah dibantu penanganan via DM yah Kak. Sehat selalu :) -Rasya","1934989537408925806","","trincheeraa","in","","0","0","0","https://x.com/undefined/status/1934989537408925806","1075673058931806208",
"1934973715533779372","Tue Jun 17 15:00:02 +0000 2025","0","@IndiHome gausah min bsk aja. aku mau bobo","1934989417783120252","","IndiHome","in","","0","1","0","https://x.com/undefined/status/1934989417783120252","1342036959762378755",
"1934989262652584274","Tue Jun 17 14:59:25 +0000 2025","0",": Maaf kak aku darah rendah Video | Naskah: mewmaiman (tiktok) | Yayat Editor | Admin: Xatria | Filda Saksikan Garuda TV di Free to Air atau Streaming melalui: https://t.co/5ailDXRUX7 | YouTube Garuda TV | Aplikasi Vidio | Wewatch | IndiHome CH111 | Transvision CH824 https://t.co/ehg3JN64Ok","1934989262652584274","https://pbs.twimg.com/amplify_video_thumb/1934988916698017794/img/6ollbpgnYxZQ_VlY.jpg","","in","","0","0","0","https://x.com/undefined/status/1934989262652584274","502140136",
"1934931363305804036","Tue Jun 17 14:58:57 +0000 2025","0","@cosmic_nayu Done Kak Nayu :) -Rasya","1934989145719681455","","cosmic_nayu","hi","","0","0","0","https://x.com/undefined/status/1934989145719681455","1075673058931806208",
"1934970735719846179","Tue Jun 17 14:58:39 +0000 2025","0","@IndiHome udah ga usah om aku maunya uang ","1934989071065227757","","IndiHome","in","","0","1","0","https://x.com/undefined/status/1934989071065227757","1929522925587283968",
"1934984215365550142","Tue Jun 17 14:58:26 +0000 2025","0","@sleepyhaneul DM nya sudah dicek ya Kak. Maaf atas kendala yg dialaminya Supaya bisa dibantu lebih lanjut dari jaringan IndiHome-nya penanganannya dilanjutkan via DM @IndiHome ya. -Draken","1934989017495535939","","sleepyhaneul","in","","0","1","0","https://x.com/undefined/status/1934989017495535939","1075673058931806208",
"1934882271854776493","Tue Jun 17 14:58:09 +0000 2025","0","@AzPerth Udah dibantu via DM yah Kak Zee. Sehat selalu :) -Rasya","1934988943386439860","","AzPerth","in","","0","0","0","https://x.com/undefined/status/1934988943386439860","1075673058931806208",
"1934934357967622194","Tue Jun 17 14:57:16 +0000 2025","0","@efa_jannah63732 Maaf Kak Evelyn. Udah dibantu penanganan via DM yah. Sehat selalu :) -Rasya","1934988724036919781","","efa_jannah63732","in","","0","0","0","https://x.com/undefined/status/1934988724036919781","1075673058931806208",
"1934525698242470184","Tue Jun 17 14:55:29 +0000 2025","0","@IndiHome MENDING LANGSUNG CABUT AJA KALAU BESOK GA ADA PERBAIKAN JUGAAA!","1934988273816162473","","IndiHome","in","","0","1","0","https://x.com/undefined/status/1934988273816162473","237162332",
"1934988166102225243","Tue Jun 17 14:55:03 +0000 2025","0","emosi kuota gw jd abis grgr indihome isiin gw pulsa ga cptan!!!","1934988166102225243","","","in","","0","0","0","https://x.com/undefined/status/1934988166102225243","925606245964197888",
"1934982619978236378","Tue Jun 17 14:54:59 +0000 2025","0","@RidwanSaputrra Huhu kenapa nih ingin berhenti berlangganan Kak? Apakah sudah dipertimbangkan kembali? Interaksinya dilanjutkan via DM @IndiHome ya. -Draken","1934988146716074362","","RidwanSaputrra","in","","0","0","0","https://x.com/undefined/status/1934988146716074362","1075673058931806208",
"1934979048637366354","Tue Jun 17 14:53:25 +0000 2025","0","@itsbearkook97 Maaf ya jadi kurang optimal akses IndiHome-nya Kak Pastikan jarak device yg terhubung tidak jauh dari jangkauan sinyal modemnya ya. Kurang optimalnya saat akses apa saja Kak? Infoin detailnya via DM @IndiHome ya. -Draken","1934987752497635665","","itsbearkook97","in","","0","0","0","https://x.com/undefined/status/1934987752497635665","1075673058931806208",
"1934986942426591516","Tue Jun 17 14:52:58 +0000 2025","0","@keystelair Indihome apalagi kak &gt;:T","1934987639859622313","","keystelair","in","","0","1","0","https://x.com/undefined/status/1934987639859622313","706224398357950465",
"1934987547257766238","Tue Jun 17 14:52:36 +0000 2025","0","@IndiHome Halo kak aku bisa ganti paket indihome ku ke JITU 75Mbps yang 250k gak ya?","1934987547257766238","","IndiHome","in","","0","1","0","https://x.com/undefined/status/1934987547257766238","1679823761179279360",
"1934986187212824726","Tue Jun 17 14:51:13 +0000 2025","0","bulan depan ini setahun gw ngomel2 tntng indihome anjjj gaada bener2nya","1934987200132956300","","___zaaa","in","","0","0","0","https://x.com/undefined/status/1934987200132956300","925606245964197888",
"1934972983887663209","Tue Jun 17 14:50:49 +0000 2025","0","@corejgo Maaf ya atas kendala yg dialaminya Kak Supaya jaringan internetnya bisa dibantu lebih lanjut penanganannya dilanjutkan via DM @IndiHome ya. -Draken","1934987098446323742","","corejgo","in","","0","0","0","https://x.com/undefined/status/1934987098446323742","1075673058931806208",
"1934986187212824726","Tue Jun 17 14:50:32 +0000 2025","0","ga ngerti bgt indihome tu ngecek apanya sihh gmn sihh. gue pun suka ngecek speed test gtgt disitu jg intinya bgs dh jaringannya???????? tp pas dipke internetan tuh lemoottttt ih ajg ksl bgt","1934987026316849357","","___zaaa","in","","0","1","0","https://x.com/undefined/status/1934987026316849357","925606245964197888",
"1934972153356824773","Tue Jun 17 14:48:41 +0000 2025","0","@ebichist DM nya sdh dicek ya Kak. Supaya Draken bisa bantu lebih lanjut dari pelaporannya interaksinya dilanjutkan via DM @IndiHome ya -Draken","1934986561566966152","","ebichist","in","","0","0","0","https://x.com/undefined/status/1934986561566966152","1075673058931806208",
"1934986187212824726","Tue Jun 17 14:48:21 +0000 2025","0","gw tuh udh bnr2 komplen ngedm akun indihome cmn diblg refresh2 atau blgnya stabil blabla KAMPREETT KALAU GALEMOT GW GA KOMPLEEENNN","1934986480725991473","","___zaaa","in","","0","1","0","https://x.com/undefined/status/1934986480725991473","925606245964197888",
"1934986187212824726","Tue Jun 17 14:47:11 +0000 2025","0","gw enek bgt demi allah sm indihome taaiii gue udh blg suruh copot aja ganti wifi laen tapi kaga diganti2 fakmennn","1934986187212824726","","","in","","0","3","0","https://x.com/undefined/status/1934986187212824726","925606245964197888",
"1934986128547008622","Tue Jun 17 14:46:58 +0000 2025","0","Min ko sekarang Indihome beda ya? Saya udah pasang 20 Mbps hampir 400 ribu perbulan. Kemarin ada orang Indihome nawarin saya cuma 250 ribu perbulan 75 Mbps. Kalo saya pake data yang sama bisa diputus kan ya yang 20 Mbps? @IndiHome @IndiHomeCare","1934986128547008622","","","in","","0","1","0","https://x.com/undefined/status/1934986128547008622","1710547656723120128",
"1934971175027069378","Tue Jun 17 14:46:20 +0000 2025","0","@agoonk_k Bisa Kak Agung tapi kalau kondisi perangkatnya mati total sampai tidak bisa digunakan ya. Lalu pergantian perangkat akan dicek terlebih dahulu ketersediaannya. Informasi lengkapnya bisa hubungi Draken via DM @IndiHome ya -Draken","1934985970245616086","","agoonk_k","in","","0","0","0","https://x.com/undefined/status/1934985970245616086","1075673058931806208",
"1934931826386346155","Tue Jun 17 14:45:41 +0000 2025","0","@BaikBoss888 Oke Kak Adi. Udah dibantu penanganan via DM yah.. Sehat selalu :) -Rasya","1934985807393403285","","BaikBoss888","in","","0","0","0","https://x.com/undefined/status/1934985807393403285","1075673058931806208",
"1934929802336866521","Tue Jun 17 14:44:54 +0000 2025","0","@adafandy Done Kak Fandy :) -Rasya","1934985612001780010","","adafandy","ht","","0","0","0","https://x.com/undefined/status/1934985612001780010","1075673058931806208",
"1934932310505423201","Tue Jun 17 14:44:08 +0000 2025","0","@rahajengdewi01 Oke Kak Rahajeng Dewi :) -Rasya","1934985418619113765","","rahajengdewi01","in","","0","0","0","https://x.com/undefined/status/1934985418619113765","1075673058931806208",
"1934969534743707673","Tue Jun 17 14:43:35 +0000 2025","0","@dabluedw Maafin Kakkk Kurang optimalnya saat akses apa saja? Infoin detailnya via DM @IndiHome ya. -Draken","1934985280987271258","","dabluedw","in","","0","0","0","https://x.com/undefined/status/1934985280987271258","1075673058931806208",
"1934937064052760958","Tue Jun 17 14:42:41 +0000 2025","1","@kiosmisyar Maaf Kak. Dilanjut penanganan kembali via DM yuk. Sehat selalu :) -Rasya","1934985054314524740","","kiosmisyar","in","","0","3","1","https://x.com/undefined/status/1934985054314524740","1075673058931806208",
"1934799738920161380","Tue Jun 17 14:41:47 +0000 2025","0","@pibiuuu Done yah Kak :) -Rasya","1934984826744148202","","pibiuuu","in","","0","0","0","https://x.com/undefined/status/1934984826744148202","1075673058931806208",
"1934917612577882344","Tue Jun 17 14:41:13 +0000 2025","0","@stymysr Maaf Kak. Dilanjut penanganan lagi via DM yuk. Sehat selalu :) -Rasya","1934984682346885632","","stymysr","in","","0","0","0","https://x.com/undefined/status/1934984682346885632","1075673058931806208",
"1934984655440376164","Tue Jun 17 14:41:06 +0000 2025","0","Hi @IndiHome ini kenapa wifi di rumah saya nggak bisa dari sore? Udah DM please check.","1934984655440376164","","","in","","0","1","0","https://x.com/undefined/status/1934984655440376164","1922186990168244224",
"1934922792316907621","Tue Jun 17 14:40:01 +0000 2025","0","@SusiloSulistyo Maaf ya Kak Sulistyo. Udah dibantu penanganan via DM. Sehat selalu :) -Rasya","1934984381187432704","","SusiloSulistyo","in","","0","0","0","https://x.com/undefined/status/1934984381187432704","1075673058931806208",
"1934908024323494122","Tue Jun 17 14:38:32 +0000 2025","0","@bimoheryprabowo Udah diibantu penanganan via DM yah Kak Bimo. Diupayain dapat tersolusikan secepatnya. Sehat selalu :) -Rasya","1934984007437242602","","bimoheryprabowo","in","","0","0","0","https://x.com/undefined/status/1934984007437242602","1075673058931806208",
"1934917717968212012","Tue Jun 17 14:37:21 +0000 2025","0","@yuzungie Udah dibantu via DM yah Kak Alma. Makasih udah terus setia sama IndiHome. Sehat dan bahagia selalu️-Rasya","1934983711361294627","","yuzungie","in","","0","0","0","https://x.com/undefined/status/1934983711361294627","1075673058931806208",
"1934882271854776493","Tue Jun 17 14:36:24 +0000 2025","1","@apayaa_enaknya Done yah Kak. Makasih udah terus setia sama IndiHome. Sehat dan bahagia selalu️-Rasya","1934983469995839950","","apayaa_enaknya","in","","0","0","0","https://x.com/undefined/status/1934983469995839950","1075673058931806208",
"1934980817446735894","Tue Jun 17 14:36:01 +0000 2025","0","@spaaarrks Maaf jadi terganggu aktivitasnya Kak Apakah terdapat LOS merah pada modemnya? Yuk sini dibantu cek jaringan IndiHome-nya. -Draken","1934983376030880172","","spaaarrks","in","","0","1","0","https://x.com/undefined/status/1934983376030880172","1075673058931806208",
"1934968639649894764","Tue Jun 17 14:34:34 +0000 2025","0","@IndiHome diem badmood lagi badmood gue","1934983011604586727","","IndiHome","in","","0","1","0","https://x.com/undefined/status/1934983011604586727","1211850064370421760",
"1934979746443772012","Tue Jun 17 14:34:24 +0000 2025","0","@iheartgyuv Huftt maafin Kakk Kurang optimalnya sejak kapan Kak? Yuk infoin detailnya. -Draken","1934982967111438809","","iheartgyuv","in","","0","1","0","https://x.com/undefined/status/1934982967111438809","1075673058931806208",
"1934982812068978943","Tue Jun 17 14:33:47 +0000 2025","0","@IndiHome Hallo admin kak saya mau berhenti berlangganan tolong dibantu untuk prosesnya ya. Terimakasih.","1934982812068978943","","IndiHome","in","","0","1","0","https://x.com/undefined/status/1934982812068978943","1174559588995088385",
"1934977392931635248","Tue Jun 17 14:32:37 +0000 2025","0","@rxsalyne Kak maafin yaaa Kalau sekarang gimana nih sama kondisi jaringan IndiHome-nya? -Draken","1934982519256195267","","rxsalyne","in","","0","0","0","https://x.com/undefined/status/1934982519256195267","1075673058931806208",
"1934977392931635248","Tue Jun 17 14:31:29 +0000 2025","0","@ysshirox Huhu maafin Kakkkk Kurang optimalnya saat akses apa saja? Yuk sini dibantu cek jaringan IndiHome-nya. -Draken","1934982233812783218","","ysshirox","in","","0","0","0","https://x.com/undefined/status/1934982233812783218","1075673058931806208",
"1934974975498396143","Tue Jun 17 14:29:16 +0000 2025","0","@andradiunpad Maafin ya Kakk Kurang optimalnya sejak kapan Kak? Yuk sini dibantu cek. -Draken","1934981677165752714","","andradiunpad","in","","0","0","0","https://x.com/undefined/status/1934981677165752714","1075673058931806208",
"1934973679710146920","Tue Jun 17 14:28:25 +0000 2025","0","@IndiHome Cek dm minn","1934981463134671292","","IndiHome","in","","0","0","0","https://x.com/undefined/status/1934981463134671292","1526558215261270016",
"1934895829912842573","Tue Jun 17 14:28:00 +0000 2025","0","@IndiHome aman kak draken ","1934981358952288390","","IndiHome","in","","0","1","0","https://x.com/undefined/status/1934981358952288390","1407203523251511298",
"1934973715533779372","Tue Jun 17 14:26:46 +0000 2025","0","@4priyans Maafin Kakkk Yuk sini dibantu cek jaringan IndiHome-nya. -Draken","1934981047953092723","","4priyans","in","","0","1","0","https://x.com/undefined/status/1934981047953092723","1075673058931806208",
"1934980817446735894","Tue Jun 17 14:25:51 +0000 2025","0","indihome kenapa dah dari sore wifi gua gangguan terus","1934980817446735894","","","in","","0","2","0","https://x.com/undefined/status/1934980817446735894","1447959434441883650",
"1934973679710146920","Tue Jun 17 14:24:58 +0000 2025","0","@tharacovr Wah lokasinya dimana Kak? Yuk sini dibantu cek jaringan IndiHome-nya -Draken","1934980594829767078","","tharacovr","in","","0","1","0","https://x.com/undefined/status/1934980594829767078","1075673058931806208",
"1934970735719846179","Tue Jun 17 14:23:38 +0000 2025","0","@cutiebearries Jaringan IndiHome Kakak berkendala juga? Maafin ya Yuk sini Draken bantu cek jaringan IndiHome-nya Kak. -Draken","1934980256601165988","","songminbgi","in","","0","1","0","https://x.com/undefined/status/1934980256601165988","1075673058931806208",
"1934953729591263570","Tue Jun 17 14:23:24 +0000 2025","0","@IndiHome Dm belum dibales buffering buat nonton youtube","1934980201727074807","","IndiHome","in","","0","1","0","https://x.com/undefined/status/1934980201727074807","77310710",
"1934970735719846179","Tue Jun 17 14:22:22 +0000 2025","0","@miawuf Aaaaa maafin Kakkk Yuk sini Draken bantu cek jaringan IndiHome-nya. -Draken","1934979940392591632","","miawuf","in","","0","0","0","https://x.com/undefined/status/1934979940392591632","1075673058931806208",
"1934968639649894764","Tue Jun 17 14:21:13 +0000 2025","0","@kucingorenlucuk Maafin jadi bikin Kakak badmood Jaringan IndiHome-nya berkendala sejak kapan Kak? Yuk sini dibantu lebih lanjut. -Draken","1934979652243927322","","kucingorenlucuk","in","","0","1","0","https://x.com/undefined/status/1934979652243927322","1075673058931806208",
"1934968621954162913","Tue Jun 17 14:19:25 +0000 2025","0","@acendelion Huhu lokasinya dimana Kak? Yuk sini dibantu cek jaringan IndiHome-nya -Draken","1934979195933003843","","acendelion","in","","0","0","0","https://x.com/undefined/status/1934979195933003843","1075673058931806208",
"1934968470992748598","Tue Jun 17 14:17:50 +0000 2025","0","@themostlovingg Maaf ya Kakk Lokasinya dimana Kak? Yuk sini dibantu cek jaringan IndiHome-nya. -Draken","1934978800460402709","","themostlovingg","in","","0","0","0","https://x.com/undefined/status/1934978800460402709","1075673058931806208",
"1934895829912842573","Tue Jun 17 14:14:59 +0000 2025","0","@timiest Utututu gemeshhnaaa Jaringan IndiHome-nya masih amankan Kak? -Draken","1934978081292484941","","timiest","in","","0","1","1","https://x.com/undefined/status/1934978081292484941","1075673058931806208",
"1934977792023965909","Tue Jun 17 14:13:50 +0000 2025","0","KALAU BESOK GA DIPERBAIKI JUGA MENDING CABUT AJA SEKALIAN @IndiHome @IndiHomeCare","1934977792023965909","","","in","","0","0","0","https://x.com/undefined/status/1934977792023965909","237162332",
"1934977715918324188","Tue Jun 17 14:13:32 +0000 2025","0","indihome lag bgt monyet","1934977715918324188","","","in","","0","0","0","https://x.com/undefined/status/1934977715918324188","1469924354188218369",
"1538828609107816450","Tue Jun 17 14:12:56 +0000 2025","0","@NupixelStd Hi Kak. Draken cek sdh ada interaksi Kakak di DM nih. Proses pindah alamatnya dilanjutkan via DM @IndiHome ya -Draken","1934977567410602280","","NupixelStd","in","","0","0","0","https://x.com/undefined/status/1934977567410602280","1075673058931806208",
"1934977392931635248","Tue Jun 17 14:12:15 +0000 2025","0","indihome kalau jadi orang udah bonyok digebukin pemakainya kali ya lemot bgt anjir","1934977392931635248","","","in","","0","4","0","https://x.com/undefined/status/1934977392931635248","1802724192724672512",
"1934958034868224154","Tue Jun 17 14:11:02 +0000 2025","0","@Almon1714 Maafin jadi terganggu aktivitasnya Kak Pastikan terlebih dahulu kabel patchcord modemnya terpasang dengan benar dan kencang. Jika masih tdk bisa penanganan selanjutnya hubungi Draken via DM @IndiHome ya. -Draken","1934977088211366099","","Almon1714","in","","0","0","0","https://x.com/undefined/status/1934977088211366099","1075673058931806208",
"1934939292096475371","Tue Jun 17 14:09:08 +0000 2025","0","@Ilham_danusurya @Ilham_danusurya Okeeh Kak Ilham. Ditunggu balesan selanjutnya di DM ya. Makasih :) -Zyad","1934976608814965177","","Ilham_danusurya","in","","0","0","0","https://x.com/undefined/status/1934976608814965177","1075673058931806208",
"1934976521145655796","Tue Jun 17 14:08:47 +0000 2025","0","@IndiHome Saya ingin berhenti berlangganan indihome secara online. apa saja persyaratannya? dan bagaimana prosedurnya","1934976521145655796","","IndiHome","in","","0","1","0","https://x.com/undefined/status/1934976521145655796","393916125",
"1934956491368481159","Tue Jun 17 14:08:10 +0000 2025","0","@etincely Kakk maafin yaa Apakah terdapat LOS merah pada modemnya? Penanganan selanjutnya hubungi Draken via DM @IndiHome ya. -Draken","1934976365234929967","","etincely","in","","0","0","0","https://x.com/undefined/status/1934976365234929967","1075673058931806208",
"1934976236478214329","Tue Jun 17 14:07:39 +0000 2025","0","@IndiHome knapa wifi kami selalu bermasalah https://t.co/peIE0A264p","1934976236478214329","https://pbs.twimg.com/media/Gtpqocta8AA4Oee.jpg","IndiHome","in","","0","1","0","https://x.com/undefined/status/1934976236478214329","323675046",
"1934976231788958138","Tue Jun 17 14:07:38 +0000 2025","0","@IndiHome kenapa ya jaringan wifi gue lemot pdhal baru pasang hari minggu kemarin?","1934976231788958138","","IndiHome","in","","0","1","0","https://x.com/undefined/status/1934976231788958138","1741002315178672128",
"1934955763103096846","Tue Jun 17 14:05:50 +0000 2025","0","@Catatan_ali7 Maaf ya jadi terganggu aktivitasnya Kak Draken cek sdh terdapat interaksi di DM dan sdh dibantu buatkan tiket pelaporan dari jaringan internetnya. Info update dari jaringan IndiHome-nya dilanjutkan via DM ya Kak. -Draken","1934975778841923600","","Catatan_ali7","in","","0","0","0","https://x.com/undefined/status/1934975778841923600","1075673058931806208",
"1934939292096475371","Tue Jun 17 14:03:59 +0000 2025","0","@IndiHome Cek dm min","1934975313899102376","","IndiHome","in","","0","1","0","https://x.com/undefined/status/1934975313899102376","867067651",
"1934458548966351067","Tue Jun 17 14:03:57 +0000 2025","0","@irmair626 Sekarang udah aman berarti ya Kak Irma. -Caris","1934975306819133595","","irmair626","in","","0","0","0","https://x.com/undefined/status/1934975306819133595","1075673058931806208",
"1934964795981352960","Tue Jun 17 14:03:31 +0000 2025","0","@___zaaa @___zaaa Baik Kak Zaaa. Ditunggu pengecekan selanjutnya bersama temen Rai di DM ya. Secepatnya pasti kami respons -Rai","1934975194432782501","","___zaaa","in","","0","0","0","https://x.com/undefined/status/1934975194432782501","1075673058931806208",
"1934953729591263570","Tue Jun 17 14:03:13 +0000 2025","0","@g_giggs Maaf ya jadi terganggu aktivitasnya Kak. DM nya sdh dicek ya. Jaringan IndiHome-nya kurang optimal saat akses apa saja Kak? Yuk sini dibantu cek lebih lanjut hubungi Draken via DM @IndiHome ya -Draken","1934975119740506529","","g_giggs","in","","0","1","0","https://x.com/undefined/status/1934975119740506529","1075673058931806208",
"1934964795981352960","Tue Jun 17 14:01:37 +0000 2025","0","@IndiHome Cek dm","1934974716290462054","","IndiHome","tr","","0","1","0","https://x.com/undefined/status/1934974716290462054","925606245964197888",
"1934951672100573244","Tue Jun 17 14:01:18 +0000 2025","0","@napipopety Huhu maafin ya Kak. Kurang optimalnya saat akses apa saja? Interaksinya dilanjutkan via DM @IndiHome ya -Draken","1934974636246360075","","napipopety","in","","0","0","0","https://x.com/undefined/status/1934974636246360075","1075673058931806208",
"1934950110175330757","Tue Jun 17 13:59:55 +0000 2025","0","@mitbeel Maaf ya atas kendala yg dialaminya Kak Apakah terdapat LOS merah pada modemnya? Supaya bisa dibantu lebih lanjut interaksinya dilanjutkan via DM @IndiHome ya. -Draken","1934974292070150265","","mitbeel","in","","0","0","0","https://x.com/undefined/status/1934974292070150265","1075673058931806208",
"1934973715533779372","Tue Jun 17 13:57:38 +0000 2025","0","indihome anjenggg. modem ada di depan mata cuma 2 bar sinyalnya. ","1934973715533779372","","","in","","0","1","0","https://x.com/undefined/status/1934973715533779372","1342036959762378755",
"1934973679710146920","Tue Jun 17 13:57:29 +0000 2025","0","Indihome ganguan kah?","1934973679710146920","","","in","","0","1","0","https://x.com/undefined/status/1934973679710146920","1526558215261270016",
"1934971243746513232","Tue Jun 17 13:47:49 +0000 2025","0","@IndiHome Minta tolong baca DM ya min. ASAP!","1934971243746513232","","IndiHome","in","","0","1","0","https://x.com/undefined/status/1934971243746513232","254571566",
"1934882271854776493","Tue Jun 17 13:47:31 +0000 2025","0","@IndiHome Cek dm dah min","1934971169998070152","","IndiHome","in","","0","1","0","https://x.com/undefined/status/1934971169998070152","1879853251",
"1934882271854776493","Tue Jun 17 13:47:12 +0000 2025","0","@IndiHome Ni tiap hari banget nih ada gangguan?","1934971091480719788","","IndiHome","in","","0","1","0","https://x.com/undefined/status/1934971091480719788","1879853251",
"1934798010426479031","Tue Jun 17 13:46:22 +0000 2025","0","@IndiHome @IndiHomeCare KAPAN DIBENERIN??? UDAH HABIS KESABARAN","1934970878112219641","","IndiHome","in","","0","0","0","https://x.com/undefined/status/1934970878112219641","237162332",
"1934970735719846179","Tue Jun 17 13:45:48 +0000 2025","0","aku jika indihome berulah https://t.co/3vxq5sOKxw","1934970735719846179","https://pbs.twimg.com/media/GtploHvakAAIPDl.jpg","","in","","0","2","0","https://x.com/undefined/status/1934970735719846179","2757528557",
"1934969968057340177","Tue Jun 17 13:42:45 +0000 2025","0","Ooo banyak juga ternyata yang lemot jaringannya pls deh @IndiHome W up igs doang gabisa","1934969968057340177","","","in","","0","1","0","https://x.com/undefined/status/1934969968057340177","1788492217281302528",
"1934969097533681809","Tue Jun 17 13:39:17 +0000 2025","0","@IndiHome LEMOT BGT","1934969097533681809","","IndiHome","in","","0","1","0","https://x.com/undefined/status/1934969097533681809","4166174232",
"1934968639649894764","Tue Jun 17 13:37:28 +0000 2025","0","indihome ni kenapa lagi si anjg jadi badmood banget","1934968639649894764","","","in","","0","1","0","https://x.com/undefined/status/1934968639649894764","1211850064370421760",
"1934968621954162913","Tue Jun 17 13:37:24 +0000 2025","1","jelek bgt indihome kalo lg ujan","1934968621954162913","","","in","","0","3","0","https://x.com/undefined/status/1934968621954162913","1580647168767307776",
"1934963707479777399","Tue Jun 17 13:28:34 +0000 2025","0","@mafiabekasi Huhu kenapa nih Kak? Yuk infoin detailnya -Draken","1934966401951035556","","mafiabekasi","in","","0","0","0","https://x.com/undefined/status/1934966401951035556","1075673058931806208",
"1934957673038139719","Tue Jun 17 13:27:44 +0000 2025","0","@arlexxchino @pawsgaeul Eh emang iya Kak? Kalau iya yuk sini dibantu lebih lanjut -Draken","1934966189438247037","","arlexxchino","in","","0","0","0","https://x.com/undefined/status/1934966189438247037","1075673058931806208",
"1934956187218538645","Tue Jun 17 13:27:31 +0000 2025","0","@IndiHome apakah sedang gangguan?","1934966138297028617","","IndiHome","in","","0","0","0","https://x.com/undefined/status/1934966138297028617","1572605178230243331",
"1934944336556491068","Tue Jun 17 13:27:19 +0000 2025","0","@IndiHome @IndiHomeCare halooo.. respon dong udah ku DM","1934966087474635034","","Juned_Arief","in","","0","0","0","https://x.com/undefined/status/1934966087474635034","60816163",
"1934961357029613780","Tue Jun 17 13:26:32 +0000 2025","0","@saemuwel Maafin Kakkk kurang optimalnya dari jam berapa Kak? Yuk sini dibantu lebih lanjut. -Draken","1934965888488477107","","saemuwel","in","","0","0","0","https://x.com/undefined/status/1934965888488477107","1075673058931806208",
"1934951921426862176","Tue Jun 17 13:25:27 +0000 2025","0","@evandimanamana @IndiHome @IndiHomeCare potong anu nya ko","1934965615753830820","","evandimanamana","tl","","0","0","0","https://x.com/undefined/status/1934965615753830820","1377451734478417921",
"1934964795981352960","Tue Jun 17 13:24:37 +0000 2025","0","@___zaaa @___zaaa Kak Zaaa maaf ya. Untuk kendala koneksi internet yuk infoin nomor IndiHome dan atas nama pemilik ke DM. Nanti dibantu lebih lanjut -Darlan","1934965406877560880","","___zaaa","in","","0","1","0","https://x.com/undefined/status/1934965406877560880","1075673058931806208",
"1934964151312670759","Tue Jun 17 13:24:09 +0000 2025","0","@dendimhz @dendimhz Oke Kak. Selanjutnya kami respon via DM ya. -Fadel","1934965288065474635","","dendimhz","in","","0","0","0","https://x.com/undefined/status/1934965288065474635","1075673058931806208",
"1934959798099083324","Tue Jun 17 13:23:30 +0000 2025","0","@lala_ppoh Maafin ya Kakk Kalau boleh tau Kakak mau akses tayangan apa nih? Yuk sini dibantu cek. -Draken","1934965125611684178","","scnalaaa","in","","0","0","0","https://x.com/undefined/status/1934965125611684178","1075673058931806208",
"1934964795981352960","Tue Jun 17 13:22:11 +0000 2025","0","WOI INTERNET GUE LELET BANGEETT YAALLLAAAAAHHHH @IndiHome","1934964795981352960","","","in","","0","1","0","https://x.com/undefined/status/1934964795981352960","925606245964197888",
"1934959798099083324","Tue Jun 17 13:21:51 +0000 2025","0","@belleameofme Maaf ya atas kejadian yg dialaminya Kak IndiHome TV nya berkendala sejak kapan Kak? Yuk sini dibantu cek. -Draken","1934964710287577583","","belleameofme","in","","0","0","0","https://x.com/undefined/status/1934964710287577583","1075673058931806208",
"1934821122987729233","Tue Jun 17 13:21:02 +0000 2025","0","@jessforjoasa Kak Jess maafin. Caris cek keluhannya udah di bantu respon melalui DM. Kak Jess bisa lanjut di DM interaksinya ya. -Caris","1934964504796045572","","jessforjoasa","in","","0","0","0","https://x.com/undefined/status/1934964504796045572","1075673058931806208",
"1934958990200557715","Tue Jun 17 13:19:50 +0000 2025","0","@medufsa Aduhh kenapa nih sama IndiHome-nya Kak? Infoin detailnya ya -Draken","1934964202919415876","","medufsa","in","","0","1","0","https://x.com/undefined/status/1934964202919415876","1075673058931806208",
"1934964067854401806","Tue Jun 17 13:19:18 +0000 2025","0","@IndiHome wifi rumah gue kok lemot min","1934964067854401806","","IndiHome","in","","0","1","0","https://x.com/undefined/status/1934964067854401806","1770658893888380928",
"1934956187218538645","Tue Jun 17 13:18:18 +0000 2025","0","@masbiinn Huhu kenapa nih Kak? Yuk infoin detailnya -Draken","1934963817701875928","","masbiinn","in","","0","1","0","https://x.com/undefined/status/1934963817701875928","1075673058931806208",
"1934954525271712225","Tue Jun 17 13:17:23 +0000 2025","0","@togerenjun Lokasinya dimana Kak? Apakah terdapat LOS merah pada modemnya? Yuk sini dibantu cek -Draken","1934963587526893811","","togerenjun","in","","0","0","0","https://x.com/undefined/status/1934963587526893811","1075673058931806208",
"1934952487414579527","Tue Jun 17 13:16:54 +0000 2025","0","@IndiHome Aman sudah normal","1934963463429972002","","IndiHome","in","","0","1","0","https://x.com/undefined/status/1934963463429972002","1206250425382400001",
"1934954380480184483","Tue Jun 17 13:16:09 +0000 2025","0","@indihomeanjing Maafin Kakkk Kurang optimalnya sejak kapan Kak? Yuk sini dibantu cek jaringan IndiHome-nya. -Draken","1934963276145930681","","indihomeanjing","in","","0","0","0","https://x.com/undefined/status/1934963276145930681","1075673058931806208",
"1934952487414579527","Tue Jun 17 13:14:17 +0000 2025","0","@chillormatcha Kak maafin yaaa Kurang optimalnya saat akses apa saja? Yuk sini dibantu cek. -Draken","1934962805209485554","","chillormatcha","in","","0","1","0","https://x.com/undefined/status/1934962805209485554","1075673058931806208",
"1934952328941244848","Tue Jun 17 13:12:51 +0000 2025","0","@alviinptr Huftt maafin Kak Apakah terdapat LOS merah pada modemnya? Yuk sini dibantu lebih lanjut. -Draken","1934962447032656028","","alviinptr","in","","0","0","0","https://x.com/undefined/status/1934962447032656028","1075673058931806208",
"1934863611060736439","Tue Jun 17 13:12:11 +0000 2025","0","@IndiHome Halo cek DM please","1934962278987956474","","IndiHome","in","","0","1","0","https://x.com/undefined/status/1934962278987956474","473845011",
"1934961932609757239","Tue Jun 17 13:10:49 +0000 2025","0","@IndiHome bolee cek dm ya","1934961932609757239","","IndiHome","in","","0","0","0","https://x.com/undefined/status/1934961932609757239","1685402925546471424",
"1934793869234983420","Tue Jun 17 13:07:56 +0000 2025","0","@IndiHome cek dm","1934961210140811282","","IndiHome","tr","","0","1","0","https://x.com/undefined/status/1934961210140811282","1516776166601887749",
"1934959798099083324","Tue Jun 17 13:05:34 +0000 2025","3","@belleameofme adaa gue juga Indihome langsung pindah ke vidio aja","1934960614063198367","","belleameofme","in","","0","2","0","https://x.com/undefined/status/1934960614063198367","1650023842226782213",
"1934863611060736439","Tue Jun 17 13:03:03 +0000 2025","0","@bananacizz Nesya cek Kak @bananacizz udah dibantu pelaporan by DM. Mohon ditunggu dan diupayakan bisa selesai secepatnya ya -Nesya","1934959978319872474","","bananacizz","in","","0","1","0","https://x.com/undefined/status/1934959978319872474","1075673058931806208",
"1934959798099083324","Tue Jun 17 13:02:20 +0000 2025","7","eh yg make indihome ada yg gini ga pdhl SMA udah mulai ini https://t.co/lgAekyZJDG","1934959798099083324","https://pbs.twimg.com/media/GtpbrHqa8AIGDd3.jpg","","in","","0","3","0","https://x.com/undefined/status/1934959798099083324","1790312641195634688",
"1934840787331895434","Tue Jun 17 13:00:18 +0000 2025","0","@pie_susu___ Nesya bantu percepatan DM Kak @pie_susu___ tunggu ya Kak -Nesya","1934959288029692194","","pie_susu___","in","","0","0","0","https://x.com/undefined/status/1934959288029692194","1075673058931806208",
"1934840478991851769","Tue Jun 17 12:58:54 +0000 2025","0","@laffhppy Nesya cek Kak @laffhppy udah dibantu pelaporan by DM. Tungguin ya progressnya dan diupayakan bisa selesai secepatnya -Nesya","1934958934219161864","","laffhppy","in","","0","0","0","https://x.com/undefined/status/1934958934219161864","1075673058931806208",
"1934958246445629674","Tue Jun 17 12:56:10 +0000 2025","0","@IndiHome Cek DM kak","1934958246445629674","","IndiHome","in","","0","1","0","https://x.com/undefined/status/1934958246445629674","354771816",
"1934939168515514624","Tue Jun 17 12:53:53 +0000 2025","0","@nouval @nouval Maaf Kak Nouval Frey bantu Follow up yaa ️-Frey","1934957672820052165","","nouval","in","","0","0","0","https://x.com/undefined/status/1934957672820052165","1075673058931806208",
"1934946647768973670","Tue Jun 17 12:50:40 +0000 2025","0","@darlinggyu_ @darlinggyu_ Siaap Kak Cha. Ditunggu ya balesan selanjutnya di DM. Makasih :) -Zyad","1934956862962827273","","darlinggyu_","in","","0","0","0","https://x.com/undefined/status/1934956862962827273","1075673058931806208",
"1934854734403571721","Tue Jun 17 12:48:38 +0000 2025","0","@kookchuakandar Okedeh Kak @kookchuakandar ️-Frey","1934956352939716662","","kookchuakandar","in","","0","0","0","https://x.com/undefined/status/1934956352939716662","1075673058931806208",
"1934835809523519865","Tue Jun 17 12:48:23 +0000 2025","0","@Noctisyn Nesya cek di DM koneksi WiFinya udah stabil ya Kak @Noctisyn . Kalo lambat lagi boleh konfirmasi ke DM untuk difollow up ya. Sehat selalu :) -Nesya","1934956286137008359","","Noctisyn","in","","0","0","0","https://x.com/undefined/status/1934956286137008359","1075673058931806208",
"1934956187218538645","Tue Jun 17 12:47:59 +0000 2025","0","indihome lu knp dah?","1934956187218538645","","","in","","0","1","0","https://x.com/undefined/status/1934956187218538645","1572605178230243331",
"1934946647768973670","Tue Jun 17 12:47:16 +0000 2025","0","@IndiHome Iya ka segera ya kok soalnya seminggu yg lalu abis kaya gini tpi masa kaya gini lagi sih","1934956006855106900","","IndiHome","in","","0","1","0","https://x.com/undefined/status/1934956006855106900","904340229720489984",
"1934955763103096846","Tue Jun 17 12:46:18 +0000 2025","0","@IndiHomeCare INDIHOME KLATEN GANGGUAN YA ?","1934955763103096846","","IndiHomeCare","in","","0","1","0","https://x.com/undefined/status/1934955763103096846","1133311906976952320",
"1934854734403571721","Tue Jun 17 12:45:26 +0000 2025","0","@IndiHome Sudah min tolong cek DM","1934955544026219001","","IndiHome","in","","0","1","0","https://x.com/undefined/status/1934955544026219001","191831628",
"1934946647768973670","Tue Jun 17 12:41:57 +0000 2025","0","@darlinggyu_ Okee Kak @darlinggyu_. Mohon ditunggu balasannya di DM. -Caris","1934954669643845983","","darlinggyu_","in","","0","1","0","https://x.com/undefined/status/1934954669643845983","1075673058931806208",
"1934954525271712225","Tue Jun 17 12:41:23 +0000 2025","0","indihome gangguan kah? anjir w mau nugassssssssss","1934954525271712225","","","in","","0","2","0","https://x.com/undefined/status/1934954525271712225","1418217495211560967",
"1934954292747849869","Tue Jun 17 12:40:27 +0000 2025","0","eh pls deh Indihome ni knp sering bgt bermasalah percuma dong byr wifi kalo endingnya beli kuota trs sksksk mana sekalinya bermasalah lama bgttt @IndiHome @IndihomeJTD https://t.co/J7b8jFPRI4","1934954292747849869","https://pbs.twimg.com/media/GtpWqngbMAAPTqv.jpg","","in","","0","1","0","https://x.com/undefined/status/1934954292747849869","1703437129437835264",
"1934939292096475371","Tue Jun 17 12:40:14 +0000 2025","0","@IndiHome cek dm min terimakasih","1934954238549061995","","IndiHome","in","","0","1","0","https://x.com/undefined/status/1934954238549061995","828176534129123329",
"1934954101537964193","Tue Jun 17 12:39:42 +0000 2025","0","kenapaa ngelag bangettt melatih kesabaran ini mah @IndiHomeCare @IndiHome","1934954101537964193","","","in","","0","0","0","https://x.com/undefined/status/1934954101537964193","1611005727811989505",
"1934925323247997375","Tue Jun 17 12:39:26 +0000 2025","0","@IndiHome Hi kak sudah saya jelaskan via dm tp emng pelayanannya lama ya ini udu 7 jam los merah nyala mau buat wfh sama zoom malam ini kak","1934954034596864190","","IndiHome","in","","0","1","0","https://x.com/undefined/status/1934954034596864190","1692977708",
"1934946647768973670","Tue Jun 17 12:38:49 +0000 2025","0","@IndiHome Udah aku dm yaaa tolos respon kembali","1934953882494595380","","IndiHome","in","","0","1","0","https://x.com/undefined/status/1934953882494595380","904340229720489984",
"1934952487414579527","Tue Jun 17 12:33:17 +0000 2025","0","IndiHome kenapa dah lemot banget anjrot","1934952487414579527","","","in","","0","1","0","https://x.com/undefined/status/1934952487414579527","1206250425382400001",
"1934944336556491068","Tue Jun 17 12:33:00 +0000 2025","0","@IndiHome sudah sy dm ya min","1934952416652493258","","IndiHome","in","","0","2","0","https://x.com/undefined/status/1934952416652493258","60816163",
"1934952328941244848","Tue Jun 17 12:32:39 +0000 2025","0","Ujan besar indihome error‍","1934952328941244848","","","in","","0","1","0","https://x.com/undefined/status/1934952328941244848","92245564",
"1934580514255757778","Tue Jun 17 12:31:49 +0000 2025","0","@randiafrinal04 @randiafrinal04 Kak Randi maaf banget atas kendala yang dialami. Caris cek Kak Randi udah konfirmasi melalui DM mohon ditunggu interaksi selanjutnya via DM untuk dibantu lebih lanjut ya. Makasih -Caris","1934952118831780104","","randiafrinal04","in","","0","0","0","https://x.com/undefined/status/1934952118831780104","1075673058931806208",
"1934951921426862176","Tue Jun 17 12:31:02 +0000 2025","1","indihome emang busuk @IndiHome @IndiHomeCare","1934951921426862176","","","in","","0","1","0","https://x.com/undefined/status/1934951921426862176","1377451734478417921",
"1934227016733344029","Tue Jun 17 12:30:32 +0000 2025","0","@IndiHome udah bener min tp emg biasanya los kalo ada tetangga yg perbaikan. masalah awalnya dari tiang listriknya katanya kabelnya kesenggol atau apalah gatau capek juga masa tiap ada org yg gangguan kita juga kena mana lg dipake ujian","1934951793966141594","","IndiHome","in","","0","1","0","https://x.com/undefined/status/1934951793966141594","1257859227613184000",
"1934895829912842573","Tue Jun 17 12:29:52 +0000 2025","0","@wouggh @IndiHome aku sayang indihome ","1934951627871649830","","wouggh","in","","0","2","0","https://x.com/undefined/status/1934951627871649830","1407203523251511298",
"1934944336556491068","Tue Jun 17 12:27:46 +0000 2025","0","@Juned_Arief Maafin ya jadi terganggu aktivitasnya Kak Pastikan terlebih dahulu kabel patchcord modemnya terpasang dengan benar dan kencang. Jika masih tdk bisa penanganannya dilanjutkan via DM @IndiHome ya. -Draken","1934951100999971181","","Juned_Arief","in","","0","1","0","https://x.com/undefined/status/1934951100999971181","1075673058931806208",
"1934941220855550098","Tue Jun 17 12:27:22 +0000 2025","0","@aveechena @aveechena Baik. Tunggu konfirmasi selanjutnya via DM yaa. Makasih :) -Dero","1934950998424146194","","aveechena","in","","0","0","0","https://x.com/undefined/status/1934950998424146194","1075673058931806208",
"1934945098569273638","Tue Jun 17 12:25:17 +0000 2025","0","@IndiHome akses wa sm roblox sama twitter kalo ig aku jarang main","1934950475109143011","","IndiHome","in","","0","0","0","https://x.com/undefined/status/1934950475109143011","1410555624480415746",
"1934941220855550098","Tue Jun 17 12:25:10 +0000 2025","0","@IndiHome Sudah.","1934950443408642554","","IndiHome","in","","0","1","0","https://x.com/undefined/status/1934950443408642554","323809067",
"1934939292096475371","Tue Jun 17 12:24:34 +0000 2025","0","@IndiHome halo ka cdm dong ka","1934950295844552745","","IndiHome","in","","0","1","0","https://x.com/undefined/status/1934950295844552745","1246042558980968449",
"1934580514255757778","Tue Jun 17 12:23:51 +0000 2025","0","@IndiHome Min ini sinyal indihome yg macam taik apa gmn? Masa tiap hari selalu putus nyambung koneksi? Apa modemnya yg sudah tolol?","1934950113484714095","","IndiHome","in","","0","1","0","https://x.com/undefined/status/1934950113484714095","4648328774",
"1934947064049442971","Tue Jun 17 12:22:56 +0000 2025","0","@r4rshh Maaf ya jadi terganggu aktivitasnya Kak Saat ini jaringan IndiHome-nya sedang dalam penanganan tim pada sisi sentral terlebih dahulu. Diupayakan secepatnya internet normal kembali. -Draken","1934949884463051004","","r4rshh","in","","0","0","0","https://x.com/undefined/status/1934949884463051004","1075673058931806208",
"1934902072870408399","Tue Jun 17 12:22:40 +0000 2025","0","@IndiHome @IndiHomeCare cek dm","1934949816557351089","","IndiHome","tr","","0","0","0","https://x.com/undefined/status/1934949816557351089","102064371",
"1934945445471748255","Tue Jun 17 12:20:27 +0000 2025","0","@fushiigguro Maaf ya Kak Kurang optimalnya saat akses apa saja? Yuk sini dibantu cek jaringan IndiHome-nya. -Draken","1934949256609337665","","fushiigguro","in","","0","0","0","https://x.com/undefined/status/1934949256609337665","1075673058931806208",
"1934949185004143023","Tue Jun 17 12:20:09 +0000 2025","3"," STB Bekas Bisa Disulap Jadi Router Super Canggih? https://t.co/u4uoWpK2gs https://t.co/x7LitZ4iaP #SinyalKita #OpenWRT #RouterMurah #STBRouter #TipsTeknisi #TeknisiRumahan #InternetHemat #RepeaterWiFi #VPNGratis #RT_RWNer #BelajarJaringan #TutorialOpenWRT #UpgradeSTB","1934949185004143023","","","in","","0","0","0","https://x.com/undefined/status/1934949185004143023","1287736481520291840",
"1934949057547714810","Tue Jun 17 12:19:39 +0000 2025","3"," STB Bekas Bisa Disulap Jadi Router Super Canggih? https://t.co/vgsL1ywThI https://t.co/Bi9bd2ItO3 #SinyalKita #OpenWRT #RouterMurah #STBRouter #TipsTeknisi #TeknisiRumahan #InternetHemat #RepeaterWiFi #VPNGratis #RT_RWNer #BelajarJaringan #TutorialOpenWRT #UpgradeSTB","1934949057547714810","","","in","","0","0","0","https://x.com/undefined/status/1934949057547714810","1393764075532742662",
"1934948992582086793","Tue Jun 17 12:19:24 +0000 2025","3"," STB Bekas Bisa Disulap Jadi Router Super Canggih? https://t.co/7ndl7bIlad https://t.co/01Wxgnaybx #SinyalKita #OpenWRT #RouterMurah #STBRouter #TipsTeknisi #TeknisiRumahan #InternetHemat #RepeaterWiFi #VPNGratis #RT_RWNer #BelajarJaringan #TutorialOpenWRT #UpgradeSTB","1934948992582086793","","","in","","0","0","0","https://x.com/undefined/status/1934948992582086793","1330130989922791424",
"1934945445471748255","Tue Jun 17 12:18:47 +0000 2025","0","@zeefaiiii Kak maafin atas kendala yg dialaminya Draken cek interaksi di DM nya sdh diterima nih dan akan segera direspons. Penanganan selanjutnya dilanjutkan via DM ya. -Draken","1934948838072344741","","zeefaiiii","in","","0","0","0","https://x.com/undefined/status/1934948838072344741","1075673058931806208",
"1934946647768973670","Tue Jun 17 12:18:24 +0000 2025","0","@darlinggyu_ Kak @darlinggyu_ Ardhan cek udah ada DM dari Kak. Lanjutin di DM ya. Tks -Ardhan","1934948744166003190","","darlinggyu_","in","","0","1","0","https://x.com/undefined/status/1934948744166003190","1075673058931806208",
"1934945445471748255","Tue Jun 17 12:16:54 +0000 2025","0","@fushiigguro @IndiHome @IndiHomeCare iyakan kak jujur capek dan kesal huft","1934948366330556678","","fushiigguro","in","","0","0","0","https://x.com/undefined/status/1934948366330556678","1525780918845472769",
"1934945098569273638","Tue Jun 17 12:16:39 +0000 2025","0","@dianluv2tantrum Maafin Kakkk Yuk sini dibantu cek jaringan IndiHome dan Telkomsel nya. -Draken","1934948301486575660","","dianluv2tantrum","in","","0","0","0","https://x.com/undefined/status/1934948301486575660","1075673058931806208",
"1934945098569273638","Tue Jun 17 12:15:30 +0000 2025","0","@dazeinred Huhu maafin Kakk Kurang optimalnya saat akses apa saja? Yuk sini dibantu jaringan IndiHome dan Telkomsel nya. -Draken","1934948011920236855","","dazeinred","in","","0","1","0","https://x.com/undefined/status/1934948011920236855","1075673058931806208",
"1934942353254686934","Tue Jun 17 12:12:50 +0000 2025","0","@darlinggyu_ @darlinggyu_ DM kakaknya akan dibantu bentar lagi mohon tunggu konfirmasi selanjutnya via DM yaa. Makasih :) -Dero","1934947341376819699","","darlinggyu_","in","","0","0","0","https://x.com/undefined/status/1934947341376819699","1075673058931806208",
"1934809299626463434","Tue Jun 17 12:12:18 +0000 2025","0","@GPaskal Siappp. DM Kak @GPaskal segera di cek dan respon. Silakan cek DM-nya berkala ya. Makasih -Caris","1934947206290973166","","GPaskal","in","","0","0","0","https://x.com/undefined/status/1934947206290973166","1075673058931806208",
"1934942353254686934","Tue Jun 17 12:11:09 +0000 2025","0","@IndiHome JANGAN LUPA RESPON DM AKU MKN","1934946918276399469","","IndiHome","in","","0","1","0","https://x.com/undefined/status/1934946918276399469","904340229720489984",
"1934946855030554931","Tue Jun 17 12:10:54 +0000 2025","0","indihome km kenapa y lemot bgt haisss","1934946855030554931","","","in","","0","0","0","https://x.com/undefined/status/1934946855030554931","1132507333492334592",
"1934945445471748255","Tue Jun 17 12:10:40 +0000 2025","0","@zeefaiiii @IndiHome @IndiHomeCare sering ngeleg banget setiap malem kenapa sih? mana bayar mahal mahal","1934946796670992496","","zeefaiiii","in","","0","2","0","https://x.com/undefined/status/1934946796670992496","1662476538292604930",
"1934946647768973670","Tue Jun 17 12:10:05 +0000 2025","0","@IndiHome tolong dong ini internetnya mati lagi lampu losnya merah lagi dan lagi. Padahal baru seminggu yang laluuu los merah kaya gini dan dibenerin Tapi udah mati lagi internetnya","1934946647768973670","","IndiHome","in","","0","1","0","https://x.com/undefined/status/1934946647768973670","904340229720489984",
"1934939168515514624","Tue Jun 17 12:09:20 +0000 2025","0","@nouval @nouval Segera dibantu penanganan lebih lanjut via DM ya Kak Nouval ️-Frey","1934946462120747145","","nouval","in","","0","0","0","https://x.com/undefined/status/1934946462120747145","1075673058931806208",
"1934945738771095844","Tue Jun 17 12:06:28 +0000 2025","0","@IndiHome cdm saya dong min","1934945738771095844","","IndiHome","in","","0","1","0","https://x.com/undefined/status/1934945738771095844","709528444208480258",
"1932721068059557904","Tue Jun 17 12:05:42 +0000 2025","0","@IndiHome Mana ada ngbeut ngebul iya muter aja terus nonton yt juga","1934945545757589729","","IndiHome","in","","0","0","0","https://x.com/undefined/status/1934945545757589729","2327055108",
"1934939168515514624","Tue Jun 17 12:05:23 +0000 2025","0","@IndiHome tentu masih terkendala. sudah DM sejak 19.00 WIB tepat hingga detik ini belum ada respon yang dijanjikan.","1934945465109545248","","IndiHome","in","","0","1","0","https://x.com/undefined/status/1934945465109545248","135058093",
"1934945098569273638","Tue Jun 17 12:03:55 +0000 2025","0","yaallah ini indihome apa telkomsel yg lg ngelag","1934945098569273638","","","in","","0","7","0","https://x.com/undefined/status/1934945098569273638","1410555624480415746",
"1934882271854776493","Tue Jun 17 12:03:23 +0000 2025","0","@IndiHome Cek dm tolong @IndiHomeCare","1934944965484048441","","IndiHome","in","","0","1","0","https://x.com/undefined/status/1934944965484048441","2327055108",
"1934944756565701117","Tue Jun 17 12:02:34 +0000 2025","0","@IndiHome ping ini telkom knp yh","1934944756565701117","","IndiHome","in","","0","1","0","https://x.com/undefined/status/1934944756565701117","1641685517728370688",
"1934793869234983420","Tue Jun 17 12:02:27 +0000 2025","0","@IndiHome Bagaimana jika mendapatkan kembali paket loyalty 100Mbps setelah melakukan migrasi paket indihome?","1934944727591473637","","IndiHome","in","","0","1","0","https://x.com/undefined/status/1934944727591473637","3266912360",
"1934939168515514624","Tue Jun 17 11:57:19 +0000 2025","0","@nouval @nouval Kalo masih berkendala Kak Nouval infoin nomor internet dan atas nama ke DM yuk biar bisa dibantu cek lebih lanjut ️-Frey","1934943435569729618","","nouval","in","","0","1","0","https://x.com/undefined/status/1934943435569729618","1075673058931806208",
"1934942353254686934","Tue Jun 17 11:57:06 +0000 2025","0","@mmomys Maafin Kakk Yuk sini dibantu cek jaringan IndiHome dan Telkomsel nya. -Draken","1934943383027605863","","mmomys","in","","0","2","0","https://x.com/undefined/status/1934943383027605863","1075673058931806208",
"1934943066634502579","Tue Jun 17 11:55:51 +0000 2025","0","@IndiHome ini sinyal wifi ku sering lemot kenapa ya","1934943066634502579","","IndiHome","in","","0","1","0","https://x.com/undefined/status/1934943066634502579","709528444208480258",
"1934895829912842573","Tue Jun 17 11:55:47 +0000 2025","0","@wouggh Kalau jaringan IndiHome-nya kurang optimal yuk sini Draken bantu lebih lanjut -Draken","1934943051929231508","","wouggh","in","","0","1","0","https://x.com/undefined/status/1934943051929231508","1075673058931806208",
"1934939168515514624","Tue Jun 17 11:53:58 +0000 2025","0","@IndiHome sudah terpasang. masih sama tetap LOS.","1934942595102458071","","IndiHome","in","","0","1","0","https://x.com/undefined/status/1934942595102458071","135058093",
"1934939168515514624","Tue Jun 17 11:52:56 +0000 2025","0","@nouval Maaf ya jadi terganggu aktivitasnya Kak. Pastikan terlebih dahulu kabel patchcord modemnya terpasang dengan benar dan kencang ya. Jika masih tdk bisa penanganannya dilanjutkan via DM @IndiHome ya Kak -Draken","1934942334317363467","","nouval","in","","0","1","0","https://x.com/undefined/status/1934942334317363467","1075673058931806208",
"1934693311069159791","Tue Jun 17 11:52:54 +0000 2025","0","@sheistesa Sudah kami nrespon ya Kak DMnya. -Rhenza","1934942324058194006","","sheistesa","in","","0","0","0","https://x.com/undefined/status/1934942324058194006","1075673058931806208",
"1933450014413431178","Tue Jun 17 11:52:20 +0000 2025","0","@IniMinNeo Jawabannya: A. Bayar Tagihan Indihome #GiveawayIndihomeBorneo #IndiHomeBorneo Yuk ikutan @titadiaa @teuticat","1934942184647926009","","IniMinNeo","in","","0","0","0","https://x.com/undefined/status/1934942184647926009","1491053423948546055",
"1930820490576457777","Tue Jun 17 11:52:08 +0000 2025","0","@AzPerth DM Kak Zee sudah kami respon ya. -Rhenza","1934942132684624083","","AzPerth","in","","0","0","0","https://x.com/undefined/status/1934942132684624083","1075673058931806208",
"1934916501016072582","Tue Jun 17 11:51:27 +0000 2025","0","@shuhancheol Sudah kami respon DMnya kak Sena ya. silakan cek kembali. -Rhenza","1934941962492391804","","shuhancheol","in","","0","0","0","https://x.com/undefined/status/1934941962492391804","1075673058931806208",
"1934941220855550098","Tue Jun 17 11:51:18 +0000 2025","0","@aveechena Kak @aveechena maafin ya :( DM yuk nomor internet dan atas nama biar dicek koneksi WiFi Kakak ya -Nesya","1934941921493061736","","aveechena","in","","0","1","0","https://x.com/undefined/status/1934941921493061736","1075673058931806208",
"1934915490604044706","Tue Jun 17 11:50:35 +0000 2025","0","@r4rshh @IndiHomeCare Kak DMnya sudah kami respon ya. -Rhenza","1934941742169788616","","r4rshh","in","","0","0","0","https://x.com/undefined/status/1934941742169788616","1075673058931806208",
"1934882271854776493","Tue Jun 17 11:49:54 +0000 2025","0","@AzPerth Sudah Kami respon ya Kak DMnya. -Rhenza","1934941570706612410","","AzPerth","in","","0","1","0","https://x.com/undefined/status/1934941570706612410","1075673058931806208",
"1934906445881135304","Tue Jun 17 11:49:12 +0000 2025","0","@Noctisyn Hai Kak Rhenza cek jaringannya sudah stabil ya Kak. -Rhenza","1934941395217010822","","Noctisyn","in","","0","0","0","https://x.com/undefined/status/1934941395217010822","1075673058931806208",
"1934941254904873262","Tue Jun 17 11:48:39 +0000 2025","0","Cek DM yah @IndiHome","1934941254904873262","","","in","","0","0","0","https://x.com/undefined/status/1934941254904873262","1194405428592951298",
"1934941220855550098","Tue Jun 17 11:48:31 +0000 2025","0","@IndiHome langgananya 50mbps kenapa cuma seginiiii? https://t.co/ReXyFuKexU","1934941220855550098","https://pbs.twimg.com/media/GtpKyT-aYAAPu_9.jpg","IndiHome","in","","0","1","0","https://x.com/undefined/status/1934941220855550098","323809067",
"1934908024323494122","Tue Jun 17 11:48:23 +0000 2025","0","@bimoheryprabowo Kak Bimo DM Kakak sudah kami respon ya. -Rhenza","1934941188588773845","","bimoheryprabowo","in","","0","0","0","https://x.com/undefined/status/1934941188588773845","1075673058931806208",
"1934938239015829808","Tue Jun 17 11:47:59 +0000 2025","0","@corejgo Maaf ya atas kendala yg dialaminya Kak. DM nya sdh dicek ya. Supaya bisa dibantu lebih lanjut dari jaringan internetnya. Penanganannya dilanjutkan via DM @IndiHome ya -Draken","1934941089338966017","","corejgo","in","","0","1","0","https://x.com/undefined/status/1934941089338966017","1075673058931806208",
"1934912690268590488","Tue Jun 17 11:47:38 +0000 2025","0","@ichenanaa DMnya sudah kami respon ya Kak. Saat ini jaringannya sudah terpantau online. -Rhenza","1934941001430483449","","ichenanaa","in","","0","0","0","https://x.com/undefined/status/1934941001430483449","1075673058931806208",
"1934907858916880585","Tue Jun 17 11:46:19 +0000 2025","0","@xdaillenx DM Kak Helen sudah direspon ya. -Rhenza","1934940669422014677","","xdaillenx","in","","0","0","0","https://x.com/undefined/status/1934940669422014677","1075673058931806208",
"1934940577436762184","Tue Jun 17 11:45:57 +0000 2025","0","Halo @IndiHome keluhan saya belum teratasi tolong segera di respon ya sudah sy DM dari td thanks","1934940577436762184","","","in","","0","1","0","https://x.com/undefined/status/1934940577436762184","61743217",
"1934909718054744069","Tue Jun 17 11:45:33 +0000 2025","0","@growthspurtpls @IndiHomeCare Hai Kak akan kami bantu cek ya. Yuk infoin dulu nomor internet dan atas namanya via DM ya. -Rhenza","1934940477146747230","","growthspurtpls","in","","0","0","0","https://x.com/undefined/status/1934940477146747230","1075673058931806208",
"1934908925712977980","Tue Jun 17 11:44:18 +0000 2025","0","@nanovi1101 Silakan cek Kembali DMnya ya Kak karena sudah kami respon. -Rhenza","1934940161185591356","","nanovi1101","in","","0","0","0","https://x.com/undefined/status/1934940161185591356","1075673058931806208",
"1934417720021492092","Tue Jun 17 11:43:28 +0000 2025","0","@rendyferd Kak Rendy DMnya sudah direspon ya Kak. -Rhenza","1934939952837722485","","rendyferd","in","","0","1","0","https://x.com/undefined/status/1934939952837722485","1075673058931806208",
"1934904832487498229","Tue Jun 17 11:42:34 +0000 2025","0","@trincheeraa Kak Maaf ya bikin gak nyaman. Kami terus maksimalkan agar kendalanya segera tersolusikan sampai tuntas. -Rhenza","1934939726102098078","","trincheeraa","in","","0","1","0","https://x.com/undefined/status/1934939726102098078","1075673058931806208",
"1934901032490029110","Tue Jun 17 11:41:35 +0000 2025","0","@IndiHome cek dm ya min","1934939476939419669","","IndiHome","in","","0","1","0","https://x.com/undefined/status/1934939476939419669","1863601910399582208",
"1934933982967418959","Tue Jun 17 11:41:33 +0000 2025","0","@jfhnnysuh Aaaa maafin Kakkk Yuk sini sini dibantu cek jaringan IndiHome-nya. -Draken","1934939469783957816","","jfhnnysuh","in","","0","0","0","https://x.com/undefined/status/1934939469783957816","1075673058931806208",
"1934901595210437044","Tue Jun 17 11:41:25 +0000 2025","0","@CibuburCwgStrl Hai Kak Rei masih kendala gak Kak? Kalo masih yuk infoin nomor internet dan atas namanya via DM ya. -Rhenza","1934939436091097433","","CibuburCwgStrl","in","","0","0","0","https://x.com/undefined/status/1934939436091097433","1075673058931806208",
"1934938767925887308","Tue Jun 17 11:41:11 +0000 2025","0","@kakjek @IndiHomeCare @kakjek Maap ya Kak Jek :( Boleh dong konfirmasi kembali ke DM biar dibantu follow up dan rahasia data lebih terjaga. Makasih :) -Dero","1934939378754994589","","kakjek","in","","0","1","0","https://x.com/undefined/status/1934939378754994589","1075673058931806208",
"1934939292096475371","Tue Jun 17 11:40:52 +0000 2025","2","Walau belum berhasil bawa pulang trofi RRQ tetap tampil solid dan kabar baik lainnya ONIC dan RRQ akan jadi wakil Indonesia di MSC 2025 x EWC di Saudi Arabia! Siap-siap dukung mereka bertarung lawan tim-tim terbaik dunia! ","1934939296521417049","","IndiHome","in","","0","5","0","https://x.com/undefined/status/1934939296521417049","1075673058931806208",
"1934939292096475371","Tue Jun 17 11:40:51 +0000 2025","2","ONIC akhirnya mengunci gelar ke-7-nya di MPL ID setelah duel seru lawan RRQ! Pertandingan penuh tensi tapi landak kuning berhasil membuktikan kekuatannya lagi. #IndiHomebyTelkomsel #DariRumahTanpaBatas https://t.co/D6MPHQWccw","1934939292096475371","https://pbs.twimg.com/amplify_video_thumb/1934939162937020416/img/dMzVBKZoFSDJmqXv.jpg","","in","","0","11","0","https://x.com/undefined/status/1934939292096475371","1075673058931806208",
"1934894177650921598","Tue Jun 17 11:40:22 +0000 2025","0","@watanayajae Masih kendala gak Kak? Kalo masih yuk infoin nomor internet dan atas namanya via DM ya. -Rhenza","1934939170562314744","","watanayajae","in","","0","0","0","https://x.com/undefined/status/1934939170562314744","1075673058931806208",
"1934885705584644253","Tue Jun 17 11:40:14 +0000 2025","0","@jeonbamxx17 Jelas dong kalo itu Kak. Kalau Kakak blm berlangganan IndiHome mimin tunggu segera ya untuk berlangganan -Draken","1934939138954072274","","jeonbamxx17","in","","0","0","0","https://x.com/undefined/status/1934939138954072274","1075673058931806208",
"1934902508641743024","Tue Jun 17 11:39:14 +0000 2025","0","@adigunawan711 Kak Adi DMnya sudah kami respon ya. -Rhenza","1934938886352109685","","adigunawan711","in","","0","0","0","https://x.com/undefined/status/1934938886352109685","1075673058931806208",
"1934885705584644253","Tue Jun 17 11:39:01 +0000 2025","0","@mcfllurryv Wuihh mantappp enjoy terus bersama layanan IndiHome-nya ya Kak -Draken","1934938832023273500","","mcfllurryv","in","","0","0","0","https://x.com/undefined/status/1934938832023273500","1075673058931806208",
"1934938767925887308","Tue Jun 17 11:38:46 +0000 2025","0","Migrasi paket @IndiHomeCare @IndiHome ini lama banget prosesnya sudah seminggu tapi belum selesai juga. Saat ditanya melalui dm mohon tunggu mohon tunggu aja. Pelayanan yang buruk. ISP selain indihome yang bagus apa?","1934938767925887308","","","in","","0","2","0","https://x.com/undefined/status/1934938767925887308","259191126",
"1934902072870408399","Tue Jun 17 11:38:20 +0000 2025","0","@ManukKobong @IndiHomeCare Hai Kak apakah masih lemot Kak? Kalo masih yuk infoin nomor internet dan atas namanya via DM ya biar dibantu cek lebih lanjut. -Rhenza","1934938660807532810","","ManukKobong","in","","0","1","0","https://x.com/undefined/status/1934938660807532810","1075673058931806208",
"1934933571820831218","Tue Jun 17 11:37:44 +0000 2025","0","@fredweasyle Huhu kenapa nih sama IndiHome-nya Kak? Yuk infoin detailnya -Draken","1934938506616602978","","fredweasyle","in","","0","0","0","https://x.com/undefined/status/1934938506616602978","1075673058931806208",
"1934901032490029110","Tue Jun 17 11:36:59 +0000 2025","0","@smwnelc Hai Kak Elca kendala jaringannya akan kami bantu cek. Yuk infoin dulu nomor internet dan atas namanya via DM ya Kak. -Rhenza","1934938320796270681","","smwnelc","in","","0","2","0","https://x.com/undefined/status/1934938320796270681","1075673058931806208",
"1934882271854776493","Tue Jun 17 11:36:01 +0000 2025","0","@thedurianklaten DMnya sudah direspon ya Kak. Silakan cek kembali. -Rhenza","1934938075630805327","","thedurianklaten","in","","0","0","0","https://x.com/undefined/status/1934938075630805327","1075673058931806208",
"1934898722921759125","Tue Jun 17 11:35:18 +0000 2025","0","@sashidylls Hai Kak maaf ya bikin gak nyaman. Kendalanya sudah direspon via DM ya Kak. -Rhenza","1934937897519755664","","sashidylls","in","","0","0","0","https://x.com/undefined/status/1934937897519755664","1075673058931806208",
"1934916903132377397","Tue Jun 17 11:35:17 +0000 2025","0","@Lusi1419 Maafin Kakkk Lokasinya dimana Kak? Yuk sini dibantu lebih lanjut dari jaringan IndiHome-nya. -Draken","1934937889982558353","","Lusi1419","in","","0","0","0","https://x.com/undefined/status/1934937889982558353","1075673058931806208",
"1934916903132377397","Tue Jun 17 11:34:11 +0000 2025","0","@shuhancheol Huhu maafin Kakkk Yuk sini sini dibantu lebih lanjut dari layanan IndiHome-nya Kak. -Draken","1934937616048398411","","shuhancheol","in","","0","0","0","https://x.com/undefined/status/1934937616048398411","1075673058931806208",
"1934886760208847185","Tue Jun 17 11:34:11 +0000 2025","0","@sinnamoroool Hai Kak kami akan bantu cek. Yuk infoin dulu nomor internet dan atas namanya via DM ya. -Rhenza","1934937614110674970","","sinnamoroool","in","","0","0","0","https://x.com/undefined/status/1934937614110674970","1075673058931806208",
"1934935869133385739","Tue Jun 17 11:31:52 +0000 2025","0","@mmomys Aduh maafin ya Kak. Apakah terdapat LOS merah pada modemnya? Supaya bisa dibantu cek interaksinya dilanjutkan via DM @IndiHome ya -Draken","1934937033321132262","","mmomys","in","","0","1","0","https://x.com/undefined/status/1934937033321132262","1075673058931806208",
"1934894951848137067","Tue Jun 17 11:31:41 +0000 2025","0","@rosieanaa7 Yuk Kak infoin dulu nomor internet dan atas namanya via DM guna dibantu pengecekan lebih lanjut. -Rhenza","1934936985539695027","","rosieanaa7","in","","0","0","0","https://x.com/undefined/status/1934936985539695027","1075673058931806208",
"1934892265522270317","Tue Jun 17 11:30:54 +0000 2025","0","@planeitt Kami bantu cek ya Kak yuk infoin dulu nomor internet dan atas namanya via DM ya. -Rhenza","1934936788986163358","","planeitt","in","","0","0","0","https://x.com/undefined/status/1934936788986163358","1075673058931806208",
"1934934465811501450","Tue Jun 17 11:30:38 +0000 2025","0","@wwlomlyfe Maaf atas kendala yg dialaminya Kak Draken cek DM Kakak sdh diterima nih dan akan segera direspons. Penanganan selanjutnya dilanjutkan via DM ya. -Draken","1934936721004826695","","wwlomlyfe","in","","0","0","0","https://x.com/undefined/status/1934936721004826695","1075673058931806208",
"1934793869234983420","Tue Jun 17 11:29:45 +0000 2025","0","@runinsoul @kakjek Hai Kak DMnya sudah di respon ya. -Rhenza","1934936499805720789","","runinsoul","in","","0","0","0","https://x.com/undefined/status/1934936499805720789","1075673058931806208",
"1934793869234983420","Tue Jun 17 11:29:00 +0000 2025","0","@membacaxmelawan DM Kakak sudah kami respon ya. -Rhenza","1934936310680264732","","membacaxmelawan","in","","0","0","0","https://x.com/undefined/status/1934936310680264732","1075673058931806208",
"1934931826386346155","Tue Jun 17 11:28:43 +0000 2025","0","@BaikBoss888 Maaf atas kendala yg dialaminya Kak Draken cek DM Kakak sdh diterima nih dan akan segera direspons. Penanganan selanjutnya dilanjutkan via DM ya. Oh iya Draken sarankan untuk dihapus mentionnya karena terdapat data-data pribadinya nih Kak -Draken","1934936240924897609","","BaikBoss888","in","","0","1","0","https://x.com/undefined/status/1934936240924897609","1075673058931806208",
"1934788024526856689","Tue Jun 17 11:28:26 +0000 2025","0","@peppermintevaa Aduh maafin ya Kak @peppermintevaa jadi keganggu aktivitasnya nih. Ardhan bantu benerin dulu jaringan IndiHomenya. Boleh infoin nomor IndiHome dan atas nama ke DM biar datanya aman dan terjaga. Tks -Ardhan","1934936166396211339","","peppermintevaa","in","","0","1","0","https://x.com/undefined/status/1934936166396211339","1075673058931806208",
"1934888473280041441","Tue Jun 17 11:28:03 +0000 2025","0","@aiuleooo Hai Kak jika kendala bisa juga dibantu melalui kami di akun ini ya. Atau kalo mau via telpon bisa ke nomor 188. Jika belum terhubung silakan coba secara berkala. -Rhenza","1934936070107586925","","aiuleooo","in","","0","0","0","https://x.com/undefined/status/1934936070107586925","1075673058931806208",
"1934935540505411854","Tue Jun 17 11:25:56 +0000 2025","0","@IndiHome cek dm lagi min","1934935540505411854","","IndiHome","in","","0","0","0","https://x.com/undefined/status/1934935540505411854","534219588",
"1934887297566298371","Tue Jun 17 11:25:55 +0000 2025","0","@wibisnaji Kak Aji DMnya sudah kami respon ya. -Rhenza","1934935534641774961","","wibisnaji","in","","0","0","0","https://x.com/undefined/status/1934935534641774961","1075673058931806208",
"1934856893606056171","Tue Jun 17 11:25:13 +0000 2025","0","@dobysirius Kalo masih kenala yuk DM kami dengan infoin nomor internet dan atas namanya ya Kak. -Rhenza","1934935359995220212","","dobysirius","in","","0","0","0","https://x.com/undefined/status/1934935359995220212","1075673058931806208",
"1934885308061110377","Tue Jun 17 11:23:54 +0000 2025","0","@saraslaraas Kak Saras DMnya sudah kami respon ya. -Rhenza","1934935025285554680","","saraslaraas","in","","0","0","0","https://x.com/undefined/status/1934935025285554680","1075673058931806208",
"1934880407188861181","Tue Jun 17 11:23:00 +0000 2025","0","@agutrito Hai Kak Maaf ya bikin gak nyaman. Yuk infoin dulu nomor internet dan atas namanya via DM guna dibantu pengecekan lebih lanjut. -Rhenza","1934934799933952179","","agutrito","in","","0","0","0","https://x.com/undefined/status/1934934799933952179","1075673058931806208",
"1934522465910476982","Tue Jun 17 11:22:23 +0000 2025","0","@setyaawaann Kak @setyaawaann Ardhan cek udah ada DM dari Kakak nih. Lanjutin di DM ya. Tks -Ardhan","1934934647580041546","","setyaawaann","in","","0","0","0","https://x.com/undefined/status/1934934647580041546","1075673058931806208",
"1934880185666687092","Tue Jun 17 11:21:46 +0000 2025","0","@andrwij DM Kak Andri sudah kami respon ya. -Rhenza","1934934491656843282","","andrwij","in","","0","0","0","https://x.com/undefined/status/1934934491656843282","1075673058931806208",
"1934934357967622194","Tue Jun 17 11:21:14 +0000 2025","0","@IndiHome wifi rumah saya lampu indikator nya merah sudah saya laporkan ke Instagram tapi disuruh cek kabel terus udah dicek tapi tetep loss wifinya tolong dibantu bikin surat pelaporan jangan dilempar lempar kaya gini blm 1 bulan sudah loss lagi https://t.co/1Z6n1HXgsD cekkkk","1934934357967622194","","IndiHome","in","","0","1","0","https://x.com/undefined/status/1934934357967622194","1740026317742178304",
"1934521317858111684","Tue Jun 17 11:20:54 +0000 2025","0","@viaksoo Hai Kak bentar lagi DM Kakak kami respon ya. Mohon ditunggu. -Rhenza","1934934270411460890","","viaksoo","in","","0","0","0","https://x.com/undefined/status/1934934270411460890","1075673058931806208",
"1934882271854776493","Tue Jun 17 11:19:46 +0000 2025","0","@IndiHome Tolong cek DM","1934933986230587697","","IndiHome","in","","0","1","0","https://x.com/undefined/status/1934933986230587697","1740026317742178304",
"1934933982967418959","Tue Jun 17 11:19:45 +0000 2025","0","kenapa ya indihome suka ga jelas ","1934933982967418959","","","in","","0","2","0","https://x.com/undefined/status/1934933982967418959","1294657666426445824",
"1934793869234983420","Tue Jun 17 11:19:10 +0000 2025","0","@arianiarsad Halo Kak apakah masih berkendala? Jika masih silakan ikuti panduan yang sudah kami infoin di DM ya Kak. -Rhenza","1934933837647368239","","arianiarsad","in","","0","0","0","https://x.com/undefined/status/1934933837647368239","1075673058931806208",
"1934916903132377397","Tue Jun 17 11:17:21 +0000 2025","0","@shuhancheol Dirumahku malah udh seminggu an Sampek skrg kek tai si Indihome ","1934933377083429157","","shuhancheol","in","","0","2","0","https://x.com/undefined/status/1934933377083429157","3062709174",
"1934859821876183517","Tue Jun 17 11:17:09 +0000 2025","0","@116151l Yuk Infoin nomor internet dan atas namanya via DM guna dibantu pengecekan lebih lanjut. -Rhenza","1934933330543432039","","116151l","in","","0","0","0","https://x.com/undefined/status/1934933330543432039","1075673058931806208",
"1934592101267963988","Tue Jun 17 11:16:49 +0000 2025","0","@chtemin @IndiHome baru liat di rep indihome ","1934933245017379336","","chtemin","in","","0","0","0","https://x.com/undefined/status/1934933245017379336","1933440591909765120",
"1934873090963722429","Tue Jun 17 11:16:27 +0000 2025","0","@smallestars Indihome nya kak","1934933153740972368","","smallestars","tl","","0","1","0","https://x.com/undefined/status/1934933153740972368","1874994183955685376",
"1934923698378879343","Tue Jun 17 11:13:44 +0000 2025","1","@Telkomsel ((apakah kakak punya indihome juga tidak)) jadi itu kabel apa? @Telkomsel https://t.co/fjr7An4Kt2","1934932469352214886","https://pbs.twimg.com/media/GtpC0hna0AQJVhb.jpg","ikanatassa","in","","0","0","0","https://x.com/undefined/status/1934932469352214886","19799211",
"1934932310505423201","Tue Jun 17 11:13:06 +0000 2025","0","@IndiHome cek dm min","1934932310505423201","","IndiHome","in","","0","1","0","https://x.com/undefined/status/1934932310505423201","534219588",
"1934929820242305503","Tue Jun 17 11:12:13 +0000 2025","0","@hearteujjang Huhu kenapa nih Kak? Yuk infoin detailnya supaya bisa dibantu cek -Draken","1934932088048013433","","hearteujjang","in","","0","0","0","https://x.com/undefined/status/1934932088048013433","1075673058931806208",
"1934522465910476982","Tue Jun 17 11:11:18 +0000 2025","0","@sinsera_wav Hai Kak Maaf ya atas DM yang belum di respon. Sebentar lagi DM Kakak kami respon ya. -Rhenza","1934931854525911375","","sinsera_wav","in","","0","1","0","https://x.com/undefined/status/1934931854525911375","1075673058931806208",
"1934908430885835210","Tue Jun 17 11:09:38 +0000 2025","0","@Afreys @Afreys Maaf udah bikin gak nyaman :( Coba konfirmasi ke DM nomor HP sama nomor IndiHome dan rahasia data lebih terjaga. Makasih :) -Dero","1934931435116441862","","Afreys","in","","0","0","0","https://x.com/undefined/status/1934931435116441862","255409050",
"1934931363305804036","Tue Jun 17 11:09:20 +0000 2025","0","@IndiHome tolong cek dm","1934931363305804036","","IndiHome","in","","0","1","0","https://x.com/undefined/status/1934931363305804036","1562291048407187456",
"1934867162356908330","Tue Jun 17 11:08:46 +0000 2025","0","@116151l Hai Kak apakah jaringannya masih lemot? Kalo masih yuk infoin nomor internet dan atas namanya via DM ya biar dicek lebih lanjut. -Rhenza","1934931220124848152","","116151l","in","","0","0","0","https://x.com/undefined/status/1934931220124848152","1075673058931806208",
"1934866536692634038","Tue Jun 17 11:07:33 +0000 2025","0","@storyneeds Hai Kak DMnya sudah kami respon ya. -Rhenza","1934930910983618906","","storyneeds","in","","0","0","0","https://x.com/undefined/status/1934930910983618906","1075673058931806208",
"1929919818964316396","Tue Jun 17 11:06:52 +0000 2025","0","@ameliaajlsdnt DM Kak Amelia sudah kami respon ya. -Rhenza","1934930738924933402","","ameliaajlsdnt","in","","0","0","0","https://x.com/undefined/status/1934930738924933402","1075673058931806208",
"1934925323247997375","Tue Jun 17 11:06:34 +0000 2025","0","@SMsiwi Halo Kak maaf ya sebelumnya. Mimin sudah infokan solusi awal untuk kendalanya via DM. Yuk lanjut interaksinya di DM Kak. -Abdul","1934930664094376045","","SMsiwi","in","","0","1","0","https://x.com/undefined/status/1934930664094376045","1075673058931806208",
"1934864862062256629","Tue Jun 17 11:06:05 +0000 2025","0","@dymdymz Hai Kak apakah tidak bisa digunakannya hanya menggunakan jaringan IndiHome? Silakan konfirmasi kami melalui DM ya biar dilakukan pengecekan lebih lanjut. -Rhenza","1934930543424229502","","dymdymz","in","","0","0","0","https://x.com/undefined/status/1934930543424229502","1075673058931806208",
"1934930497773392188","Tue Jun 17 11:05:54 +0000 2025","0","@IndiHome cek dm kak makasih","1934930497773392188","","IndiHome","in","","0","1","0","https://x.com/undefined/status/1934930497773392188","534219588",
"1934929677896044673","Tue Jun 17 11:05:49 +0000 2025","0","@hearteujjang DMnya udah dibales nih. Silakan lanjutkan interaksinya di DM ya Kak @hearteujjang . Makasih :) -Zidane","1934930475501638134","","hearteujjang","in","","0","0","0","https://x.com/undefined/status/1934930475501638134","1075673058931806208",
"1934930210711064735","Tue Jun 17 11:04:46 +0000 2025","0","@IndiHome haii kak tolong cek dm yaaa. Makasih","1934930210711064735","","IndiHome","in","","0","1","0","https://x.com/undefined/status/1934930210711064735","534219588",
"1934929820242305503","Tue Jun 17 11:03:13 +0000 2025","0","Sumpah indihome jahat banget gila","1934929820242305503","","","in","","0","2","0","https://x.com/undefined/status/1934929820242305503","746469060758560768",
"1934929802336866521","Tue Jun 17 11:03:08 +0000 2025","0","@IndiHome cek dm internet saya loss dari jam 4","1934929802336866521","","IndiHome","in","","0","1","0","https://x.com/undefined/status/1934929802336866521","380807695",
"1934929677896044673","Tue Jun 17 11:02:39 +0000 2025","0","@IndiHome saya udah telpon 188 tadi namun belum ada konfirmasi lewat sms udah dm juga tapi blm ditanggapi. Mohon kerjasamanya saya juga ingin mengubah alamat email saya. Bener2 syok banget pas tadi nelpon cs","1934929677896044673","","IndiHome","in","","0","1","0","https://x.com/undefined/status/1934929677896044673","746469060758560768",
"1934861430622441899","Tue Jun 17 11:02:05 +0000 2025","0","@inanothalife @IndiHomeCare Hai Kak jaringannya masih kendala? Kalo masih yuk infoin nomor internet dan atas namanya via DM ya. -Rhenza","1934929536736723097","","inanothalife","in","","0","0","0","https://x.com/undefined/status/1934929536736723097","1075673058931806208",
"1934861198996189600","Tue Jun 17 11:01:07 +0000 2025","0","@chz_al Kenapa Kak pengen pindah? IndiHome dan Indibiz gak ada perbedaan pelayanan ya Kak. Tapi kalo mau pindah harus pasang baru dulu di Indibiznya. -Rhenza","1934929294247280903","","chz_al","in","","0","1","0","https://x.com/undefined/status/1934929294247280903","1075673058931806208",
"1934927678270021892","Tue Jun 17 11:00:51 +0000 2025","0","@hearteujjang Baik Kak @hearteujjang. Caris cek Kakak udah konfirmasi melalui DM mohon ditunggu interaksi selanjutnya via DM biar di bantu lebih lanjut ya. -Caris","1934929226517586208","","hearteujjang","in","","0","0","0","https://x.com/undefined/status/1934929226517586208","1075673058931806208",
"1934927419301085511","Tue Jun 17 10:58:18 +0000 2025","0","@mewwbl Aaaa maafin Kakk Kurang optimalnya saat akses apa saja Kak? Yuk sini dibantu cek. -Draken","1934928583056892252","","mewwbl","in","","0","0","0","https://x.com/undefined/status/1934928583056892252","1075673058931806208",
"1934859659925705174","Tue Jun 17 10:58:02 +0000 2025","0","@Noctisyn Hai Kak Maaf ya bikin gak nyaman. Rhenza cek jaringan Kakak sudah normal ya. Jika nanti kendala lagi konfirmasi kami kembali via DM ya. -Rhenza","1934928515872530662","","Noctisyn","in","","0","0","0","https://x.com/undefined/status/1934928515872530662","1075673058931806208",
"1934922792316907621","Tue Jun 17 10:57:31 +0000 2025","0","@IndiHome Di wilayah Jatinom Klaten sejak tadi siang jam 2an kak","1934928388076298283","","IndiHome","in","","0","1","0","https://x.com/undefined/status/1934928388076298283","2343013818",
"1934821578635923563","Tue Jun 17 10:56:37 +0000 2025","0","@ijstmee DM Kakak sudah kami respon ya Kak. -Rhenza","1934928159813849256","","ijstmee","in","","0","0","0","https://x.com/undefined/status/1934928159813849256","1075673058931806208",
"1934858576398569705","Tue Jun 17 10:55:42 +0000 2025","0","@NdonNdon2 DM Kakak sudah kami respon ya. -Rhenza","1934927930209259566","","NdonNdon2","in","","0","0","0","https://x.com/undefined/status/1934927930209259566","1075673058931806208",
"1934927678270021892","Tue Jun 17 10:54:42 +0000 2025","0","@IndiHome saya mau ubah email saya","1934927678270021892","","IndiHome","in","","0","1","0","https://x.com/undefined/status/1934927678270021892","746469060758560768",
"1934793869234983420","Tue Jun 17 10:54:31 +0000 2025","0","@philophii Kak Maaf ya bikin gak nyaman. Kamin terus maksimalkan kendalanya segera tersolusikan sampai tuntas. -Rhenza","1934927633151873416","","philophii","in","","0","0","0","https://x.com/undefined/status/1934927633151873416","1075673058931806208",
"1934854076061364552","Tue Jun 17 10:53:18 +0000 2025","0","@kkinnderjoy @IndiHomeCare Hai Kak kendalanya silakan ikuti step yang diinfoin di DM ya. Kalo masih kendala silakan konfirmasi kami kembali via DM. -Rhenza","1934927327164760392","","kkinnderjoy","in","","0","0","0","https://x.com/undefined/status/1934927327164760392","1075673058931806208",
"1934846081432736227","Tue Jun 17 10:50:37 +0000 2025","0","@aoorey Hai Kak maaf ya bikin gak nyaman. Saat ini masih lemot gak kak? Kalo masih infoin nomor internet dan atas namanya via DM ya biar dibantu cek. -Rhenza","1934926652997554562","","aoorey","in","","0","0","0","https://x.com/undefined/status/1934926652997554562","1075673058931806208",
"1934925261801443497","Tue Jun 17 10:47:26 +0000 2025","0","@ohohjene @ohohjene Aman Kak Jene DM lagi dibantu cek ya :) -Frey","1934925849633149398","","ohohjene","in","","0","0","0","https://x.com/undefined/status/1934925849633149398","1075673058931806208",
"1934922792316907621","Tue Jun 17 10:47:12 +0000 2025","0","@SusiloSulistyo Maaf ya atas kendala yg dialaminya Kak Jaringan IndiHome-nya berkendala sejak kapan Kak? Supaya bisa dibantu lebih lanjut interaksinya dilanjutkan via DM @IndiHome ya. -Draken","1934925790246019332","","SusiloSulistyo","in","","0","1","0","https://x.com/undefined/status/1934925790246019332","1075673058931806208",
"1934925261801443497","Tue Jun 17 10:45:06 +0000 2025","0","@IndiHome kak hayy tolong cek dm ya","1934925261801443497","","IndiHome","in","","0","1","0","https://x.com/undefined/status/1934925261801443497","68354082",
"1934915115310305593","Tue Jun 17 10:45:04 +0000 2025","0","@r4rshh Maaf ya atas kendala yg dialaminya Kak Draken cek sdh terdapat interaksinya di DM dan sdh dibantu buatkan tiket pelaporan dari jaringan internetnya. Info update dari jaringan internetnya dilanjutkan via DM ya. -Draken","1934925253295394981","","r4rshh","in","","0","0","0","https://x.com/undefined/status/1934925253295394981","1075673058931806208",
"1934908672737755629","Tue Jun 17 10:41:58 +0000 2025","0","@ZaaaaaaaaaZy Kak maafin jadi terganggu bermain game nya Kurang optimalnya sejak kapan Kak? Supaya bisa dibantu lebih lanjut dari jaringan internetnya interaksinya dilanjutkan via DM @IndiHome ya. -Draken","1934924476086669431","","ZaaaaaaaaaZy","in","","0","0","0","https://x.com/undefined/status/1934924476086669431","1075673058931806208",
"1934908024323494122","Tue Jun 17 10:37:31 +0000 2025","0","@IndiHome Bawa teknisi kesini sekarang juga telat bayar kena denda kalau ada trobel nggak gercep sialan","1934923355028951075","","IndiHome","in","","0","1","0","https://x.com/undefined/status/1934923355028951075","71408943",
"1934919680734712048","Tue Jun 17 10:37:26 +0000 2025","0","@sxftjim Huft maafin jadi terganggu aktivitasnya Kak Apakah terdapat LOS merah pada modemnya Kak? Yuk sini dibantu lebih lanjut. -Draken","1934923335143690603","","sxftjim","in","","0","0","0","https://x.com/undefined/status/1934923335143690603","1075673058931806208",
"1934915409284923715","Tue Jun 17 10:34:55 +0000 2025","1","@dulcerenozee Maafin jadi terganggu aktivitasnya Kak Apakah terdapat LOS merah pada modemnya? Yuk sini dibantu lebih lanjut dari layanan IndiHome-nya. -Draken","1934922700197384366","","dulcerenozee","in","","0","1","0","https://x.com/undefined/status/1934922700197384366","1075673058931806208",
"1934635727125680273","Tue Jun 17 10:31:26 +0000 2025","0","@SandhikaTian Maafin ya Kak. Kalau sekarang gmn sama kondisi jaringan IndiHome-nya Kak? Yuk infoin ke mimin detailnya -Draken","1934921824879694242","","SandhikaTian","in","","0","0","0","https://x.com/undefined/status/1934921824879694242","1075673058931806208",
"1934811155303944691","Tue Jun 17 10:29:11 +0000 2025","0","@bebekbekuw Perlu di lakukan pengecekan kendalanya dulu ya Kak @bebekbekuw. Kalo sekarang gimana kondisi jaringannya Kak? -Caris","1934921256639582330","","bebekbekuw","in","","0","0","0","https://x.com/undefined/status/1934921256639582330","1075673058931806208",
"1934865884105068698","Tue Jun 17 10:28:42 +0000 2025","0","@cattoluf Huhu maafin Kakk. Kurang optimalnya saat akses apa saja Kak? Yuk infoin detailnya -Draken","1934921134115574171","","cattoluf","in","","0","1","0","https://x.com/undefined/status/1934921134115574171","1075673058931806208",
"1934798932229619959","Tue Jun 17 10:27:15 +0000 2025","0","@busanbbys7 Kalau sekarang sudah bisa digunakan lagi blm nih layanan IndiHome-nya Kak? -Draken","1934920770398126246","","busanbbys7","in","","0","0","0","https://x.com/undefined/status/1934920770398126246","1075673058931806208",
"1934766515523592535","Tue Jun 17 10:21:45 +0000 2025","0","@andriyantolkmn Maaf yaa. Caris cek Kak @andriyantolkmn udah konfirmasi via DM mohon ditunggu interaksi selanjutnya di DM untuk dibantu cek lebih lanjut ya. Makasih -Caris","1934919387812909532","","andriyantolkmn","in","","0","0","0","https://x.com/undefined/status/1934919387812909532","1075673058931806208",
"1934766515523592535","Tue Jun 17 10:18:34 +0000 2025","0","@IndiHome Masih belom normal ini udh 12 jam","1934918584045846991","","IndiHome","in","","0","1","0","https://x.com/undefined/status/1934918584045846991","288853006",
"1934914158560202860","Tue Jun 17 10:16:19 +0000 2025","0","@loaflbeaars Kak IndiHomenya kenapa? Cuzz DM mimin agar dibantu cek lebih lanjut -Indah","1934918017437352217","","loaflbeaars","in","","0","0","0","https://x.com/undefined/status/1934918017437352217","1075673058931806208",
"1934917717968212012","Tue Jun 17 10:15:07 +0000 2025","0","@IndiHome cek dm ini internet nya gabisaaaaaa","1934917717968212012","","IndiHome","in","","0","1","0","https://x.com/undefined/status/1934917717968212012","913436380146974725",
"1934916501016072582","Tue Jun 17 10:10:17 +0000 2025","0","@IndiHome cek dm min","1934916501016072582","","IndiHome","in","","0","1","0","https://x.com/undefined/status/1934916501016072582","1600183382352179200",
"1934916470909383115","Tue Jun 17 10:10:10 +0000 2025","0","@IndiHomeCare @IndiHome cek dm ya tolong bgttttttt udah aku kirim nomor internet dlll segala macam jd tlg cepet","1934916470909383115","","IndiHomeCare","in","","0","0","0","https://x.com/undefined/status/1934916470909383115","1247900091320393733",
"1934915490604044706","Tue Jun 17 10:06:16 +0000 2025","0","@IndiHomeCare @IndiHome tlg cek dm dong internet gw ilang ni kaga bs dipake drtd cpt huah emosi ni","1934915490604044706","","IndiHomeCare","in","","0","1","0","https://x.com/undefined/status/1934915490604044706","1247900091320393733",
"1934914712019587269","Tue Jun 17 10:03:10 +0000 2025","0","AAAAAARRRRGGHHHH SEBELL INDIHOME EEK BANGET","1934914712019587269","","","in","","0","0","0","https://x.com/undefined/status/1934914712019587269","2289775982",
"1933450014413431178","Tue Jun 17 10:02:54 +0000 2025","0","@IniMinNeo A. Bayar tagihan Indihome #GiveawayIndihomeBorneo #IndiHomeBorneo @eadged @luvbtsonly @veaxed","1934914644990419057","","IniMinNeo","in","","0","0","0","https://x.com/undefined/status/1934914644990419057","865189005792395264",
"1934902072870408399","Tue Jun 17 10:02:42 +0000 2025","0","@_bembenx_ @IndiHome @IndiHomeCare syulittt","1934914594566492538","","_bembenx_","in","","0","0","0","https://x.com/undefined/status/1934914594566492538","102064371",
"1934914158560202860","Tue Jun 17 10:00:59 +0000 2025","0","benar² ya Indihome ","1934914158560202860","","","in","","0","1","0","https://x.com/undefined/status/1934914158560202860","1638946815298134016",
"1934906445881135304","Tue Jun 17 09:55:59 +0000 2025","0","@IndiHome Banyak apaan? Yang make cuman satu doang dari pagi.","1934912902907281907","","IndiHome","in","","0","1","0","https://x.com/undefined/status/1934912902907281907","1904064701727985664",
"1934908024323494122","Tue Jun 17 09:55:59 +0000 2025","0","@IndiHome Saya udah balas Dm nya","1934912900319334818","","IndiHome","in","","0","1","0","https://x.com/undefined/status/1934912900319334818","71408943",
"1934912690268590488","Tue Jun 17 09:55:08 +0000 2025","0","@IndiHome cek dm ya kak tadi pagi sebenernya sudah tidak loss tapi barusan loss lagi","1934912690268590488","","IndiHome","in","","0","1","0","https://x.com/undefined/status/1934912690268590488","1324283084632567808",
"1934826249563820186","Tue Jun 17 09:54:52 +0000 2025","0","@jessforjoasa @IndiHome Halo ka aku dari mncplay/hifi Mau aku bantu ka buat ganti wifi nya Harga nya mulai dari 200rban aja loh Tanya tanya boleh dm ya","1934912621435875637","","jessforjoasa","in","","0","0","0","https://x.com/undefined/status/1934912621435875637","181960184",
"1934911734143459601","Tue Jun 17 09:54:15 +0000 2025","0","@hearteujjang Maaf Kak @hearteujjang :( terkait berhenti berlangganan Nesya cek udah ada interaksi di DM. Boleh lanjutkan interaksinya -Nesya","1934912467618156697","","hearteujjang","in","","0","0","0","https://x.com/undefined/status/1934912467618156697","1075673058931806208",
"1934906445881135304","Tue Jun 17 09:51:39 +0000 2025","0","@Noctisyn Maaf Kak Jaringan internet yang lambat bisa disebabkan oleh banyaknya device yg terhubung Pengecekan lebih lanjut akan mimin bantu yuk DM nomor internetnya -Indah","1934911812383986076","","Noctisyn","in","","0","1","0","https://x.com/undefined/status/1934911812383986076","1075673058931806208",
"1934911734143459601","Tue Jun 17 09:51:20 +0000 2025","0","@IndiHome minta form pencabutan internet","1934911734143459601","","IndiHome","in","","0","1","0","https://x.com/undefined/status/1934911734143459601","746469060758560768",
"1934908449898562039","Tue Jun 17 09:48:37 +0000 2025","0","@nanovi1101 Siap Kak Maafin ya dicek jaringan IndiHomenya terpantau kurang stabil. Mimin bantu refresh jaringannya prosesnya membuat koneksi off selama beberapa saat. Jika berkenan bisa konfirmasi ke DM akun ini karena saat ini penanganan keluhan hanya melalui akun @IndiHome :) -Indah","1934911050245394708","","nanovi1101","in","","0","0","0","https://x.com/undefined/status/1934911050245394708","1075673058931806208",
"1934902072870408399","Tue Jun 17 09:48:30 +0000 2025","0","@ManukKobong @IndiHome @IndiHomeCare ono kuotane nek luweh dadi lemot https://t.co/OKHeIKJlU5","1934911017559158854","https://pbs.twimg.com/media/GtovKxmbwAAt9_K.jpg","ManukKobong","in","","0","1","0","https://x.com/undefined/status/1934911017559158854","201189280",
"1934908024323494122","Tue Jun 17 09:45:21 +0000 2025","0","@bimoheryprabowo Kak Bimo DMnya sudah mimin cek ya. Penanganan awal bisa dipastikan kabel patchcord sudah terpasang dengan benar &amp; kencang. Jika masih terkendala bisa konfirmasi kembali melalui DM akun ini. Karena saat ini penanganan keluhan hanya melalui akun @IndiHome -Indah","1934910225284518206","","bimoheryprabowo","in","","0","2","0","https://x.com/undefined/status/1934910225284518206","1075673058931806208",
"1934909718054744069","Tue Jun 17 09:43:20 +0000 2025","0","Min ini lagi down banget kh? @IndiHome @IndiHomeCare https://t.co/GuJ5p4kKuT","1934909718054744069","https://pbs.twimg.com/media/GtouG3Wa0AE4Ehx.jpg","","in","","0","1","0","https://x.com/undefined/status/1934909718054744069","1485254746416238595",
"1934907858916880585","Tue Jun 17 09:42:50 +0000 2025","0","@xdaillenx Hai Kak Helen Maaf sudah ganggu aktivitasnya guna dicek lebih lanjut DM nomor internetnya ke akun ini ya. Saat ini Kami menangani keluhan permintaan atau seputar informasi hanya melalui akun @IndiHome :) -Indah","1934909592867324386","","xdaillenx","in","","0","0","0","https://x.com/undefined/status/1934909592867324386","1075673058931806208",
"1934902925635334338","Tue Jun 17 09:40:51 +0000 2025","1","@nazifahaini_ Siap Maaf ya Kak Aini. Udah pastiin kabel patchcordnya terpasang dengan benar &amp; kencang? Jika tidak ada perubahan infoin mimin kembali melalui akun ini ya. Saat ini Kami menangani keluhan permintaan atau seputar informasi hanya melalui akun @IndiHome :) -Indah","1934909095104139657","","nazifahaini_","in","","0","1","0","https://x.com/undefined/status/1934909095104139657","1075673058931806208",
"1934908925712977980","Tue Jun 17 09:40:11 +0000 2025","0","@IndiHome cek dm min","1934908925712977980","","IndiHome","in","","0","1","0","https://x.com/undefined/status/1934908925712977980","1744751922492645376",
"1934417720021492092","Tue Jun 17 09:39:17 +0000 2025","0","@IndiHome done udah tak dm please fast nggeh","1934908697723158580","","IndiHome","in","","0","1","0","https://x.com/undefined/status/1934908697723158580","626746752",
"1934902287933296779","Tue Jun 17 09:38:59 +0000 2025","0","@adigunawan711 Siap Kak Adi Sebelumnya maaf sudah ganggu aktivitas Kakak. Jaringan IndiHomenya sudah mimin refresh silakan dicoba kembali. Kedepannya jika memerlukan informasi atau penanganan IndiHome bisa menghubungi akun @IndiHome ya :) -Indah","1934908623240737050","","adigunawan711","in","","0","0","0","https://x.com/undefined/status/1934908623240737050","1075673058931806208",
"1934901429963203037","Tue Jun 17 09:34:59 +0000 2025","0","@irawroar Lapornya bisa lewat DM @IndiHome ya Kak Ira. Sebelumnya sudah dipastikan jumlah device yang terhubungnya tidak melebihi batas optimum Kak? -Indah","1934907619241841050","","irawroar","in","","0","0","0","https://x.com/undefined/status/1934907619241841050","1075673058931806208",
"1934906445881135304","Tue Jun 17 09:30:20 +0000 2025","0","Lama-lama gua cabut juga geh ini IndiHome.","1934906445881135304","","","in","","0","1","0","https://x.com/undefined/status/1934906445881135304","1904064701727985664",
"1934897207607775444","Tue Jun 17 09:28:41 +0000 2025","0","@minsepai Maafin ya Kak sebelumnya Kakak buat laporan via apa? Yuk infoin nomor internetnya ke DM @IndiHome biar mimin bantu cek dan follow up lebih lanjut -Indah","1934906031483834815","","minsepai","in","","0","0","0","https://x.com/undefined/status/1934906031483834815","1075673058931806208",
"1934905509167202679","Tue Jun 17 09:26:36 +0000 2025","0","@IndiHome Selamat sore Gangguan indihome dg no 111733106161 dari tadi siang. Mohon tindak lanjut segera","1934905509167202679","","IndiHome","in","","0","0","0","https://x.com/undefined/status/1934905509167202679","79629778",
"1934896554030321886","Tue Jun 17 09:24:25 +0000 2025","0","@IndiHome Modem di depan mata kak. Lg wfh modem 2 meter nih. Sudah di DM juga","1934904957083545764","","IndiHome","in","","0","0","0","https://x.com/undefined/status/1934904957083545764","1526604260",
"1934896554030321886","Tue Jun 17 09:21:13 +0000 2025","0","@adzaleasubroto Maafin Kak Jarak dari modem sama devicenya jauh kah? Yuk infoin ke DM mimin. Saat ini Kami hanya menangani keluhan permintaan atau seputar informasi layanan IndiHome hanya melalui akun @IndiHome :) -Indah","1934904153748459719","","adzaleasubroto","in","","0","1","0","https://x.com/undefined/status/1934904153748459719","1075673058931806208",
"1934894177650921598","Tue Jun 17 09:18:13 +0000 2025","0","@IndiHome min in this economy wifimu muahal dan masa lemot terus sieeee :( nonton yt 1080p aja loading sad sad T____T","1934903399864258781","","IndiHome","in","","0","1","0","https://x.com/undefined/status/1934903399864258781","1048206269599768576",
"1934890130285949417","Tue Jun 17 09:17:48 +0000 2025","0","@Telkomsel Kabel wifi saya putus sampai skrg tlp dan wifi gabisa di gunakan rugi bgt bayar full tp 2 hari ini masih gada jg teknisi yg dtg. Saya sdh langsung japril org indihome dilapangan karna laporan kesini lama bgt di tanggapinnya!","1934903292989165792","","Telkomsel","in","","0","1","0","https://x.com/undefined/status/1934903292989165792","271899448",
"1934903050164109778","Tue Jun 17 09:17:31 +0000 2025","0","@iachooooow Sudah pastikan device terhubungnya engga kebanyakan atau melebihi batas optimum Kak? -Indah","1934903221572849961","","iachooooow","in","","0","0","0","https://x.com/undefined/status/1934903221572849961","1075673058931806208",
"1934903050164109778","Tue Jun 17 09:16:50 +0000 2025","0","TAIII AKHIR AKHIR INI TELKOMSEL SM INDIHOME KNPP SIHH ILANG ILANGAN MULU SINYALNYA","1934903050164109778","","","in","","0","1","0","https://x.com/undefined/status/1934903050164109778","1297914512293519361",
"1934901595210437044","Tue Jun 17 09:16:48 +0000 2025","0","@CibuburCwgStrl Kak IndiHomenya kenapa? Apakah lampu PON/LOS-nya berkedip merah kah? Lambat? Apa putus-putus Kak? -Indah","1934903039695220892","","CibuburCwgStrl","in","","0","1","0","https://x.com/undefined/status/1934903039695220892","1075673058931806208",
"1934902508641743024","Tue Jun 17 09:14:41 +0000 2025","0","@IndiHome tolong baca dm min terima kasih","1934902508641743024","","IndiHome","in","","0","1","0","https://x.com/undefined/status/1934902508641743024","806024862900719617",
"1934793036539851219","Tue Jun 17 09:14:16 +0000 2025","0","@ariefbsusilo Kak Giyuu permintaannya Caris cek udah di bantu respon via DM. Mohon di pertimbangkan kembali ya Kak. -Caris","1934902404782395738","","ariefbsusilo","in","","0","0","0","https://x.com/undefined/status/1934902404782395738","1075673058931806208",
"1934902072870408399","Tue Jun 17 09:12:57 +0000 2025","0","lemot tenan loh iki @IndiHome @IndiHomeCare","1934902072870408399","","","in","","0","2","0","https://x.com/undefined/status/1934902072870408399","102064371",
"1934586456783331796","Tue Jun 17 09:11:45 +0000 2025","0","@IrhamArrazzaq Kak @IrhamArrazzaq maaf banget yaa. Caris cek laporannya udah di bantu respon melalui DM. Interaksinya bisa lanjut di DM ya Kak. -Caris","1934901771153100964","","IrhamArrazzaq","in","","0","0","0","https://x.com/undefined/status/1934901771153100964","1075673058931806208",
"1934901032490029110","Tue Jun 17 09:08:49 +0000 2025","0","@IndiHome kenapa jaringannya lemot bgt????","1934901032490029110","","IndiHome","in","","0","1","0","https://x.com/undefined/status/1934901032490029110","1863601910399582208",
"1934882271854776493","Tue Jun 17 09:05:48 +0000 2025","0","@IndiHome Cek DM Kak","1934900272473755969","","IndiHome","in","","0","1","0","https://x.com/undefined/status/1934900272473755969","1712911106778480640",
"1934896486879502485","Tue Jun 17 09:04:31 +0000 2025","0","@kei_lium Tenang Kak mimin di sini buat bantu Kakak yuk ceritain detail kendalanya -Indah","1934899951211040788","","kei_lium","in","","0","0","0","https://x.com/undefined/status/1934899951211040788","1075673058931806208",
"1934898722921759125","Tue Jun 17 08:59:38 +0000 2025","0","off dulu geys bentar wifi mati woi tolonkkkk lg wfh kenapa malah error @IndiHome","1934898722921759125","","","in","","0","2","0","https://x.com/undefined/status/1934898722921759125","1373078232111616000",
"1934846081432736227","Tue Jun 17 08:58:21 +0000 2025","0","@aoorey Maaf banget ya Kak Keira kendalanya bisa disebabkan jaringan yg gak stabil. Tapi sekarang koneksinya udah aman kan Kak? -Caris","1934898397812842721","","aoorey","in","","0","0","0","https://x.com/undefined/status/1934898397812842721","1075673058931806208",
"1934886760208847185","Tue Jun 17 08:54:49 +0000 2025","0","@IndiHome D 1-N5zvwbt tu nomer pengaduan p","1934897510348452300","","IndiHome","in","","0","1","0","https://x.com/undefined/status/1934897510348452300","1392883997630369794",
